#
# A fatal error has been detected by the Java Runtime Environment:
#
#  EXCEPTION_ACCESS_VIOLATION (0xc0000005) at pc=0x00007ffa0152c150, pid=25852, tid=24708
#
# JRE version: Java(TM) SE Runtime Environment (17.0.12+8) (build 17.0.12+8-LTS-286)
# Java VM: Java HotSpot(TM) 64-Bit Server VM (17.0.12+8-LTS-286, mixed mode, sharing, tiered, compressed oops, compressed class ptrs, g1 gc, windows-amd64)
# Problematic frame:
# V  [jvm.dll+0xc150]
#
# No core dump will be written. Minidumps are not enabled by default on client versions of Windows
#
# If you would like to submit a bug report, please visit:
#   https://bugreport.java.com/bugreport/crash.jsp
#

---------------  S U M M A R Y ------------

Command Line: -javaagent:D:\software\idea\IntelliJ IDEA 2024.3\lib\idea_rt.jar=50116:D:\software\idea\IntelliJ IDEA 2024.3\bin -Dfile.encoding=UTF-8 com.express.servermanagertool.Launcher

Host: 11th Gen Intel(R) Core(TM) i5-11320H @ 3.20GHz, 8 cores, 15G,  Windows 11 , 64 bit Build 26100 (10.0.26100.8246)
Time: Thu Apr 30 22:47:55 2026  Windows 11 , 64 bit Build 26100 (10.0.26100.8246) elapsed time: 28.576556 seconds (0d 0h 0m 28s)

---------------  T H R E A D  ---------------

Current thread (0x000001e0500a3db0):  JavaThread "JavaFX Application Thread" [_thread_in_vm, id=24708, stack(0x0000000ba8800000,0x0000000ba8900000)]

Stack: [0x0000000ba8800000,0x0000000ba8900000],  sp=0x0000000ba8810098,  free space=64k
Native frames: (J=compiled Java code, j=interpreted, Vv=VM code, C=native code)
V  [jvm.dll+0xc150]

Java frames: (J=compiled Java code, j=interpreted, Vv=VM code)
j  com.sun.glass.ui.win.WinApplication._enterNestedEventLoopImpl()Ljava/lang/Object;+0
j  com.sun.glass.ui.win.WinApplication._enterNestedEventLoop()Ljava/lang/Object;+15
j  com.sun.glass.ui.Application.enterNestedEventLoop()Ljava/lang/Object;+14
j  com.sun.glass.ui.EventLoop.enter()Ljava/lang/Object;+42
j  com.sun.javafx.tk.quantum.QuantumToolkit.enterNestedEventLoop(Ljava/lang/Object;)Ljava/lang/Object;+98
j  javafx.stage.Stage.showAndWait()V+93
j  javafx.scene.control.HeavyweightDialog.showAndWait()V+22
j  javafx.scene.control.Dialog.showAndWait()Ljava/util/Optional;+86
j  com.express.servermanagertool.ui.RemoteFileBrowser.showError(Ljava/lang/String;)V+15
j  com.express.servermanagertool.ui.RemoteFileBrowser.lambda$loadDirectory$27(Ljava/lang/Exception;)V+10
j  com.express.servermanagertool.ui.RemoteFileBrowser$$Lambda$939+0x000001e00b39cf28.run()V+8
J 6707 c1 com.sun.javafx.application.PlatformImpl$$Lambda$180+0x000001e00b116a08.run()Ljava/lang/Object; (8 bytes) @ 0x000001e06e0d9c84 [0x000001e06e0d9b40+0x0000000000000144]
J 6240 c1 com.sun.javafx.application.PlatformImpl.lambda$runLater$11(Ljava/lang/Runnable;Ljava/security/AccessControlContext;)V (41 bytes) @ 0x000001e06dcc8b7c [0x000001e06dcc85a0+0x00000000000005dc]
J 6239 c1 com.sun.javafx.application.PlatformImpl$$Lambda$179+0x000001e00b113640.run()V (12 bytes) @ 0x000001e06da581a4 [0x000001e06da58120+0x0000000000000084]
J 2931 c1 com.sun.glass.ui.InvokeLaterDispatcher$Future.run()V (91 bytes) @ 0x000001e06d968a94 [0x000001e06d968980+0x0000000000000114]
v  ~StubRoutines::call_stub
j  com.sun.glass.ui.win.WinApplication._enterNestedEventLoopImpl()Ljava/lang/Object;+0
j  com.sun.glass.ui.win.WinApplication._enterNestedEventLoop()Ljava/lang/Object;+15
j  com.sun.glass.ui.Application.enterNestedEventLoop()Ljava/lang/Object;+14
j  com.sun.glass.ui.EventLoop.enter()Ljava/lang/Object;+42
j  com.sun.javafx.tk.quantum.QuantumToolkit.enterNestedEventLoop(Ljava/lang/Object;)Ljava/lang/Object;+98
j  javafx.stage.Stage.showAndWait()V+93
j  javafx.scene.control.HeavyweightDialog.showAndWait()V+22
j  javafx.scene.control.Dialog.showAndWait()Ljava/util/Optional;+86
j  com.express.servermanagertool.ui.RemoteFileBrowser.showError(Ljava/lang/String;)V+15
j  com.express.servermanagertool.ui.RemoteFileBrowser.lambda$loadDirectory$27(Ljava/lang/Exception;)V+10
j  com.express.servermanagertool.ui.RemoteFileBrowser$$Lambda$939+0x000001e00b39cf28.run()V+8
J 6707 c1 com.sun.javafx.application.PlatformImpl$$Lambda$180+0x000001e00b116a08.run()Ljava/lang/Object; (8 bytes) @ 0x000001e06e0d9c84 [0x000001e06e0d9b40+0x0000000000000144]
J 6240 c1 com.sun.javafx.application.PlatformImpl.lambda$runLater$11(Ljava/lang/Runnable;Ljava/security/AccessControlContext;)V (41 bytes) @ 0x000001e06dcc8b7c [0x000001e06dcc85a0+0x00000000000005dc]
J 6239 c1 com.sun.javafx.application.PlatformImpl$$Lambda$179+0x000001e00b113640.run()V (12 bytes) @ 0x000001e06da581a4 [0x000001e06da58120+0x0000000000000084]
J 2931 c1 com.sun.glass.ui.InvokeLaterDispatcher$Future.run()V (91 bytes) @ 0x000001e06d968a94 [0x000001e06d968980+0x0000000000000114]
v  ~StubRoutines::call_stub
j  com.sun.glass.ui.win.WinApplication._enterNestedEventLoopImpl()Ljava/lang/Object;+0
j  com.sun.glass.ui.win.WinApplication._enterNestedEventLoop()Ljava/lang/Object;+15
j  com.sun.glass.ui.Application.enterNestedEventLoop()Ljava/lang/Object;+14
j  com.sun.glass.ui.EventLoop.enter()Ljava/lang/Object;+42
j  com.sun.javafx.tk.quantum.QuantumToolkit.enterNestedEventLoop(Ljava/lang/Object;)Ljava/lang/Object;+98
j  javafx.stage.Stage.showAndWait()V+93
j  javafx.scene.control.HeavyweightDialog.showAndWait()V+22
j  javafx.scene.control.Dialog.showAndWait()Ljava/util/Optional;+86
j  com.express.servermanagertool.ui.RemoteFileBrowser.showError(Ljava/lang/String;)V+15
j  com.express.servermanagertool.ui.RemoteFileBrowser.lambda$loadDirectory$27(Ljava/lang/Exception;)V+10
j  com.express.servermanagertool.ui.RemoteFileBrowser$$Lambda$939+0x000001e00b39cf28.run()V+8
J 6707 c1 com.sun.javafx.application.PlatformImpl$$Lambda$180+0x000001e00b116a08.run()Ljava/lang/Object; (8 bytes) @ 0x000001e06e0d9c84 [0x000001e06e0d9b40+0x0000000000000144]
J 6240 c1 com.sun.javafx.application.PlatformImpl.lambda$runLater$11(Ljava/lang/Runnable;Ljava/security/AccessControlContext;)V (41 bytes) @ 0x000001e06dcc8b7c [0x000001e06dcc85a0+0x00000000000005dc]
J 6239 c1 com.sun.javafx.application.PlatformImpl$$Lambda$179+0x000001e00b113640.run()V (12 bytes) @ 0x000001e06da581a4 [0x000001e06da58120+0x0000000000000084]
J 2931 c1 com.sun.glass.ui.InvokeLaterDispatcher$Future.run()V (91 bytes) @ 0x000001e06d968a94 [0x000001e06d968980+0x0000000000000114]
v  ~StubRoutines::call_stub
j  com.sun.glass.ui.win.WinApplication._enterNestedEventLoopImpl()Ljava/lang/Object;+0
j  com.sun.glass.ui.win.WinApplication._enterNestedEventLoop()Ljava/lang/Object;+15
j  com.sun.glass.ui.Application.enterNestedEventLoop()Ljava/lang/Object;+14
j  com.sun.glass.ui.EventLoop.enter()Ljava/lang/Object;+42
j  com.sun.javafx.tk.quantum.QuantumToolkit.enterNestedEventLoop(Ljava/lang/Object;)Ljava/lang/Object;+98
j  javafx.stage.Stage.showAndWait()V+93
j  javafx.scene.control.HeavyweightDialog.showAndWait()V+22
j  javafx.scene.control.Dialog.showAndWait()Ljava/util/Optional;+86
j  com.express.servermanagertool.ui.RemoteFileBrowser.showError(Ljava/lang/String;)V+15
j  com.express.servermanagertool.ui.RemoteFileBrowser.lambda$loadDirectory$27(Ljava/lang/Exception;)V+10
j  com.express.servermanagertool.ui.RemoteFileBrowser$$Lambda$939+0x000001e00b39cf28.run()V+8
J 6707 c1 com.sun.javafx.application.PlatformImpl$$Lambda$180+0x000001e00b116a08.run()Ljava/lang/Object; (8 bytes) @ 0x000001e06e0d9c84 [0x000001e06e0d9b40+0x0000000000000144]
J 6240 c1 com.sun.javafx.application.PlatformImpl.lambda$runLater$11(Ljava/lang/Runnable;Ljava/security/AccessControlContext;)V (41 bytes) @ 0x000001e06dcc8b7c [0x000001e06dcc85a0+0x00000000000005dc]
J 6239 c1 com.sun.javafx.application.PlatformImpl$$Lambda$179+0x000001e00b113640.run()V (12 bytes) @ 0x000001e06da581a4 [0x000001e06da58120+0x0000000000000084]
J 2931 c1 com.sun.glass.ui.InvokeLaterDispatcher$Future.run()V (91 bytes) @ 0x000001e06d968a94 [0x000001e06d968980+0x0000000000000114]
v  ~StubRoutines::call_stub
j  com.sun.glass.ui.win.WinApplication._enterNestedEventLoopImpl()Ljava/lang/Object;+0
j  com.sun.glass.ui.win.WinApplication._enterNestedEventLoop()Ljava/lang/Object;+15
j  com.sun.glass.ui.Application.enterNestedEventLoop()Ljava/lang/Object;+14
j  com.sun.glass.ui.EventLoop.enter()Ljava/lang/Object;+42
j  com.sun.javafx.tk.quantum.QuantumToolkit.enterNestedEventLoop(Ljava/lang/Object;)Ljava/lang/Object;+98
j  javafx.stage.Stage.showAndWait()V+93
j  javafx.scene.control.HeavyweightDialog.showAndWait()V+22
j  javafx.scene.control.Dialog.showAndWait()Ljava/util/Optional;+86
j  com.express.servermanagertool.ui.RemoteFileBrowser.showError(Ljava/lang/String;)V+15
j  com.express.servermanagertool.ui.RemoteFileBrowser.lambda$loadDirectory$27(Ljava/lang/Exception;)V+10
j  com.express.servermanagertool.ui.RemoteFileBrowser$$Lambda$939+0x000001e00b39cf28.run()V+8
J 6707 c1 com.sun.javafx.application.PlatformImpl$$Lambda$180+0x000001e00b116a08.run()Ljava/lang/Object; (8 bytes) @ 0x000001e06e0d9c84 [0x000001e06e0d9b40+0x0000000000000144]
J 6240 c1 com.sun.javafx.application.PlatformImpl.lambda$runLater$11(Ljava/lang/Runnable;Ljava/security/AccessControlContext;)V (41 bytes) @ 0x000001e06dcc8b7c [0x000001e06dcc85a0+0x00000000000005dc]
J 6239 c1 com.sun.javafx.application.PlatformImpl$$Lambda$179+0x000001e00b113640.run()V (12 bytes) @ 0x000001e06da581a4 [0x000001e06da58120+0x0000000000000084]
J 2931 c1 com.sun.glass.ui.InvokeLaterDispatcher$Future.run()V (91 bytes) @ 0x000001e06d968a94 [0x000001e06d968980+0x0000000000000114]
v  ~StubRoutines::call_stub
j  com.sun.glass.ui.win.WinApplication._enterNestedEventLoopImpl()Ljava/lang/Object;+0
j  com.sun.glass.ui.win.WinApplication._enterNestedEventLoop()Ljava/lang/Object;+15
j  com.sun.glass.ui.Application.enterNestedEventLoop()Ljava/lang/Object;+14
j  com.sun.glass.ui.EventLoop.enter()Ljava/lang/Object;+42
j  com.sun.javafx.tk.quantum.QuantumToolkit.enterNestedEventLoop(Ljava/lang/Object;)Ljava/lang/Object;+98
j  javafx.stage.Stage.showAndWait()V+93
j  javafx.scene.control.HeavyweightDialog.showAndWait()V+22
j  javafx.scene.control.Dialog.showAndWait()Ljava/util/Optional;+86
j  com.express.servermanagertool.ui.RemoteFileBrowser.showError(Ljava/lang/String;)V+15
j  com.express.servermanagertool.ui.RemoteFileBrowser.lambda$loadDirectory$27(Ljava/lang/Exception;)V+10
j  com.express.servermanagertool.ui.RemoteFileBrowser$$Lambda$939+0x000001e00b39cf28.run()V+8
J 6707 c1 com.sun.javafx.application.PlatformImpl$$Lambda$180+0x000001e00b116a08.run()Ljava/lang/Object; (8 bytes) @ 0x000001e06e0d9c84 [0x000001e06e0d9b40+0x0000000000000144]
J 6240 c1 com.sun.javafx.application.PlatformImpl.lambda$runLater$11(Ljava/lang/Runnable;Ljava/security/AccessControlContext;)V (41 bytes) @ 0x000001e06dcc8b7c [0x000001e06dcc85a0+0x00000000000005dc]
J 6239 c1 com.sun.javafx.application.PlatformImpl$$Lambda$179+0x000001e00b113640.run()V (12 bytes) @ 0x000001e06da581a4 [0x000001e06da58120+0x0000000000000084]
J 2931 c1 com.sun.glass.ui.InvokeLaterDispatcher$Future.run()V (91 bytes) @ 0x000001e06d968a94 [0x000001e06d968980+0x0000000000000114]
v  ~StubRoutines::call_stub
j  com.sun.glass.ui.win.WinApplication._enterNestedEventLoopImpl()Ljava/lang/Object;+0
j  com.sun.glass.ui.win.WinApplication._enterNestedEventLoop()Ljava/lang/Object;+15
j  com.sun.glass.ui.Application.enterNestedEventLoop()Ljava/lang/Object;+14
j  com.sun.glass.ui.EventLoop.enter()Ljava/lang/Object;+42
j  com.sun.javafx.tk.quantum.QuantumToolkit.enterNestedEventLoop(Ljava/lang/Object;)Ljava/lang/Object;+98
j  javafx.stage.Stage.showAndWait()V+93
j  javafx.scene.control.HeavyweightDialog.showAndWait()V+22
j  javafx.scene.control.Dialog.showAndWait()Ljava/util/Optional;+86
j  com.express.servermanagertool.ui.RemoteFileBrowser.showError(Ljava/lang/String;)V+15
j  com.express.servermanagertool.ui.RemoteFileBrowser.lambda$loadDirectory$27(Ljava/lang/Exception;)V+10
j  com.express.servermanagertool.ui.RemoteFileBrowser$$Lambda$939+0x000001e00b39cf28.run()V+8
J 6707 c1 com.sun.javafx.application.PlatformImpl$$Lambda$180+0x000001e00b116a08.run()Ljava/lang/Object; (8 bytes) @ 0x000001e06e0d9c84 [0x000001e06e0d9b40+0x0000000000000144]
J 6240 c1 com.sun.javafx.application.PlatformImpl.lambda$runLater$11(Ljava/lang/Runnable;Ljava/security/AccessControlContext;)V (41 bytes) @ 0x000001e06dcc8b7c [0x000001e06dcc85a0+0x00000000000005dc]
J 6239 c1 com.sun.javafx.application.PlatformImpl$$Lambda$179+0x000001e00b113640.run()V (12 bytes) @ 0x000001e06da581a4 [0x000001e06da58120+0x0000000000000084]
J 2931 c1 com.sun.glass.ui.InvokeLaterDispatcher$Future.run()V (91 bytes) @ 0x000001e06d968a94 [0x000001e06d968980+0x0000000000000114]
v  ~StubRoutines::call_stub
j  com.sun.glass.ui.win.WinApplication._enterNestedEventLoopImpl()Ljava/lang/Object;+0
j  com.sun.glass.ui.win.WinApplication._enterNestedEventLoop()Ljava/lang/Object;+15
j  com.sun.glass.ui.Application.enterNestedEventLoop()Ljava/lang/Object;+14
j  com.sun.glass.ui.EventLoop.enter()Ljava/lang/Object;+42
j  com.sun.javafx.tk.quantum.QuantumToolkit.enterNestedEventLoop(Ljava/lang/Object;)Ljava/lang/Object;+98
j  javafx.stage.Stage.showAndWait()V+93
j  javafx.scene.control.HeavyweightDialog.showAndWait()V+22
j  javafx.scene.control.Dialog.showAndWait()Ljava/util/Optional;+86
j  com.express.servermanagertool.ui.RemoteFileBrowser.showError(Ljava/lang/String;)V+15
j  com.express.servermanagertool.ui.RemoteFileBrowser.lambda$loadDirectory$27(Ljava/lang/Exception;)V+10
j  com.express.servermanagertool.ui.RemoteFileBrowser$$Lambda$939+0x000001e00b39cf28.run()V+8
J 6707 c1 com.sun.javafx.application.PlatformImpl$$Lambda$180+0x000001e00b116a08.run()Ljava/lang/Object; (8 bytes) @ 0x000001e06e0d9c84 [0x000001e06e0d9b40+0x0000000000000144]
J 6240 c1 com.sun.javafx.application.PlatformImpl.lambda$runLater$11(Ljava/lang/Runnable;Ljava/security/AccessControlContext;)V (41 bytes) @ 0x000001e06dcc8b7c [0x000001e06dcc85a0+0x00000000000005dc]
J 6239 c1 com.sun.javafx.application.PlatformImpl$$Lambda$179+0x000001e00b113640.run()V (12 bytes) @ 0x000001e06da581a4 [0x000001e06da58120+0x0000000000000084]
J 2931 c1 com.sun.glass.ui.InvokeLaterDispatcher$Future.run()V (91 bytes) @ 0x000001e06d968a94 [0x000001e06d968980+0x0000000000000114]
v  ~StubRoutines::call_stub
j  com.sun.glass.ui.win.WinApplication._enterNestedEventLoopImpl()Ljava/lang/Object;+0
j  com.sun.glass.ui.win.WinApplication._enterNestedEventLoop()Ljava/lang/Object;+15
j  com.sun.glass.ui.Application.enterNestedEventLoop()Ljava/lang/Object;+14
j  com.sun.glass.ui.EventLoop.enter()Ljava/lang/Object;+42
j  com.sun.javafx.tk.quantum.QuantumToolkit.enterNestedEventLoop(Ljava/lang/Object;)Ljava/lang/Object;+98
j  javafx.stage.Stage.showAndWait()V+93
j  javafx.scene.control.HeavyweightDialog.showAndWait()V+22
j  javafx.scene.control.Dialog.showAndWait()Ljava/util/Optional;+86
j  com.express.servermanagertool.ui.RemoteFileBrowser.showError(Ljava/lang/String;)V+15
j  com.express.servermanagertool.ui.RemoteFileBrowser.lambda$loadDirectory$27(Ljava/lang/Exception;)V+10
j  com.express.servermanagertool.ui.RemoteFileBrowser$$Lambda$939+0x000001e00b39cf28.run()V+8
J 6707 c1 com.sun.javafx.application.PlatformImpl$$Lambda$180+0x000001e00b116a08.run()Ljava/lang/Object; (8 bytes) @ 0x000001e06e0d9c84 [0x000001e06e0d9b40+0x0000000000000144]
J 6240 c1 com.sun.javafx.application.PlatformImpl.lambda$runLater$11(Ljava/lang/Runnable;Ljava/security/AccessControlContext;)V (41 bytes) @ 0x000001e06dcc8b7c [0x000001e06dcc85a0+0x00000000000005dc]
J 6239 c1 com.sun.javafx.application.PlatformImpl$$Lambda$179+0x000001e00b113640.run()V (12 bytes) @ 0x000001e06da581a4 [0x000001e06da58120+0x0000000000000084]
J 2931 c1 com.sun.glass.ui.InvokeLaterDispatcher$Future.run()V (91 bytes) @ 0x000001e06d968a94 [0x000001e06d968980+0x0000000000000114]
v  ~StubRoutines::call_stub
j  com.sun.glass.ui.win.WinApplication._enterNestedEventLoopImpl()Ljava/lang/Object;+0
j  com.sun.glass.ui.win.WinApplication._enterNestedEventLoop()Ljava/lang/Object;+15
j  com.sun.glass.ui.Application.enterNestedEventLoop()Ljava/lang/Object;+14
j  com.sun.glass.ui.EventLoop.enter()Ljava/lang/Object;+42
j  com.sun.javafx.tk.quantum.QuantumToolkit.enterNestedEventLoop(Ljava/lang/Object;)Ljava/lang/Object;+98
j  javafx.stage.Stage.showAndWait()V+93
j  javafx.scene.control.HeavyweightDialog.showAndWait()V+22
j  javafx.scene.control.Dialog.showAndWait()Ljava/util/Optional;+86
j  com.express.servermanagertool.ui.RemoteFileBrowser.showError(Ljava/lang/String;)V+15
j  com.express.servermanagertool.ui.RemoteFileBrowser.lambda$loadDirectory$27(Ljava/lang/Exception;)V+10
j  com.express.servermanagertool.ui.RemoteFileBrowser$$Lambda$939+0x000001e00b39cf28.run()V+8
J 6707 c1 com.sun.javafx.application.PlatformImpl$$Lambda$180+0x000001e00b116a08.run()Ljava/lang/Object; (8 bytes) @ 0x000001e06e0d9c84 [0x000001e06e0d9b40+0x0000000000000144]
J 6240 c1 com.sun.javafx.application.PlatformImpl.lambda$runLater$11(Ljava/lang/Runnable;Ljava/security/AccessControlContext;)V (41 bytes) @ 0x000001e06dcc8b7c [0x000001e06dcc85a0+0x00000000000005dc]
J 6239 c1 com.sun.javafx.application.PlatformImpl$$Lambda$179+0x000001e00b113640.run()V (12 bytes) @ 0x000001e06da581a4 [0x000001e06da58120+0x0000000000000084]
J 2931 c1 com.sun.glass.ui.InvokeLaterDispatcher$Future.run()V (91 bytes) @ 0x000001e06d968a94 [0x000001e06d968980+0x0000000000000114]
v  ~StubRoutines::call_stub
j  com.sun.glass.ui.win.WinApplication._enterNestedEventLoopImpl()Ljava/lang/Object;+0
j  com.sun.glass.ui.win.WinApplication._enterNestedEventLoop()Ljava/lang/Object;+15
j  com.sun.glass.ui.Application.enterNestedEventLoop()Ljava/lang/Object;+14
j  com.sun.glass.ui.EventLoop.enter()Ljava/lang/Object;+42
j  com.sun.javafx.tk.quantum.QuantumToolkit.enterNestedEventLoop(Ljava/lang/Object;)Ljava/lang/Object;+98
j  javafx.stage.Stage.showAndWait()V+93
j  javafx.scene.control.HeavyweightDialog.showAndWait()V+22
j  javafx.scene.control.Dialog.showAndWait()Ljava/util/Optional;+86
j  com.express.servermanagertool.ui.RemoteFileBrowser.showError(Ljava/lang/String;)V+15
j  com.express.servermanagertool.ui.RemoteFileBrowser.lambda$loadDirectory$27(Ljava/lang/Exception;)V+10
j  com.express.servermanagertool.ui.RemoteFileBrowser$$Lambda$939+0x000001e00b39cf28.run()V+8
J 6707 c1 com.sun.javafx.application.PlatformImpl$$Lambda$180+0x000001e00b116a08.run()Ljava/lang/Object; (8 bytes) @ 0x000001e06e0d9c84 [0x000001e06e0d9b40+0x0000000000000144]
J 6240 c1 com.sun.javafx.application.PlatformImpl.lambda$runLater$11(Ljava/lang/Runnable;Ljava/security/AccessControlContext;)V (41 bytes) @ 0x000001e06dcc8b7c [0x000001e06dcc85a0+0x00000000000005dc]
J 6239 c1 com.sun.javafx.application.PlatformImpl$$Lambda$179+0x000001e00b113640.run()V (12 bytes) @ 0x000001e06da581a4 [0x000001e06da58120+0x0000000000000084]
J 2931 c1 com.sun.glass.ui.InvokeLaterDispatcher$Future.run()V (91 bytes) @ 0x000001e06d968a94 [0x000001e06d968980+0x0000000000000114]
v  ~StubRoutines::call_stub
j  com.sun.glass.ui.win.WinApplication._enterNestedEventLoopImpl()Ljava/lang/Object;+0
j  com.sun.glass.ui.win.WinApplication._enterNestedEventLoop()Ljava/lang/Object;+15
j  com.sun.glass.ui.Application.enterNestedEventLoop()Ljava/lang/Object;+14
j  com.sun.glass.ui.EventLoop.enter()Ljava/lang/Object;+42
j  com.sun.javafx.tk.quantum.QuantumToolkit.enterNestedEventLoop(Ljava/lang/Object;)Ljava/lang/Object;+98
j  javafx.stage.Stage.showAndWait()V+93
j  javafx.scene.control.HeavyweightDialog.showAndWait()V+22
j  javafx.scene.control.Dialog.showAndWait()Ljava/util/Optional;+86
j  com.express.servermanagertool.ui.RemoteFileBrowser.showError(Ljava/lang/String;)V+15
j  com.express.servermanagertool.ui.RemoteFileBrowser.lambda$loadDirectory$27(Ljava/lang/Exception;)V+10
j  com.express.servermanagertool.ui.RemoteFileBrowser$$Lambda$939+0x000001e00b39cf28.run()V+8
J 6707 c1 com.sun.javafx.application.PlatformImpl$$Lambda$180+0x000001e00b116a08.run()Ljava/lang/Object; (8 bytes) @ 0x000001e06e0d9c84 [0x000001e06e0d9b40+0x0000000000000144]
J 6240 c1 com.sun.javafx.application.PlatformImpl.lambda$runLater$11(Ljava/lang/Runnable;Ljava/security/AccessControlContext;)V (41 bytes) @ 0x000001e06dcc8b7c [0x000001e06dcc85a0+0x00000000000005dc]
J 6239 c1 com.sun.javafx.application.PlatformImpl$$Lambda$179+0x000001e00b113640.run()V (12 bytes) @ 0x000001e06da581a4 [0x000001e06da58120+0x0000000000000084]
J 2931 c1 com.sun.glass.ui.InvokeLaterDispatcher$Future.run()V (91 bytes) @ 0x000001e06d968a94 [0x000001e06d968980+0x0000000000000114]
v  ~StubRoutines::call_stub
j  com.sun.glass.ui.win.WinApplication._enterNestedEventLoopImpl()Ljava/lang/Object;+0
j  com.sun.glass.ui.win.WinApplication._enterNestedEventLoop()Ljava/lang/Object;+15
j  com.sun.glass.ui.Application.enterNestedEventLoop()Ljava/lang/Object;+14
j  com.sun.glass.ui.EventLoop.enter()Ljava/lang/Object;+42
j  com.sun.javafx.tk.quantum.QuantumToolkit.enterNestedEventLoop(Ljava/lang/Object;)Ljava/lang/Object;+98
j  javafx.stage.Stage.showAndWait()V+93
j  javafx.scene.control.HeavyweightDialog.showAndWait()V+22
j  javafx.scene.control.Dialog.showAndWait()Ljava/util/Optional;+86
j  com.express.servermanagertool.ui.RemoteFileBrowser.showError(Ljava/lang/String;)V+15
j  com.express.servermanagertool.ui.RemoteFileBrowser.lambda$loadDirectory$27(Ljava/lang/Exception;)V+10
j  com.express.servermanagertool.ui.RemoteFileBrowser$$Lambda$939+0x000001e00b39cf28.run()V+8
J 6707 c1 com.sun.javafx.application.PlatformImpl$$Lambda$180+0x000001e00b116a08.run()Ljava/lang/Object; (8 bytes) @ 0x000001e06e0d9c84 [0x000001e06e0d9b40+0x0000000000000144]
J 6240 c1 com.sun.javafx.application.PlatformImpl.lambda$runLater$11(Ljava/lang/Runnable;Ljava/security/AccessControlContext;)V (41 bytes) @ 0x000001e06dcc8b7c [0x000001e06dcc85a0+0x00000000000005dc]
J 6239 c1 com.sun.javafx.application.PlatformImpl$$Lambda$179+0x000001e00b113640.run()V (12 bytes) @ 0x000001e06da581a4 [0x000001e06da58120+0x0000000000000084]
J 2931 c1 com.sun.glass.ui.InvokeLaterDispatcher$Future.run()V (91 bytes) @ 0x000001e06d968a94 [0x000001e06d968980+0x0000000000000114]
v  ~StubRoutines::call_stub
j  com.sun.glass.ui.win.WinApplication._enterNestedEventLoopImpl()Ljava/lang/Object;+0
j  com.sun.glass.ui.win.WinApplication._enterNestedEventLoop()Ljava/lang/Object;+15
j  com.sun.glass.ui.Application.enterNestedEventLoop()Ljava/lang/Object;+14
j  com.sun.glass.ui.EventLoop.enter()Ljava/lang/Object;+42
j  com.sun.javafx.tk.quantum.QuantumToolkit.enterNestedEventLoop(Ljava/lang/Object;)Ljava/lang/Object;+98
j  javafx.stage.Stage.showAndWait()V+93
j  javafx.scene.control.HeavyweightDialog.showAndWait()V+22
j  javafx.scene.control.Dialog.showAndWait()Ljava/util/Optional;+86
j  com.express.servermanagertool.ui.RemoteFileBrowser.showError(Ljava/lang/String;)V+15
j  com.express.servermanagertool.ui.RemoteFileBrowser.lambda$loadDirectory$27(Ljava/lang/Exception;)V+10
j  com.express.servermanagertool.ui.RemoteFileBrowser$$Lambda$939+0x000001e00b39cf28.run()V+8
J 6707 c1 com.sun.javafx.application.PlatformImpl$$Lambda$180+0x000001e00b116a08.run()Ljava/lang/Object; (8 bytes) @ 0x000001e06e0d9c84 [0x000001e06e0d9b40+0x0000000000000144]
J 6240 c1 com.sun.javafx.application.PlatformImpl.lambda$runLater$11(Ljava/lang/Runnable;Ljava/security/AccessControlContext;)V (41 bytes) @ 0x000001e06dcc8b7c [0x000001e06dcc85a0+0x00000000000005dc]
J 6239 c1 com.sun.javafx.application.PlatformImpl$$Lambda$179+0x000001e00b113640.run()V (12 bytes) @ 0x000001e06da581a4 [0x000001e06da58120+0x0000000000000084]
J 2931 c1 com.sun.glass.ui.InvokeLaterDispatcher$Future.run()V (91 bytes) @ 0x000001e06d968a94 [0x000001e06d968980+0x0000000000000114]
v  ~StubRoutines::call_stub
j  com.sun.glass.ui.win.WinApplication._enterNestedEventLoopImpl()Ljava/lang/Object;+0
j  com.sun.glass.ui.win.WinApplication._enterNestedEventLoop()Ljava/lang/Object;+15
j  com.sun.glass.ui.Application.enterNestedEventLoop()Ljava/lang/Object;+14
j  com.sun.glass.ui.EventLoop.enter()Ljava/lang/Object;+42
j  com.sun.javafx.tk.quantum.QuantumToolkit.enterNestedEventLoop(Ljava/lang/Object;)Ljava/lang/Object;+98
j  javafx.stage.Stage.showAndWait()V+93
j  javafx.scene.control.HeavyweightDialog.showAndWait()V+22
j  javafx.scene.control.Dialog.showAndWait()Ljava/util/Optional;+86
j  com.express.servermanagertool.ui.RemoteFileBrowser.showError(Ljava/lang/String;)V+15
j  com.express.servermanagertool.ui.RemoteFileBrowser.lambda$loadDirectory$27(Ljava/lang/Exception;)V+10
j  com.express.servermanagertool.ui.RemoteFileBrowser$$Lambda$939+0x000001e00b39cf28.run()V+8
J 6707 c1 com.sun.javafx.application.PlatformImpl$$Lambda$180+0x000001e00b116a08.run()Ljava/lang/Object; (8 bytes) @ 0x000001e06e0d9c84 [0x000001e06e0d9b40+0x0000000000000144]
J 6240 c1 com.sun.javafx.application.PlatformImpl.lambda$runLater$11(Ljava/lang/Runnable;Ljava/security/AccessControlContext;)V (41 bytes) @ 0x000001e06dcc8b7c [0x000001e06dcc85a0+0x00000000000005dc]
J 6239 c1 com.sun.javafx.application.PlatformImpl$$Lambda$179+0x000001e00b113640.run()V (12 bytes) @ 0x000001e06da581a4 [0x000001e06da58120+0x0000000000000084]
J 2931 c1 com.sun.glass.ui.InvokeLaterDispatcher$Future.run()V (91 bytes) @ 0x000001e06d968a94 [0x000001e06d968980+0x0000000000000114]
v  ~StubRoutines::call_stub
j  com.sun.glass.ui.win.WinApplication._enterNestedEventLoopImpl()Ljava/lang/Object;+0
j  com.sun.glass.ui.win.WinApplication._enterNestedEventLoop()Ljava/lang/Object;+15
j  com.sun.glass.ui.Application.enterNestedEventLoop()Ljava/lang/Object;+14
j  com.sun.glass.ui.EventLoop.enter()Ljava/lang/Object;+42
j  com.sun.javafx.tk.quantum.QuantumToolkit.enterNestedEventLoop(Ljava/lang/Object;)Ljava/lang/Object;+98
j  javafx.stage.Stage.showAndWait()V+93
j  javafx.scene.control.HeavyweightDialog.showAndWait()V+22
j  javafx.scene.control.Dialog.showAndWait()Ljava/util/Optional;+86
j  com.express.servermanagertool.ui.RemoteFileBrowser.showError(Ljava/lang/String;)V+15
j  com.express.servermanagertool.ui.RemoteFileBrowser.lambda$loadDirectory$27(Ljava/lang/Exception;)V+10
j  com.express.servermanagertool.ui.RemoteFileBrowser$$Lambda$939+0x000001e00b39cf28.run()V+8
J 6707 c1 com.sun.javafx.application.PlatformImpl$$Lambda$180+0x000001e00b116a08.run()Ljava/lang/Object; (8 bytes) @ 0x000001e06e0d9c84 [0x000001e06e0d9b40+0x0000000000000144]
J 6240 c1 com.sun.javafx.application.PlatformImpl.lambda$runLater$11(Ljava/lang/Runnable;Ljava/security/AccessControlContext;)V (41 bytes) @ 0x000001e06dcc8b7c [0x000001e06dcc85a0+0x00000000000005dc]
J 6239 c1 com.sun.javafx.application.PlatformImpl$$Lambda$179+0x000001e00b113640.run()V (12 bytes) @ 0x000001e06da581a4 [0x000001e06da58120+0x0000000000000084]
J 2931 c1 com.sun.glass.ui.InvokeLaterDispatcher$Future.run()V (91 bytes) @ 0x000001e06d968a94 [0x000001e06d968980+0x0000000000000114]
v  ~StubRoutines::call_stub
j  com.sun.glass.ui.win.WinApplication._enterNestedEventLoopImpl()Ljava/lang/Object;+0
j  com.sun.glass.ui.win.WinApplication._enterNestedEventLoop()Ljava/lang/Object;+15
j  com.sun.glass.ui.Application.enterNestedEventLoop()Ljava/lang/Object;+14
j  com.sun.glass.ui.EventLoop.enter()Ljava/lang/Object;+42
j  com.sun.javafx.tk.quantum.QuantumToolkit.enterNestedEventLoop(Ljava/lang/Object;)Ljava/lang/Object;+98
j  javafx.stage.Stage.showAndWait()V+93
j  javafx.scene.control.HeavyweightDialog.showAndWait()V+22
j  javafx.scene.control.Dialog.showAndWait()Ljava/util/Optional;+86
j  com.express.servermanagertool.ui.RemoteFileBrowser.showError(Ljava/lang/String;)V+15
j  com.express.servermanagertool.ui.RemoteFileBrowser.lambda$loadDirectory$27(Ljava/lang/Exception;)V+10
j  com.express.servermanagertool.ui.RemoteFileBrowser$$Lambda$939+0x000001e00b39cf28.run()V+8
J 6707 c1 com.sun.javafx.application.PlatformImpl$$Lambda$180+0x000001e00b116a08.run()Ljava/lang/Object; (8 bytes) @ 0x000001e06e0d9c84 [0x000001e06e0d9b40+0x0000000000000144]
J 6240 c1 com.sun.javafx.application.PlatformImpl.lambda$runLater$11(Ljava/lang/Runnable;Ljava/security/AccessControlContext;)V (41 bytes) @ 0x000001e06dcc8b7c [0x000001e06dcc85a0+0x00000000000005dc]
J 6239 c1 com.sun.javafx.application.PlatformImpl$$Lambda$179+0x000001e00b113640.run()V (12 bytes) @ 0x000001e06da581a4 [0x000001e06da58120+0x0000000000000084]
J 2931 c1 com.sun.glass.ui.InvokeLaterDispatcher$Future.run()V (91 bytes) @ 0x000001e06d968a94 [0x000001e06d968980+0x0000000000000114]
v  ~StubRoutines::call_stub
j  com.sun.glass.ui.win.WinApplication._enterNestedEventLoopImpl()Ljava/lang/Object;+0
j  com.sun.glass.ui.win.WinApplication._enterNestedEventLoop()Ljava/lang/Object;+15
j  com.sun.glass.ui.Application.enterNestedEventLoop()Ljava/lang/Object;+14
j  com.sun.glass.ui.EventLoop.enter()Ljava/lang/Object;+42
j  com.sun.javafx.tk.quantum.QuantumToolkit.enterNestedEventLoop(Ljava/lang/Object;)Ljava/lang/Object;+98
j  javafx.stage.Stage.showAndWait()V+93
j  javafx.scene.control.HeavyweightDialog.showAndWait()V+22
j  javafx.scene.control.Dialog.showAndWait()Ljava/util/Optional;+86
j  com.express.servermanagertool.ui.RemoteFileBrowser.showError(Ljava/lang/String;)V+15
j  com.express.servermanagertool.ui.RemoteFileBrowser.lambda$loadDirectory$27(Ljava/lang/Exception;)V+10
j  com.express.servermanagertool.ui.RemoteFileBrowser$$Lambda$939+0x000001e00b39cf28.run()V+8
J 6707 c1 com.sun.javafx.application.PlatformImpl$$Lambda$180+0x000001e00b116a08.run()Ljava/lang/Object; (8 bytes) @ 0x000001e06e0d9c84 [0x000001e06e0d9b40+0x0000000000000144]
J 6240 c1 com.sun.javafx.application.PlatformImpl.lambda$runLater$11(Ljava/lang/Runnable;Ljava/security/AccessControlContext;)V (41 bytes) @ 0x000001e06dcc8b7c [0x000001e06dcc85a0+0x00000000000005dc]
J 6239 c1 com.sun.javafx.application.PlatformImpl$$Lambda$179+0x000001e00b113640.run()V (12 bytes) @ 0x000001e06da581a4 [0x000001e06da58120+0x0000000000000084]
J 2931 c1 com.sun.glass.ui.InvokeLaterDispatcher$Future.run()V (91 bytes) @ 0x000001e06d968a94 [0x000001e06d968980+0x0000000000000114]
v  ~StubRoutines::call_stub
j  com.sun.glass.ui.win.WinApplication._enterNestedEventLoopImpl()Ljava/lang/Object;+0
j  com.sun.glass.ui.win.WinApplication._enterNestedEventLoop()Ljava/lang/Object;+15
j  com.sun.glass.ui.Application.enterNestedEventLoop()Ljava/lang/Object;+14
j  com.sun.glass.ui.EventLoop.enter()Ljava/lang/Object;+42
j  com.sun.javafx.tk.quantum.QuantumToolkit.enterNestedEventLoop(Ljava/lang/Object;)Ljava/lang/Object;+98
j  javafx.stage.Stage.showAndWait()V+93
j  javafx.scene.control.HeavyweightDialog.showAndWait()V+22
j  javafx.scene.control.Dialog.showAndWait()Ljava/util/Optional;+86
j  com.express.servermanagertool.ui.RemoteFileBrowser.showError(Ljava/lang/String;)V+15
j  com.express.servermanagertool.ui.RemoteFileBrowser.lambda$loadDirectory$27(Ljava/lang/Exception;)V+10
j  com.express.servermanagertool.ui.RemoteFileBrowser$$Lambda$939+0x000001e00b39cf28.run()V+8
J 6707 c1 com.sun.javafx.application.PlatformImpl$$Lambda$180+0x000001e00b116a08.run()Ljava/lang/Object; (8 bytes) @ 0x000001e06e0d9c84 [0x000001e06e0d9b40+0x0000000000000144]
J 6240 c1 com.sun.javafx.application.PlatformImpl.lambda$runLater$11(Ljava/lang/Runnable;Ljava/security/AccessControlContext;)V (41 bytes) @ 0x000001e06dcc8b7c [0x000001e06dcc85a0+0x00000000000005dc]
J 6239 c1 com.sun.javafx.application.PlatformImpl$$Lambda$179+0x000001e00b113640.run()V (12 bytes) @ 0x000001e06da581a4 [0x000001e06da58120+0x0000000000000084]
J 2931 c1 com.sun.glass.ui.InvokeLaterDispatcher$Future.run()V (91 bytes) @ 0x000001e06d968a94 [0x000001e06d968980+0x0000000000000114]
v  ~StubRoutines::call_stub
j  com.sun.glass.ui.win.WinApplication._enterNestedEventLoopImpl()Ljava/lang/Object;+0
j  com.sun.glass.ui.win.WinApplication._enterNestedEventLoop()Ljava/lang/Object;+15
j  com.sun.glass.ui.Application.enterNestedEventLoop()Ljava/lang/Object;+14
j  com.sun.glass.ui.EventLoop.enter()Ljava/lang/Object;+42
j  com.sun.javafx.tk.quantum.QuantumToolkit.enterNestedEventLoop(Ljava/lang/Object;)Ljava/lang/Object;+98
j  javafx.stage.Stage.showAndWait()V+93
j  javafx.scene.control.HeavyweightDialog.showAndWait()V+22
j  javafx.scene.control.Dialog.showAndWait()Ljava/util/Optional;+86
j  com.express.servermanagertool.ui.RemoteFileBrowser.showError(Ljava/lang/String;)V+15
j  com.express.servermanagertool.ui.RemoteFileBrowser.lambda$loadDirectory$27(Ljava/lang/Exception;)V+10
j  com.express.servermanagertool.ui.RemoteFileBrowser$$Lambda$939+0x000001e00b39cf28.run()V+8
J 6707 c1 com.sun.javafx.application.PlatformImpl$$Lambda$180+0x000001e00b116a08.run()Ljava/lang/Object; (8 bytes) @ 0x000001e06e0d9c84 [0x000001e06e0d9b40+0x0000000000000144]
J 6240 c1 com.sun.javafx.application.PlatformImpl.lambda$runLater$11(Ljava/lang/Runnable;Ljava/security/AccessControlContext;)V (41 bytes) @ 0x000001e06dcc8b7c [0x000001e06dcc85a0+0x00000000000005dc]
J 6239 c1 com.sun.javafx.application.PlatformImpl$$Lambda$179+0x000001e00b113640.run()V (12 bytes) @ 0x000001e06da581a4 [0x000001e06da58120+0x0000000000000084]
J 2931 c1 com.sun.glass.ui.InvokeLaterDispatcher$Future.run()V (91 bytes) @ 0x000001e06d968a94 [0x000001e06d968980+0x0000000000000114]
v  ~StubRoutines::call_stub
j  com.sun.glass.ui.win.WinApplication._enterNestedEventLoopImpl()Ljava/lang/Object;+0
j  com.sun.glass.ui.win.WinApplication._enterNestedEventLoop()Ljava/lang/Object;+15
j  com.sun.glass.ui.Application.enterNestedEventLoop()Ljava/lang/Object;+14
j  com.sun.glass.ui.EventLoop.enter()Ljava/lang/Object;+42
j  com.sun.javafx.tk.quantum.QuantumToolkit.enterNestedEventLoop(Ljava/lang/Object;)Ljava/lang/Object;+98
j  javafx.stage.Stage.showAndWait()V+93
j  javafx.scene.control.HeavyweightDialog.showAndWait()V+22
j  javafx.scene.control.Dialog.showAndWait()Ljava/util/Optional;+86
j  com.express.servermanagertool.ui.RemoteFileBrowser.showError(Ljava/lang/String;)V+15
j  com.express.servermanagertool.ui.RemoteFileBrowser.lambda$loadDirectory$27(Ljava/lang/Exception;)V+10
j  com.express.servermanagertool.ui.RemoteFileBrowser$$Lambda$939+0x000001e00b39cf28.run()V+8
J 6707 c1 com.sun.javafx.application.PlatformImpl$$Lambda$180+0x000001e00b116a08.run()Ljava/lang/Object; (8 bytes) @ 0x000001e06e0d9c84 [0x000001e06e0d9b40+0x0000000000000144]
J 6240 c1 com.sun.javafx.application.PlatformImpl.lambda$runLater$11(Ljava/lang/Runnable;Ljava/security/AccessControlContext;)V (41 bytes) @ 0x000001e06dcc8b7c [0x000001e06dcc85a0+0x00000000000005dc]
J 6239 c1 com.sun.javafx.application.PlatformImpl$$Lambda$179+0x000001e00b113640.run()V (12 bytes) @ 0x000001e06da581a4 [0x000001e06da58120+0x0000000000000084]
J 2931 c1 com.sun.glass.ui.InvokeLaterDispatcher$Future.run()V (91 bytes) @ 0x000001e06d968a94 [0x000001e06d968980+0x0000000000000114]
v  ~StubRoutines::call_stub
j  com.sun.glass.ui.win.WinApplication._enterNestedEventLoopImpl()Ljava/lang/Object;+0
j  com.sun.glass.ui.win.WinApplication._enterNestedEventLoop()Ljava/lang/Object;+15
j  com.sun.glass.ui.Application.enterNestedEventLoop()Ljava/lang/Object;+14
j  com.sun.glass.ui.EventLoop.enter()Ljava/lang/Object;+42
j  com.sun.javafx.tk.quantum.QuantumToolkit.enterNestedEventLoop(Ljava/lang/Object;)Ljava/lang/Object;+98
j  javafx.stage.Stage.showAndWait()V+93
j  javafx.scene.control.HeavyweightDialog.showAndWait()V+22
j  javafx.scene.control.Dialog.showAndWait()Ljava/util/Optional;+86
j  com.express.servermanagertool.ui.RemoteFileBrowser.showError(Ljava/lang/String;)V+15
j  com.express.servermanagertool.ui.RemoteFileBrowser.lambda$loadDirectory$27(Ljava/lang/Exception;)V+10
j  com.express.servermanagertool.ui.RemoteFileBrowser$$Lambda$939+0x000001e00b39cf28.run()V+8
J 6707 c1 com.sun.javafx.application.PlatformImpl$$Lambda$180+0x000001e00b116a08.run()Ljava/lang/Object; (8 bytes) @ 0x000001e06e0d9c84 [0x000001e06e0d9b40+0x0000000000000144]
J 6240 c1 com.sun.javafx.application.PlatformImpl.lambda$runLater$11(Ljava/lang/Runnable;Ljava/security/AccessControlContext;)V (41 bytes) @ 0x000001e06dcc8b7c [0x000001e06dcc85a0+0x00000000000005dc]
J 6239 c1 com.sun.javafx.application.PlatformImpl$$Lambda$179+0x000001e00b113640.run()V (12 bytes) @ 0x000001e06da581a4 [0x000001e06da58120+0x0000000000000084]
J 2931 c1 com.sun.glass.ui.InvokeLaterDispatcher$Future.run()V (91 bytes) @ 0x000001e06d968a94 [0x000001e06d968980+0x0000000000000114]
v  ~StubRoutines::call_stub
j  com.sun.glass.ui.win.WinApplication._enterNestedEventLoopImpl()Ljava/lang/Object;+0
j  com.sun.glass.ui.win.WinApplication._enterNestedEventLoop()Ljava/lang/Object;+15
j  com.sun.glass.ui.Application.enterNestedEventLoop()Ljava/lang/Object;+14
j  com.sun.glass.ui.EventLoop.enter()Ljava/lang/Object;+42
j  com.sun.javafx.tk.quantum.QuantumToolkit.enterNestedEventLoop(Ljava/lang/Object;)Ljava/lang/Object;+98
j  javafx.stage.Stage.showAndWait()V+93
j  javafx.scene.control.HeavyweightDialog.showAndWait()V+22
j  javafx.scene.control.Dialog.showAndWait()Ljava/util/Optional;+86
j  com.express.servermanagertool.ui.RemoteFileBrowser.showError(Ljava/lang/String;)V+15
j  com.express.servermanagertool.ui.RemoteFileBrowser.lambda$loadDirectory$27(Ljava/lang/Exception;)V+10
j  com.express.servermanagertool.ui.RemoteFileBrowser$$Lambda$939+0x000001e00b39cf28.run()V+8
J 6707 c1 com.sun.javafx.application.PlatformImpl$$Lambda$180+0x000001e00b116a08.run()Ljava/lang/Object; (8 bytes) @ 0x000001e06e0d9c84 [0x000001e06e0d9b40+0x0000000000000144]
J 6240 c1 com.sun.javafx.application.PlatformImpl.lambda$runLater$11(Ljava/lang/Runnable;Ljava/security/AccessControlContext;)V (41 bytes) @ 0x000001e06dcc8b7c [0x000001e06dcc85a0+0x00000000000005dc]
J 6239 c1 com.sun.javafx.application.PlatformImpl$$Lambda$179+0x000001e00b113640.run()V (12 bytes) @ 0x000001e06da581a4 [0x000001e06da58120+0x0000000000000084]
J 2931 c1 com.sun.glass.ui.InvokeLaterDispatcher$Future.run()V (91 bytes) @ 0x000001e06d968a94 [0x000001e06d968980+0x0000000000000114]
v  ~StubRoutines::call_stub
j  com.sun.glass.ui.win.WinApplication._enterNestedEventLoopImpl()Ljava/lang/Object;+0
j  com.sun.glass.ui.win.WinApplication._enterNestedEventLoop()Ljava/lang/Object;+15
j  com.sun.glass.ui.Application.enterNestedEventLoop()Ljava/lang/Object;+14
j  com.sun.glass.ui.EventLoop.enter()Ljava/lang/Object;+42
j  com.sun.javafx.tk.quantum.QuantumToolkit.enterNestedEventLoop(Ljava/lang/Object;)Ljava/lang/Object;+98
j  javafx.stage.Stage.showAndWait()V+93
j  javafx.scene.control.HeavyweightDialog.showAndWait()V+22
j  javafx.scene.control.Dialog.showAndWait()Ljava/util/Optional;+86
j  com.express.servermanagertool.ui.RemoteFileBrowser.showError(Ljava/lang/String;)V+15
j  com.express.servermanagertool.ui.RemoteFileBrowser.lambda$loadDirectory$27(Ljava/lang/Exception;)V+10
j  com.express.servermanagertool.ui.RemoteFileBrowser$$Lambda$939+0x000001e00b39cf28.run()V+8
J 6707 c1 com.sun.javafx.application.PlatformImpl$$Lambda$180+0x000001e00b116a08.run()Ljava/lang/Object; (8 bytes) @ 0x000001e06e0d9c84 [0x000001e06e0d9b40+0x0000000000000144]
J 6240 c1 com.sun.javafx.application.PlatformImpl.lambda$runLater$11(Ljava/lang/Runnable;Ljava/security/AccessControlContext;)V (41 bytes) @ 0x000001e06dcc8b7c [0x000001e06dcc85a0+0x00000000000005dc]
J 6239 c1 com.sun.javafx.application.PlatformImpl$$Lambda$179+0x000001e00b113640.run()V (12 bytes) @ 0x000001e06da581a4 [0x000001e06da58120+0x0000000000000084]
J 2931 c1 com.sun.glass.ui.InvokeLaterDispatcher$Future.run()V (91 bytes) @ 0x000001e06d968a94 [0x000001e06d968980+0x0000000000000114]
v  ~StubRoutines::call_stub
j  com.sun.glass.ui.win.WinApplication._enterNestedEventLoopImpl()Ljava/lang/Object;+0
j  com.sun.glass.ui.win.WinApplication._enterNestedEventLoop()Ljava/lang/Object;+15
j  com.sun.glass.ui.Application.enterNestedEventLoop()Ljava/lang/Object;+14
j  com.sun.glass.ui.EventLoop.enter()Ljava/lang/Object;+42
j  com.sun.javafx.tk.quantum.QuantumToolkit.enterNestedEventLoop(Ljava/lang/Object;)Ljava/lang/Object;+98
j  javafx.stage.Stage.showAndWait()V+93
j  javafx.scene.control.HeavyweightDialog.showAndWait()V+22
j  javafx.scene.control.Dialog.showAndWait()Ljava/util/Optional;+86
j  com.express.servermanagertool.ui.RemoteFileBrowser.showError(Ljava/lang/String;)V+15
j  com.express.servermanagertool.ui.RemoteFileBrowser.lambda$loadDirectory$27(Ljava/lang/Exception;)V+10
j  com.express.servermanagertool.ui.RemoteFileBrowser$$Lambda$939+0x000001e00b39cf28.run()V+8
J 6707 c1 com.sun.javafx.application.PlatformImpl$$Lambda$180+0x000001e00b116a08.run()Ljava/lang/Object; (8 bytes) @ 0x000001e06e0d9c84 [0x000001e06e0d9b40+0x0000000000000144]
J 6240 c1 com.sun.javafx.application.PlatformImpl.lambda$runLater$11(Ljava/lang/Runnable;Ljava/security/AccessControlContext;)V (41 bytes) @ 0x000001e06dcc8b7c [0x000001e06dcc85a0+0x00000000000005dc]
J 6239 c1 com.sun.javafx.application.PlatformImpl$$Lambda$179+0x000001e00b113640.run()V (12 bytes) @ 0x000001e06da581a4 [0x000001e06da58120+0x0000000000000084]
J 2931 c1 com.sun.glass.ui.InvokeLaterDispatcher$Future.run()V (91 bytes) @ 0x000001e06d968a94 [0x000001e06d968980+0x0000000000000114]
v  ~StubRoutines::call_stub
j  com.sun.glass.ui.win.WinApplication._enterNestedEventLoopImpl()Ljava/lang/Object;+0
j  com.sun.glass.ui.win.WinApplication._enterNestedEventLoop()Ljava/lang/Object;+15
j  com.sun.glass.ui.Application.enterNestedEventLoop()Ljava/lang/Object;+14
j  com.sun.glass.ui.EventLoop.enter()Ljava/lang/Object;+42
j  com.sun.javafx.tk.quantum.QuantumToolkit.enterNestedEventLoop(Ljava/lang/Object;)Ljava/lang/Object;+98
j  javafx.stage.Stage.showAndWait()V+93
j  javafx.scene.control.HeavyweightDialog.showAndWait()V+22
j  javafx.scene.control.Dialog.showAndWait()Ljava/util/Optional;+86
j  com.express.servermanagertool.ui.RemoteFileBrowser.showError(Ljava/lang/String;)V+15
j  com.express.servermanagertool.ui.RemoteFileBrowser.lambda$loadDirectory$27(Ljava/lang/Exception;)V+10
j  com.express.servermanagertool.ui.RemoteFileBrowser$$Lambda$939+0x000001e00b39cf28.run()V+8
J 6707 c1 com.sun.javafx.application.PlatformImpl$$Lambda$180+0x000001e00b116a08.run()Ljava/lang/Object; (8 bytes) @ 0x000001e06e0d9c84 [0x000001e06e0d9b40+0x0000000000000144]
J 6240 c1 com.sun.javafx.application.PlatformImpl.lambda$runLater$11(Ljava/lang/Runnable;Ljava/security/AccessControlContext;)V (41 bytes) @ 0x000001e06dcc8b7c [0x000001e06dcc85a0+0x00000000000005dc]
J 6239 c1 com.sun.javafx.application.PlatformImpl$$Lambda$179+0x000001e00b113640.run()V (12 bytes) @ 0x000001e06da581a4 [0x000001e06da58120+0x0000000000000084]
J 2931 c1 com.sun.glass.ui.InvokeLaterDispatcher$Future.run()V (91 bytes) @ 0x000001e06d968a94 [0x000001e06d968980+0x0000000000000114]
v  ~StubRoutines::call_stub
j  com.sun.glass.ui.win.WinApplication._enterNestedEventLoopImpl()Ljava/lang/Object;+0
j  com.sun.glass.ui.win.WinApplication._enterNestedEventLoop()Ljava/lang/Object;+15
j  com.sun.glass.ui.Application.enterNestedEventLoop()Ljava/lang/Object;+14
j  com.sun.glass.ui.EventLoop.enter()Ljava/lang/Object;+42
j  com.sun.javafx.tk.quantum.QuantumToolkit.enterNestedEventLoop(Ljava/lang/Object;)Ljava/lang/Object;+98
j  javafx.stage.Stage.showAndWait()V+93
j  javafx.scene.control.HeavyweightDialog.showAndWait()V+22
j  javafx.scene.control.Dialog.showAndWait()Ljava/util/Optional;+86
j  com.express.servermanagertool.ui.RemoteFileBrowser.showError(Ljava/lang/String;)V+15
j  com.express.servermanagertool.ui.RemoteFileBrowser.lambda$loadDirectory$27(Ljava/lang/Exception;)V+10
j  com.express.servermanagertool.ui.RemoteFileBrowser$$Lambda$939+0x000001e00b39cf28.run()V+8
J 6707 c1 com.sun.javafx.application.PlatformImpl$$Lambda$180+0x000001e00b116a08.run()Ljava/lang/Object; (8 bytes) @ 0x000001e06e0d9c84 [0x000001e06e0d9b40+0x0000000000000144]
J 6240 c1 com.sun.javafx.application.PlatformImpl.lambda$runLater$11(Ljava/lang/Runnable;Ljava/security/AccessControlContext;)V (41 bytes) @ 0x000001e06dcc8b7c [0x000001e06dcc85a0+0x00000000000005dc]
J 6239 c1 com.sun.javafx.application.PlatformImpl$$Lambda$179+0x000001e00b113640.run()V (12 bytes) @ 0x000001e06da581a4 [0x000001e06da58120+0x0000000000000084]
J 2931 c1 com.sun.glass.ui.InvokeLaterDispatcher$Future.run()V (91 bytes) @ 0x000001e06d968a94 [0x000001e06d968980+0x0000000000000114]
v  ~StubRoutines::call_stub
j  com.sun.glass.ui.win.WinApplication._enterNestedEventLoopImpl()Ljava/lang/Object;+0
j  com.sun.glass.ui.win.WinApplication._enterNestedEventLoop()Ljava/lang/Object;+15
j  com.sun.glass.ui.Application.enterNestedEventLoop()Ljava/lang/Object;+14
j  com.sun.glass.ui.EventLoop.enter()Ljava/lang/Object;+42
j  com.sun.javafx.tk.quantum.QuantumToolkit.enterNestedEventLoop(Ljava/lang/Object;)Ljava/lang/Object;+98
j  javafx.stage.Stage.showAndWait()V+93
j  javafx.scene.control.HeavyweightDialog.showAndWait()V+22
j  javafx.scene.control.Dialog.showAndWait()Ljava/util/Optional;+86
j  com.express.servermanagertool.ui.RemoteFileBrowser.showError(Ljava/lang/String;)V+15
j  com.express.servermanagertool.ui.RemoteFileBrowser.lambda$loadDirectory$27(Ljava/lang/Exception;)V+10
j  com.express.servermanagertool.ui.RemoteFileBrowser$$Lambda$939+0x000001e00b39cf28.run()V+8
J 6707 c1 com.sun.javafx.application.PlatformImpl$$Lambda$180+0x000001e00b116a08.run()Ljava/lang/Object; (8 bytes) @ 0x000001e06e0d9c84 [0x000001e06e0d9b40+0x0000000000000144]
J 6240 c1 com.sun.javafx.application.PlatformImpl.lambda$runLater$11(Ljava/lang/Runnable;Ljava/security/AccessControlContext;)V (41 bytes) @ 0x000001e06dcc8b7c [0x000001e06dcc85a0+0x00000000000005dc]
J 6239 c1 com.sun.javafx.application.PlatformImpl$$Lambda$179+0x000001e00b113640.run()V (12 bytes) @ 0x000001e06da581a4 [0x000001e06da58120+0x0000000000000084]
J 2931 c1 com.sun.glass.ui.InvokeLaterDispatcher$Future.run()V (91 bytes) @ 0x000001e06d968a94 [0x000001e06d968980+0x0000000000000114]
v  ~StubRoutines::call_stub
j  com.sun.glass.ui.win.WinApplication._enterNestedEventLoopImpl()Ljava/lang/Object;+0
j  com.sun.glass.ui.win.WinApplication._enterNestedEventLoop()Ljava/lang/Object;+15
j  com.sun.glass.ui.Application.enterNestedEventLoop()Ljava/lang/Object;+14
j  com.sun.glass.ui.EventLoop.enter()Ljava/lang/Object;+42
j  com.sun.javafx.tk.quantum.QuantumToolkit.enterNestedEventLoop(Ljava/lang/Object;)Ljava/lang/Object;+98
j  javafx.stage.Stage.showAndWait()V+93
j  javafx.scene.control.HeavyweightDialog.showAndWait()V+22
j  javafx.scene.control.Dialog.showAndWait()Ljava/util/Optional;+86
j  com.express.servermanagertool.ui.RemoteFileBrowser.showError(Ljava/lang/String;)V+15
j  com.express.servermanagertool.ui.RemoteFileBrowser.lambda$loadDirectory$27(Ljava/lang/Exception;)V+10
j  com.express.servermanagertool.ui.RemoteFileBrowser$$Lambda$939+0x000001e00b39cf28.run()V+8
J 6707 c1 com.sun.javafx.application.PlatformImpl$$Lambda$180+0x000001e00b116a08.run()Ljava/lang/Object; (8 bytes) @ 0x000001e06e0d9c84 [0x000001e06e0d9b40+0x0000000000000144]
J 6240 c1 com.sun.javafx.application.PlatformImpl.lambda$runLater$11(Ljava/lang/Runnable;Ljava/security/AccessControlContext;)V (41 bytes) @ 0x000001e06dcc8b7c [0x000001e06dcc85a0+0x00000000000005dc]
J 6239 c1 com.sun.javafx.application.PlatformImpl$$Lambda$179+0x000001e00b113640.run()V (12 bytes) @ 0x000001e06da581a4 [0x000001e06da58120+0x0000000000000084]
J 2931 c1 com.sun.glass.ui.InvokeLaterDispatcher$Future.run()V (91 bytes) @ 0x000001e06d968a94 [0x000001e06d968980+0x0000000000000114]
v  ~StubRoutines::call_stub
j  com.sun.glass.ui.win.WinApplication._enterNestedEventLoopImpl()Ljava/lang/Object;+0
j  com.sun.glass.ui.win.WinApplication._enterNestedEventLoop()Ljava/lang/Object;+15
j  com.sun.glass.ui.Application.enterNestedEventLoop()Ljava/lang/Object;+14
j  com.sun.glass.ui.EventLoop.enter()Ljava/lang/Object;+42
j  com.sun.javafx.tk.quantum.QuantumToolkit.enterNestedEventLoop(Ljava/lang/Object;)Ljava/lang/Object;+98
j  javafx.stage.Stage.showAndWait()V+93
j  javafx.scene.control.HeavyweightDialog.showAndWait()V+22
j  javafx.scene.control.Dialog.showAndWait()Ljava/util/Optional;+86
j  com.express.servermanagertool.ui.RemoteFileBrowser.showError(Ljava/lang/String;)V+15
j  com.express.servermanagertool.ui.RemoteFileBrowser.lambda$loadDirectory$27(Ljava/lang/Exception;)V+10
j  com.express.servermanagertool.ui.RemoteFileBrowser$$Lambda$939+0x000001e00b39cf28.run()V+8
J 6707 c1 com.sun.javafx.application.PlatformImpl$$Lambda$180+0x000001e00b116a08.run()Ljava/lang/Object; (8 bytes) @ 0x000001e06e0d9c84 [0x000001e06e0d9b40+0x0000000000000144]
J 6240 c1 com.sun.javafx.application.PlatformImpl.lambda$runLater$11(Ljava/lang/Runnable;Ljava/security/AccessControlContext;)V (41 bytes) @ 0x000001e06dcc8b7c [0x000001e06dcc85a0+0x00000000000005dc]
J 6239 c1 com.sun.javafx.application.PlatformImpl$$Lambda$179+0x000001e00b113640.run()V (12 bytes) @ 0x000001e06da581a4 [0x000001e06da58120+0x0000000000000084]
J 2931 c1 com.sun.glass.ui.InvokeLaterDispatcher$Future.run()V (91 bytes) @ 0x000001e06d968a94 [0x000001e06d968980+0x0000000000000114]
v  ~StubRoutines::call_stub
j  com.sun.glass.ui.win.WinApplication._enterNestedEventLoopImpl()Ljava/lang/Object;+0
j  com.sun.glass.ui.win.WinApplication._enterNestedEventLoop()Ljava/lang/Object;+15
j  com.sun.glass.ui.Application.enterNestedEventLoop()Ljava/lang/Object;+14
j  com.sun.glass.ui.EventLoop.enter()Ljava/lang/Object;+42
j  com.sun.javafx.tk.quantum.QuantumToolkit.enterNestedEventLoop(Ljava/lang/Object;)Ljava/lang/Object;+98
j  javafx.stage.Stage.showAndWait()V+93
j  javafx.scene.control.HeavyweightDialog.showAndWait()V+22
j  javafx.scene.control.Dialog.showAndWait()Ljava/util/Optional;+86
j  com.express.servermanagertool.ui.RemoteFileBrowser.showError(Ljava/lang/String;)V+15
j  com.express.servermanagertool.ui.RemoteFileBrowser.lambda$loadDirectory$27(Ljava/lang/Exception;)V+10
j  com.express.servermanagertool.ui.RemoteFileBrowser$$Lambda$939+0x000001e00b39cf28.run()V+8
J 6707 c1 com.sun.javafx.application.PlatformImpl$$Lambda$180+0x000001e00b116a08.run()Ljava/lang/Object; (8 bytes) @ 0x000001e06e0d9c84 [0x000001e06e0d9b40+0x0000000000000144]
J 6240 c1 com.sun.javafx.application.PlatformImpl.lambda$runLater$11(Ljava/lang/Runnable;Ljava/security/AccessControlContext;)V (41 bytes) @ 0x000001e06dcc8b7c [0x000001e06dcc85a0+0x00000000000005dc]
J 6239 c1 com.sun.javafx.application.PlatformImpl$$Lambda$179+0x000001e00b113640.run()V (12 bytes) @ 0x000001e06da581a4 [0x000001e06da58120+0x0000000000000084]
J 2931 c1 com.sun.glass.ui.InvokeLaterDispatcher$Future.run()V (91 bytes) @ 0x000001e06d968a94 [0x000001e06d968980+0x0000000000000114]
v  ~StubRoutines::call_stub
j  com.sun.glass.ui.win.WinApplication._enterNestedEventLoopImpl()Ljava/lang/Object;+0
j  com.sun.glass.ui.win.WinApplication._enterNestedEventLoop()Ljava/lang/Object;+15
j  com.sun.glass.ui.Application.enterNestedEventLoop()Ljava/lang/Object;+14
j  com.sun.glass.ui.EventLoop.enter()Ljava/lang/Object;+42
j  com.sun.javafx.tk.quantum.QuantumToolkit.enterNestedEventLoop(Ljava/lang/Object;)Ljava/lang/Object;+98
j  javafx.stage.Stage.showAndWait()V+93
j  javafx.scene.control.HeavyweightDialog.showAndWait()V+22
j  javafx.scene.control.Dialog.showAndWait()Ljava/util/Optional;+86
j  com.express.servermanagertool.ui.RemoteFileBrowser.showError(Ljava/lang/String;)V+15
j  com.express.servermanagertool.ui.RemoteFileBrowser.lambda$loadDirectory$27(Ljava/lang/Exception;)V+10
j  com.express.servermanagertool.ui.RemoteFileBrowser$$Lambda$939+0x000001e00b39cf28.run()V+8
J 6707 c1 com.sun.javafx.application.PlatformImpl$$Lambda$180+0x000001e00b116a08.run()Ljava/lang/Object; (8 bytes) @ 0x000001e06e0d9c84 [0x000001e06e0d9b40+0x0000000000000144]
J 6240 c1 com.sun.javafx.application.PlatformImpl.lambda$runLater$11(Ljava/lang/Runnable;Ljava/security/AccessControlContext;)V (41 bytes) @ 0x000001e06dcc8b7c [0x000001e06dcc85a0+0x00000000000005dc]
J 6239 c1 com.sun.javafx.application.PlatformImpl$$Lambda$179+0x000001e00b113640.run()V (12 bytes) @ 0x000001e06da581a4 [0x000001e06da58120+0x0000000000000084]
J 2931 c1 com.sun.glass.ui.InvokeLaterDispatcher$Future.run()V (91 bytes) @ 0x000001e06d968a94 [0x000001e06d968980+0x0000000000000114]
v  ~StubRoutines::call_stub
j  com.sun.glass.ui.win.WinApplication._enterNestedEventLoopImpl()Ljava/lang/Object;+0
j  com.sun.glass.ui.win.WinApplication._enterNestedEventLoop()Ljava/lang/Object;+15
j  com.sun.glass.ui.Application.enterNestedEventLoop()Ljava/lang/Object;+14
j  com.sun.glass.ui.EventLoop.enter()Ljava/lang/Object;+42
j  com.sun.javafx.tk.quantum.QuantumToolkit.enterNestedEventLoop(Ljava/lang/Object;)Ljava/lang/Object;+98
j  javafx.stage.Stage.showAndWait()V+93
j  javafx.scene.control.HeavyweightDialog.showAndWait()V+22
j  javafx.scene.control.Dialog.showAndWait()Ljava/util/Optional;+86
j  com.express.servermanagertool.ui.RemoteFileBrowser.showError(Ljava/lang/String;)V+15
j  com.express.servermanagertool.ui.RemoteFileBrowser.lambda$loadDirectory$27(Ljava/lang/Exception;)V+10
j  com.express.servermanagertool.ui.RemoteFileBrowser$$Lambda$939+0x000001e00b39cf28.run()V+8
J 6707 c1 com.sun.javafx.application.PlatformImpl$$Lambda$180+0x000001e00b116a08.run()Ljava/lang/Object; (8 bytes) @ 0x000001e06e0d9c84 [0x000001e06e0d9b40+0x0000000000000144]
J 6240 c1 com.sun.javafx.application.PlatformImpl.lambda$runLater$11(Ljava/lang/Runnable;Ljava/security/AccessControlContext;)V (41 bytes) @ 0x000001e06dcc8b7c [0x000001e06dcc85a0+0x00000000000005dc]
J 6239 c1 com.sun.javafx.application.PlatformImpl$$Lambda$179+0x000001e00b113640.run()V (12 bytes) @ 0x000001e06da581a4 [0x000001e06da58120+0x0000000000000084]
J 2931 c1 com.sun.glass.ui.InvokeLaterDispatcher$Future.run()V (91 bytes) @ 0x000001e06d968a94 [0x000001e06d968980+0x0000000000000114]
v  ~StubRoutines::call_stub
j  com.sun.glass.ui.win.WinApplication._enterNestedEventLoopImpl()Ljava/lang/Object;+0
j  com.sun.glass.ui.win.WinApplication._enterNestedEventLoop()Ljava/lang/Object;+15
j  com.sun.glass.ui.Application.enterNestedEventLoop()Ljava/lang/Object;+14
j  com.sun.glass.ui.EventLoop.enter()Ljava/lang/Object;+42
j  com.sun.javafx.tk.quantum.QuantumToolkit.enterNestedEventLoop(Ljava/lang/Object;)Ljava/lang/Object;+98
j  javafx.stage.Stage.showAndWait()V+93
j  javafx.scene.control.HeavyweightDialog.showAndWait()V+22
j  javafx.scene.control.Dialog.showAndWait()Ljava/util/Optional;+86
j  com.express.servermanagertool.ui.RemoteFileBrowser.showError(Ljava/lang/String;)V+15
j  com.express.servermanagertool.ui.RemoteFileBrowser.lambda$loadDirectory$27(Ljava/lang/Exception;)V+10
j  com.express.servermanagertool.ui.RemoteFileBrowser$$Lambda$939+0x000001e00b39cf28.run()V+8
J 6707 c1 com.sun.javafx.application.PlatformImpl$$Lambda$180+0x000001e00b116a08.run()Ljava/lang/Object; (8 bytes) @ 0x000001e06e0d9c84 [0x000001e06e0d9b40+0x0000000000000144]
J 6240 c1 com.sun.javafx.application.PlatformImpl.lambda$runLater$11(Ljava/lang/Runnable;Ljava/security/AccessControlContext;)V (41 bytes) @ 0x000001e06dcc8b7c [0x000001e06dcc85a0+0x00000000000005dc]
J 6239 c1 com.sun.javafx.application.PlatformImpl$$Lambda$179+0x000001e00b113640.run()V (12 bytes) @ 0x000001e06da581a4 [0x000001e06da58120+0x0000000000000084]
J 2931 c1 com.sun.glass.ui.InvokeLaterDispatcher$Future.run()V (91 bytes) @ 0x000001e06d968a94 [0x000001e06d968980+0x0000000000000114]
v  ~StubRoutines::call_stub
j  com.sun.glass.ui.win.WinApplication._enterNestedEventLoopImpl()Ljava/lang/Object;+0
j  com.sun.glass.ui.win.WinApplication._enterNestedEventLoop()Ljava/lang/Object;+15
j  com.sun.glass.ui.Application.enterNestedEventLoop()Ljava/lang/Object;+14
j  com.sun.glass.ui.EventLoop.enter()Ljava/lang/Object;+42
j  com.sun.javafx.tk.quantum.QuantumToolkit.enterNestedEventLoop(Ljava/lang/Object;)Ljava/lang/Object;+98
j  javafx.stage.Stage.showAndWait()V+93
j  javafx.scene.control.HeavyweightDialog.showAndWait()V+22
j  javafx.scene.control.Dialog.showAndWait()Ljava/util/Optional;+86
j  com.express.servermanagertool.ui.RemoteFileBrowser.showError(Ljava/lang/String;)V+15
j  com.express.servermanagertool.ui.RemoteFileBrowser.lambda$loadDirectory$27(Ljava/lang/Exception;)V+10
j  com.express.servermanagertool.ui.RemoteFileBrowser$$Lambda$939+0x000001e00b39cf28.run()V+8
J 6707 c1 com.sun.javafx.application.PlatformImpl$$Lambda$180+0x000001e00b116a08.run()Ljava/lang/Object; (8 bytes) @ 0x000001e06e0d9c84 [0x000001e06e0d9b40+0x0000000000000144]
J 6240 c1 com.sun.javafx.application.PlatformImpl.lambda$runLater$11(Ljava/lang/Runnable;Ljava/security/AccessControlContext;)V (41 bytes) @ 0x000001e06dcc8b7c [0x000001e06dcc85a0+0x00000000000005dc]
J 6239 c1 com.sun.javafx.application.PlatformImpl$$Lambda$179+0x000001e00b113640.run()V (12 bytes) @ 0x000001e06da581a4 [0x000001e06da58120+0x0000000000000084]
J 2931 c1 com.sun.glass.ui.InvokeLaterDispatcher$Future.run()V (91 bytes) @ 0x000001e06d968a94 [0x000001e06d968980+0x0000000000000114]
v  ~StubRoutines::call_stub
j  com.sun.glass.ui.win.WinApplication._enterNestedEventLoopImpl()Ljava/lang/Object;+0
j  com.sun.glass.ui.win.WinApplication._enterNestedEventLoop()Ljava/lang/Object;+15
j  com.sun.glass.ui.Application.enterNestedEventLoop()Ljava/lang/Object;+14
j  com.sun.glass.ui.EventLoop.enter()Ljava/lang/Object;+42
j  com.sun.javafx.tk.quantum.QuantumToolkit.enterNestedEventLoop(Ljava/lang/Object;)Ljava/lang/Object;+98
j  javafx.stage.Stage.showAndWait()V+93
j  javafx.scene.control.HeavyweightDialog.showAndWait()V+22
j  javafx.scene.control.Dialog.showAndWait()Ljava/util/Optional;+86
j  com.express.servermanagertool.ui.RemoteFileBrowser.showError(Ljava/lang/String;)V+15
j  com.express.servermanagertool.ui.RemoteFileBrowser.lambda$loadDirectory$27(Ljava/lang/Exception;)V+10
j  com.express.servermanagertool.ui.RemoteFileBrowser$$Lambda$939+0x000001e00b39cf28.run()V+8
J 6707 c1 com.sun.javafx.application.PlatformImpl$$Lambda$180+0x000001e00b116a08.run()Ljava/lang/Object; (8 bytes) @ 0x000001e06e0d9c84 [0x000001e06e0d9b40+0x0000000000000144]
J 6240 c1 com.sun.javafx.application.PlatformImpl.lambda$runLater$11(Ljava/lang/Runnable;Ljava/security/AccessControlContext;)V (41 bytes) @ 0x000001e06dcc8b7c [0x000001e06dcc85a0+0x00000000000005dc]
J 6239 c1 com.sun.javafx.application.PlatformImpl$$Lambda$179+0x000001e00b113640.run()V (12 bytes) @ 0x000001e06da581a4 [0x000001e06da58120+0x0000000000000084]
J 2931 c1 com.sun.glass.ui.InvokeLaterDispatcher$Future.run()V (91 bytes) @ 0x000001e06d968a94 [0x000001e06d968980+0x0000000000000114]
v  ~StubRoutines::call_stub
j  com.sun.glass.ui.win.WinApplication._enterNestedEventLoopImpl()Ljava/lang/Object;+0
j  com.sun.glass.ui.win.WinApplication._enterNestedEventLoop()Ljava/lang/Object;+15
j  com.sun.glass.ui.Application.enterNestedEventLoop()Ljava/lang/Object;+14
j  com.sun.glass.ui.EventLoop.enter()Ljava/lang/Object;+42
j  com.sun.javafx.tk.quantum.QuantumToolkit.enterNestedEventLoop(Ljava/lang/Object;)Ljava/lang/Object;+98
j  javafx.stage.Stage.showAndWait()V+93
j  javafx.scene.control.HeavyweightDialog.showAndWait()V+22
j  javafx.scene.control.Dialog.showAndWait()Ljava/util/Optional;+86
j  com.express.servermanagertool.ui.RemoteFileBrowser.showError(Ljava/lang/String;)V+15
j  com.express.servermanagertool.ui.RemoteFileBrowser.lambda$loadDirectory$27(Ljava/lang/Exception;)V+10
j  com.express.servermanagertool.ui.RemoteFileBrowser$$Lambda$939+0x000001e00b39cf28.run()V+8
J 6707 c1 com.sun.javafx.application.PlatformImpl$$Lambda$180+0x000001e00b116a08.run()Ljava/lang/Object; (8 bytes) @ 0x000001e06e0d9c84 [0x000001e06e0d9b40+0x0000000000000144]
J 6240 c1 com.sun.javafx.application.PlatformImpl.lambda$runLater$11(Ljava/lang/Runnable;Ljava/security/AccessControlContext;)V (41 bytes) @ 0x000001e06dcc8b7c [0x000001e06dcc85a0+0x00000000000005dc]
J 6239 c1 com.sun.javafx.application.PlatformImpl$$Lambda$179+0x000001e00b113640.run()V (12 bytes) @ 0x000001e06da581a4 [0x000001e06da58120+0x0000000000000084]
J 2931 c1 com.sun.glass.ui.InvokeLaterDispatcher$Future.run()V (91 bytes) @ 0x000001e06d968a94 [0x000001e06d968980+0x0000000000000114]
v  ~StubRoutines::call_stub
j  com.sun.glass.ui.win.WinApplication._enterNestedEventLoopImpl()Ljava/lang/Object;+0
j  com.sun.glass.ui.win.WinApplication._enterNestedEventLoop()Ljava/lang/Object;+15
j  com.sun.glass.ui.Application.enterNestedEventLoop()Ljava/lang/Object;+14
j  com.sun.glass.ui.EventLoop.enter()Ljava/lang/Object;+42
j  com.sun.javafx.tk.quantum.QuantumToolkit.enterNestedEventLoop(Ljava/lang/Object;)Ljava/lang/Object;+98
j  javafx.stage.Stage.showAndWait()V+93
j  javafx.scene.control.HeavyweightDialog.showAndWait()V+22
j  javafx.scene.control.Dialog.showAndWait()Ljava/util/Optional;+86
j  com.express.servermanagertool.ui.RemoteFileBrowser.showError(Ljava/lang/String;)V+15
j  com.express.servermanagertool.ui.RemoteFileBrowser.lambda$loadDirectory$27(Ljava/lang/Exception;)V+10
j  com.express.servermanagertool.ui.RemoteFileBrowser$$Lambda$939+0x000001e00b39cf28.run()V+8
J 6707 c1 com.sun.javafx.application.PlatformImpl$$Lambda$180+0x000001e00b116a08.run()Ljava/lang/Object; (8 bytes) @ 0x000001e06e0d9c84 [0x000001e06e0d9b40+0x0000000000000144]
J 6240 c1 com.sun.javafx.application.PlatformImpl.lambda$runLater$11(Ljava/lang/Runnable;Ljava/security/AccessControlContext;)V (41 bytes) @ 0x000001e06dcc8b7c [0x000001e06dcc85a0+0x00000000000005dc]
J 6239 c1 com.sun.javafx.application.PlatformImpl$$Lambda$179+0x000001e00b113640.run()V (12 bytes) @ 0x000001e06da581a4 [0x000001e06da58120+0x0000000000000084]
J 2931 c1 com.sun.glass.ui.InvokeLaterDispatcher$Future.run()V (91 bytes) @ 0x000001e06d968a94 [0x000001e06d968980+0x0000000000000114]
v  ~StubRoutines::call_stub
j  com.sun.glass.ui.win.WinApplication._enterNestedEventLoopImpl()Ljava/lang/Object;+0
j  com.sun.glass.ui.win.WinApplication._enterNestedEventLoop()Ljava/lang/Object;+15
j  com.sun.glass.ui.Application.enterNestedEventLoop()Ljava/lang/Object;+14
j  com.sun.glass.ui.EventLoop.enter()Ljava/lang/Object;+42
j  com.sun.javafx.tk.quantum.QuantumToolkit.enterNestedEventLoop(Ljava/lang/Object;)Ljava/lang/Object;+98
j  javafx.stage.Stage.showAndWait()V+93
j  javafx.scene.control.HeavyweightDialog.showAndWait()V+22
j  javafx.scene.control.Dialog.showAndWait()Ljava/util/Optional;+86
j  com.express.servermanagertool.ui.RemoteFileBrowser.showError(Ljava/lang/String;)V+15
j  com.express.servermanagertool.ui.RemoteFileBrowser.lambda$loadDirectory$27(Ljava/lang/Exception;)V+10
j  com.express.servermanagertool.ui.RemoteFileBrowser$$Lambda$939+0x000001e00b39cf28.run()V+8
J 6707 c1 com.sun.javafx.application.PlatformImpl$$Lambda$180+0x000001e00b116a08.run()Ljava/lang/Object; (8 bytes) @ 0x000001e06e0d9c84 [0x000001e06e0d9b40+0x0000000000000144]
J 6240 c1 com.sun.javafx.application.PlatformImpl.lambda$runLater$11(Ljava/lang/Runnable;Ljava/security/AccessControlContext;)V (41 bytes) @ 0x000001e06dcc8b7c [0x000001e06dcc85a0+0x00000000000005dc]
J 6239 c1 com.sun.javafx.application.PlatformImpl$$Lambda$179+0x000001e00b113640.run()V (12 bytes) @ 0x000001e06da581a4 [0x000001e06da58120+0x0000000000000084]
J 2931 c1 com.sun.glass.ui.InvokeLaterDispatcher$Future.run()V (91 bytes) @ 0x000001e06d968a94 [0x000001e06d968980+0x0000000000000114]
v  ~StubRoutines::call_stub
j  com.sun.glass.ui.win.WinApplication._enterNestedEventLoopImpl()Ljava/lang/Object;+0
j  com.sun.glass.ui.win.WinApplication._enterNestedEventLoop()Ljava/lang/Object;+15
j  com.sun.glass.ui.Application.enterNestedEventLoop()Ljava/lang/Object;+14
j  com.sun.glass.ui.EventLoop.enter()Ljava/lang/Object;+42
j  com.sun.javafx.tk.quantum.QuantumToolkit.enterNestedEventLoop(Ljava/lang/Object;)Ljava/lang/Object;+98
j  javafx.stage.Stage.showAndWait()V+93
j  javafx.scene.control.HeavyweightDialog.showAndWait()V+22
j  javafx.scene.control.Dialog.showAndWait()Ljava/util/Optional;+86
j  com.express.servermanagertool.ui.RemoteFileBrowser.showError(Ljava/lang/String;)V+15
j  com.express.servermanagertool.ui.RemoteFileBrowser.lambda$loadDirectory$27(Ljava/lang/Exception;)V+10
j  com.express.servermanagertool.ui.RemoteFileBrowser$$Lambda$939+0x000001e00b39cf28.run()V+8
J 6707 c1 com.sun.javafx.application.PlatformImpl$$Lambda$180+0x000001e00b116a08.run()Ljava/lang/Object; (8 bytes) @ 0x000001e06e0d9c84 [0x000001e06e0d9b40+0x0000000000000144]
J 6240 c1 com.sun.javafx.application.PlatformImpl.lambda$runLater$11(Ljava/lang/Runnable;Ljava/security/AccessControlContext;)V (41 bytes) @ 0x000001e06dcc8b7c [0x000001e06dcc85a0+0x00000000000005dc]
J 6239 c1 com.sun.javafx.application.PlatformImpl$$Lambda$179+0x000001e00b113640.run()V (12 bytes) @ 0x000001e06da581a4 [0x000001e06da58120+0x0000000000000084]
J 2931 c1 com.sun.glass.ui.InvokeLaterDispatcher$Future.run()V (91 bytes) @ 0x000001e06d968a94 [0x000001e06d968980+0x0000000000000114]
v  ~StubRoutines::call_stub
j  com.sun.glass.ui.win.WinApplication._enterNestedEventLoopImpl()Ljava/lang/Object;+0
j  com.sun.glass.ui.win.WinApplication._enterNestedEventLoop()Ljava/lang/Object;+15
j  com.sun.glass.ui.Application.enterNestedEventLoop()Ljava/lang/Object;+14
j  com.sun.glass.ui.EventLoop.enter()Ljava/lang/Object;+42
j  com.sun.javafx.tk.quantum.QuantumToolkit.enterNestedEventLoop(Ljava/lang/Object;)Ljava/lang/Object;+98
j  javafx.stage.Stage.showAndWait()V+93
j  javafx.scene.control.HeavyweightDialog.showAndWait()V+22
j  javafx.scene.control.Dialog.showAndWait()Ljava/util/Optional;+86
j  com.express.servermanagertool.ui.RemoteFileBrowser.showError(Ljava/lang/String;)V+15
j  com.express.servermanagertool.ui.RemoteFileBrowser.lambda$loadDirectory$27(Ljava/lang/Exception;)V+10
j  com.express.servermanagertool.ui.RemoteFileBrowser$$Lambda$939+0x000001e00b39cf28.run()V+8
J 6707 c1 com.sun.javafx.application.PlatformImpl$$Lambda$180+0x000001e00b116a08.run()Ljava/lang/Object; (8 bytes) @ 0x000001e06e0d9c84 [0x000001e06e0d9b40+0x0000000000000144]
J 6240 c1 com.sun.javafx.application.PlatformImpl.lambda$runLater$11(Ljava/lang/Runnable;Ljava/security/AccessControlContext;)V (41 bytes) @ 0x000001e06dcc8b7c [0x000001e06dcc85a0+0x00000000000005dc]
J 6239 c1 com.sun.javafx.application.PlatformImpl$$Lambda$179+0x000001e00b113640.run()V (12 bytes) @ 0x000001e06da581a4 [0x000001e06da58120+0x0000000000000084]
J 2931 c1 com.sun.glass.ui.InvokeLaterDispatcher$Future.run()V (91 bytes) @ 0x000001e06d968a94 [0x000001e06d968980+0x0000000000000114]
v  ~StubRoutines::call_stub
j  com.sun.glass.ui.win.WinApplication._enterNestedEventLoopImpl()Ljava/lang/Object;+0
j  com.sun.glass.ui.win.WinApplication._enterNestedEventLoop()Ljava/lang/Object;+15
j  com.sun.glass.ui.Application.enterNestedEventLoop()Ljava/lang/Object;+14
j  com.sun.glass.ui.EventLoop.enter()Ljava/lang/Object;+42
j  com.sun.javafx.tk.quantum.QuantumToolkit.enterNestedEventLoop(Ljava/lang/Object;)Ljava/lang/Object;+98
j  javafx.stage.Stage.showAndWait()V+93
j  javafx.scene.control.HeavyweightDialog.showAndWait()V+22
j  javafx.scene.control.Dialog.showAndWait()Ljava/util/Optional;+86
j  com.express.servermanagertool.ui.RemoteFileBrowser.showError(Ljava/lang/String;)V+15
j  com.express.servermanagertool.ui.RemoteFileBrowser.lambda$loadDirectory$27(Ljava/lang/Exception;)V+10
j  com.express.servermanagertool.ui.RemoteFileBrowser$$Lambda$939+0x000001e00b39cf28.run()V+8
J 6707 c1 com.sun.javafx.application.PlatformImpl$$Lambda$180+0x000001e00b116a08.run()Ljava/lang/Object; (8 bytes) @ 0x000001e06e0d9c84 [0x000001e06e0d9b40+0x0000000000000144]
J 6240 c1 com.sun.javafx.application.PlatformImpl.lambda$runLater$11(Ljava/lang/Runnable;Ljava/security/AccessControlContext;)V (41 bytes) @ 0x000001e06dcc8b7c [0x000001e06dcc85a0+0x00000000000005dc]
J 6239 c1 com.sun.javafx.application.PlatformImpl$$Lambda$179+0x000001e00b113640.run()V (12 bytes) @ 0x000001e06da581a4 [0x000001e06da58120+0x0000000000000084]
J 2931 c1 com.sun.glass.ui.InvokeLaterDispatcher$Future.run()V (91 bytes) @ 0x000001e06d968a94 [0x000001e06d968980+0x0000000000000114]
v  ~StubRoutines::call_stub
j  com.sun.glass.ui.win.WinApplication._enterNestedEventLoopImpl()Ljava/lang/Object;+0
j  com.sun.glass.ui.win.WinApplication._enterNestedEventLoop()Ljava/lang/Object;+15
j  com.sun.glass.ui.Application.enterNestedEventLoop()Ljava/lang/Object;+14
j  com.sun.glass.ui.EventLoop.enter()Ljava/lang/Object;+42
j  com.sun.javafx.tk.quantum.QuantumToolkit.enterNestedEventLoop(Ljava/lang/Object;)Ljava/lang/Object;+98
j  javafx.stage.Stage.showAndWait()V+93
j  javafx.scene.control.HeavyweightDialog.showAndWait()V+22
j  javafx.scene.control.Dialog.showAndWait()Ljava/util/Optional;+86
j  com.express.servermanagertool.ui.RemoteFileBrowser.showError(Ljava/lang/String;)V+15
j  com.express.servermanagertool.ui.RemoteFileBrowser.lambda$loadDirectory$27(Ljava/lang/Exception;)V+10
j  com.express.servermanagertool.ui.RemoteFileBrowser$$Lambda$939+0x000001e00b39cf28.run()V+8
J 6707 c1 com.sun.javafx.application.PlatformImpl$$Lambda$180+0x000001e00b116a08.run()Ljava/lang/Object; (8 bytes) @ 0x000001e06e0d9c84 [0x000001e06e0d9b40+0x0000000000000144]
J 6240 c1 com.sun.javafx.application.PlatformImpl.lambda$runLater$11(Ljava/lang/Runnable;Ljava/security/AccessControlContext;)V (41 bytes) @ 0x000001e06dcc8b7c [0x000001e06dcc85a0+0x00000000000005dc]
J 6239 c1 com.sun.javafx.application.PlatformImpl$$Lambda$179+0x000001e00b113640.run()V (12 bytes) @ 0x000001e06da581a4 [0x000001e06da58120+0x0000000000000084]
J 2931 c1 com.sun.glass.ui.InvokeLaterDispatcher$Future.run()V (91 bytes) @ 0x000001e06d968a94 [0x000001e06d968980+0x0000000000000114]
v  ~StubRoutines::call_stub
j  com.sun.glass.ui.win.WinApplication._enterNestedEventLoopImpl()Ljava/lang/Object;+0
j  com.sun.glass.ui.win.WinApplication._enterNestedEventLoop()Ljava/lang/Object;+15
j  com.sun.glass.ui.Application.enterNestedEventLoop()Ljava/lang/Object;+14
j  com.sun.glass.ui.EventLoop.enter()Ljava/lang/Object;+42
j  com.sun.javafx.tk.quantum.QuantumToolkit.enterNestedEventLoop(Ljava/lang/Object;)Ljava/lang/Object;+98
j  javafx.stage.Stage.showAndWait()V+93
j  javafx.scene.control.HeavyweightDialog.showAndWait()V+22
j  javafx.scene.control.Dialog.showAndWait()Ljava/util/Optional;+86
j  com.express.servermanagertool.ui.RemoteFileBrowser.showError(Ljava/lang/String;)V+15
j  com.express.servermanagertool.ui.RemoteFileBrowser.lambda$loadDirectory$27(Ljava/lang/Exception;)V+10
j  com.express.servermanagertool.ui.RemoteFileBrowser$$Lambda$939+0x000001e00b39cf28.run()V+8
J 6707 c1 com.sun.javafx.application.PlatformImpl$$Lambda$180+0x000001e00b116a08.run()Ljava/lang/Object; (8 bytes) @ 0x000001e06e0d9c84 [0x000001e06e0d9b40+0x0000000000000144]
J 6240 c1 com.sun.javafx.application.PlatformImpl.lambda$runLater$11(Ljava/lang/Runnable;Ljava/security/AccessControlContext;)V (41 bytes) @ 0x000001e06dcc8b7c [0x000001e06dcc85a0+0x00000000000005dc]
J 6239 c1 com.sun.javafx.application.PlatformImpl$$Lambda$179+0x000001e00b113640.run()V (12 bytes) @ 0x000001e06da581a4 [0x000001e06da58120+0x0000000000000084]
J 2931 c1 com.sun.glass.ui.InvokeLaterDispatcher$Future.run()V (91 bytes) @ 0x000001e06d968a94 [0x000001e06d968980+0x0000000000000114]
v  ~StubRoutines::call_stub
j  com.sun.glass.ui.win.WinApplication._enterNestedEventLoopImpl()Ljava/lang/Object;+0
j  com.sun.glass.ui.win.WinApplication._enterNestedEventLoop()Ljava/lang/Object;+15
j  com.sun.glass.ui.Application.enterNestedEventLoop()Ljava/lang/Object;+14
j  com.sun.glass.ui.EventLoop.enter()Ljava/lang/Object;+42
j  com.sun.javafx.tk.quantum.QuantumToolkit.enterNestedEventLoop(Ljava/lang/Object;)Ljava/lang/Object;+98
j  javafx.stage.Stage.showAndWait()V+93
j  javafx.scene.control.HeavyweightDialog.showAndWait()V+22
j  javafx.scene.control.Dialog.showAndWait()Ljava/util/Optional;+86
j  com.express.servermanagertool.ui.RemoteFileBrowser.showError(Ljava/lang/String;)V+15
j  com.express.servermanagertool.ui.RemoteFileBrowser.lambda$loadDirectory$27(Ljava/lang/Exception;)V+10
j  com.express.servermanagertool.ui.RemoteFileBrowser$$Lambda$939+0x000001e00b39cf28.run()V+8
J 6707 c1 com.sun.javafx.application.PlatformImpl$$Lambda$180+0x000001e00b116a08.run()Ljava/lang/Object; (8 bytes) @ 0x000001e06e0d9c84 [0x000001e06e0d9b40+0x0000000000000144]
J 6240 c1 com.sun.javafx.application.PlatformImpl.lambda$runLater$11(Ljava/lang/Runnable;Ljava/security/AccessControlContext;)V (41 bytes) @ 0x000001e06dcc8b7c [0x000001e06dcc85a0+0x00000000000005dc]
J 6239 c1 com.sun.javafx.application.PlatformImpl$$Lambda$179+0x000001e00b113640.run()V (12 bytes) @ 0x000001e06da581a4 [0x000001e06da58120+0x0000000000000084]
J 2931 c1 com.sun.glass.ui.InvokeLaterDispatcher$Future.run()V (91 bytes) @ 0x000001e06d968a94 [0x000001e06d968980+0x0000000000000114]
v  ~StubRoutines::call_stub
j  com.sun.glass.ui.win.WinApplication._enterNestedEventLoopImpl()Ljava/lang/Object;+0
j  com.sun.glass.ui.win.WinApplication._enterNestedEventLoop()Ljava/lang/Object;+15
j  com.sun.glass.ui.Application.enterNestedEventLoop()Ljava/lang/Object;+14
j  com.sun.glass.ui.EventLoop.enter()Ljava/lang/Object;+42
j  com.sun.javafx.tk.quantum.QuantumToolkit.enterNestedEventLoop(Ljava/lang/Object;)Ljava/lang/Object;+98
j  javafx.stage.Stage.showAndWait()V+93
j  javafx.scene.control.HeavyweightDialog.showAndWait()V+22
j  javafx.scene.control.Dialog.showAndWait()Ljava/util/Optional;+86
j  com.express.servermanagertool.ui.RemoteFileBrowser.showError(Ljava/lang/String;)V+15
j  com.express.servermanagertool.ui.RemoteFileBrowser.lambda$loadDirectory$27(Ljava/lang/Exception;)V+10
j  com.express.servermanagertool.ui.RemoteFileBrowser$$Lambda$939+0x000001e00b39cf28.run()V+8
J 6707 c1 com.sun.javafx.application.PlatformImpl$$Lambda$180+0x000001e00b116a08.run()Ljava/lang/Object; (8 bytes) @ 0x000001e06e0d9c84 [0x000001e06e0d9b40+0x0000000000000144]
J 6240 c1 com.sun.javafx.application.PlatformImpl.lambda$runLater$11(Ljava/lang/Runnable;Ljava/security/AccessControlContext;)V (41 bytes) @ 0x000001e06dcc8b7c [0x000001e06dcc85a0+0x00000000000005dc]
J 6239 c1 com.sun.javafx.application.PlatformImpl$$Lambda$179+0x000001e00b113640.run()V (12 bytes) @ 0x000001e06da581a4 [0x000001e06da58120+0x0000000000000084]
J 2931 c1 com.sun.glass.ui.InvokeLaterDispatcher$Future.run()V (91 bytes) @ 0x000001e06d968a94 [0x000001e06d968980+0x0000000000000114]
v  ~StubRoutines::call_stub
j  com.sun.glass.ui.win.WinApplication._enterNestedEventLoopImpl()Ljava/lang/Object;+0
j  com.sun.glass.ui.win.WinApplication._enterNestedEventLoop()Ljava/lang/Object;+15
j  com.sun.glass.ui.Application.enterNestedEventLoop()Ljava/lang/Object;+14
j  com.sun.glass.ui.EventLoop.enter()Ljava/lang/Object;+42
j  com.sun.javafx.tk.quantum.QuantumToolkit.enterNestedEventLoop(Ljava/lang/Object;)Ljava/lang/Object;+98
j  javafx.stage.Stage.showAndWait()V+93
j  javafx.scene.control.HeavyweightDialog.showAndWait()V+22
j  javafx.scene.control.Dialog.showAndWait()Ljava/util/Optional;+86
j  com.express.servermanagertool.ui.RemoteFileBrowser.showError(Ljava/lang/String;)V+15
j  com.express.servermanagertool.ui.RemoteFileBrowser.lambda$loadDirectory$27(Ljava/lang/Exception;)V+10
j  com.express.servermanagertool.ui.RemoteFileBrowser$$Lambda$939+0x000001e00b39cf28.run()V+8
J 6707 c1 com.sun.javafx.application.PlatformImpl$$Lambda$180+0x000001e00b116a08.run()Ljava/lang/Object; (8 bytes) @ 0x000001e06e0d9c84 [0x000001e06e0d9b40+0x0000000000000144]
J 6240 c1 com.sun.javafx.application.PlatformImpl.lambda$runLater$11(Ljava/lang/Runnable;Ljava/security/AccessControlContext;)V (41 bytes) @ 0x000001e06dcc8b7c [0x000001e06dcc85a0+0x00000000000005dc]
J 6239 c1 com.sun.javafx.application.PlatformImpl$$Lambda$179+0x000001e00b113640.run()V (12 bytes) @ 0x000001e06da581a4 [0x000001e06da58120+0x0000000000000084]
J 2931 c1 com.sun.glass.ui.InvokeLaterDispatcher$Future.run()V (91 bytes) @ 0x000001e06d968a94 [0x000001e06d968980+0x0000000000000114]
v  ~StubRoutines::call_stub
j  com.sun.glass.ui.win.WinApplication._enterNestedEventLoopImpl()Ljava/lang/Object;+0
j  com.sun.glass.ui.win.WinApplication._enterNestedEventLoop()Ljava/lang/Object;+15
j  com.sun.glass.ui.Application.enterNestedEventLoop()Ljava/lang/Object;+14
j  com.sun.glass.ui.EventLoop.enter()Ljava/lang/Object;+42
j  com.sun.javafx.tk.quantum.QuantumToolkit.enterNestedEventLoop(Ljava/lang/Object;)Ljava/lang/Object;+98
j  javafx.stage.Stage.showAndWait()V+93
j  javafx.scene.control.HeavyweightDialog.showAndWait()V+22
j  javafx.scene.control.Dialog.showAndWait()Ljava/util/Optional;+86
j  com.express.servermanagertool.ui.RemoteFileBrowser.showError(Ljava/lang/String;)V+15
j  com.express.servermanagertool.ui.RemoteFileBrowser.lambda$loadDirectory$27(Ljava/lang/Exception;)V+10
j  com.express.servermanagertool.ui.RemoteFileBrowser$$Lambda$939+0x000001e00b39cf28.run()V+8
J 6707 c1 com.sun.javafx.application.PlatformImpl$$Lambda$180+0x000001e00b116a08.run()Ljava/lang/Object; (8 bytes) @ 0x000001e06e0d9c84 [0x000001e06e0d9b40+0x0000000000000144]
J 6240 c1 com.sun.javafx.application.PlatformImpl.lambda$runLater$11(Ljava/lang/Runnable;Ljava/security/AccessControlContext;)V (41 bytes) @ 0x000001e06dcc8b7c [0x000001e06dcc85a0+0x00000000000005dc]
J 6239 c1 com.sun.javafx.application.PlatformImpl$$Lambda$179+0x000001e00b113640.run()V (12 bytes) @ 0x000001e06da581a4 [0x000001e06da58120+0x0000000000000084]
J 2931 c1 com.sun.glass.ui.InvokeLaterDispatcher$Future.run()V (91 bytes) @ 0x000001e06d968a94 [0x000001e06d968980+0x0000000000000114]
v  ~StubRoutines::call_stub
j  com.sun.glass.ui.win.WinApplication._enterNestedEventLoopImpl()Ljava/lang/Object;+0
j  com.sun.glass.ui.win.WinApplication._enterNestedEventLoop()Ljava/lang/Object;+15
j  com.sun.glass.ui.Application.enterNestedEventLoop()Ljava/lang/Object;+14
j  com.sun.glass.ui.EventLoop.enter()Ljava/lang/Object;+42
j  com.sun.javafx.tk.quantum.QuantumToolkit.enterNestedEventLoop(Ljava/lang/Object;)Ljava/lang/Object;+98
j  javafx.stage.Stage.showAndWait()V+93
j  javafx.scene.control.HeavyweightDialog.showAndWait()V+22
j  javafx.scene.control.Dialog.showAndWait()Ljava/util/Optional;+86
j  com.express.servermanagertool.ui.RemoteFileBrowser.showError(Ljava/lang/String;)V+15
j  com.express.servermanagertool.ui.RemoteFileBrowser.lambda$loadDirectory$27(Ljava/lang/Exception;)V+10
j  com.express.servermanagertool.ui.RemoteFileBrowser$$Lambda$939+0x000001e00b39cf28.run()V+8
J 6707 c1 com.sun.javafx.application.PlatformImpl$$Lambda$180+0x000001e00b116a08.run()Ljava/lang/Object; (8 bytes) @ 0x000001e06e0d9c84 [0x000001e06e0d9b40+0x0000000000000144]
J 6240 c1 com.sun.javafx.application.PlatformImpl.lambda$runLater$11(Ljava/lang/Runnable;Ljava/security/AccessControlContext;)V (41 bytes) @ 0x000001e06dcc8b7c [0x000001e06dcc85a0+0x00000000000005dc]
J 6239 c1 com.sun.javafx.application.PlatformImpl$$Lambda$179+0x000001e00b113640.run()V (12 bytes) @ 0x000001e06da581a4 [0x000001e06da58120+0x0000000000000084]
J 2931 c1 com.sun.glass.ui.InvokeLaterDispatcher$Future.run()V (91 bytes) @ 0x000001e06d968a94 [0x000001e06d968980+0x0000000000000114]
v  ~StubRoutines::call_stub
j  com.sun.glass.ui.win.WinApplication._enterNestedEventLoopImpl()Ljava/lang/Object;+0
j  com.sun.glass.ui.win.WinApplication._enterNestedEventLoop()Ljava/lang/Object;+15
j  com.sun.glass.ui.Application.enterNestedEventLoop()Ljava/lang/Object;+14
j  com.sun.glass.ui.EventLoop.enter()Ljava/lang/Object;+42
j  com.sun.javafx.tk.quantum.QuantumToolkit.enterNestedEventLoop(Ljava/lang/Object;)Ljava/lang/Object;+98
j  javafx.stage.Stage.showAndWait()V+93
j  javafx.scene.control.HeavyweightDialog.showAndWait()V+22
j  javafx.scene.control.Dialog.showAndWait()Ljava/util/Optional;+86
j  com.express.servermanagertool.ui.RemoteFileBrowser.showError(Ljava/lang/String;)V+15
j  com.express.servermanagertool.ui.RemoteFileBrowser.lambda$loadDirectory$27(Ljava/lang/Exception;)V+10
j  com.express.servermanagertool.ui.RemoteFileBrowser$$Lambda$939+0x000001e00b39cf28.run()V+8
J 6707 c1 com.sun.javafx.application.PlatformImpl$$Lambda$180+0x000001e00b116a08.run()Ljava/lang/Object; (8 bytes) @ 0x000001e06e0d9c84 [0x000001e06e0d9b40+0x0000000000000144]
J 6240 c1 com.sun.javafx.application.PlatformImpl.lambda$runLater$11(Ljava/lang/Runnable;Ljava/security/AccessControlContext;)V (41 bytes) @ 0x000001e06dcc8b7c [0x000001e06dcc85a0+0x00000000000005dc]
J 6239 c1 com.sun.javafx.application.PlatformImpl$$Lambda$179+0x000001e00b113640.run()V (12 bytes) @ 0x000001e06da581a4 [0x000001e06da58120+0x0000000000000084]
J 2931 c1 com.sun.glass.ui.InvokeLaterDispatcher$Future.run()V (91 bytes) @ 0x000001e06d968a94 [0x000001e06d968980+0x0000000000000114]
v  ~StubRoutines::call_stub
j  com.sun.glass.ui.win.WinApplication._enterNestedEventLoopImpl()Ljava/lang/Object;+0
j  com.sun.glass.ui.win.WinApplication._enterNestedEventLoop()Ljava/lang/Object;+15
j  com.sun.glass.ui.Application.enterNestedEventLoop()Ljava/lang/Object;+14
j  com.sun.glass.ui.EventLoop.enter()Ljava/lang/Object;+42
j  com.sun.javafx.tk.quantum.QuantumToolkit.enterNestedEventLoop(Ljava/lang/Object;)Ljava/lang/Object;+98
j  javafx.stage.Stage.showAndWait()V+93
j  javafx.scene.control.HeavyweightDialog.showAndWait()V+22
j  javafx.scene.control.Dialog.showAndWait()Ljava/util/Optional;+86
j  com.express.servermanagertool.ui.RemoteFileBrowser.showError(Ljava/lang/String;)V+15
j  com.express.servermanagertool.ui.RemoteFileBrowser.lambda$loadDirectory$27(Ljava/lang/Exception;)V+10
j  com.express.servermanagertool.ui.RemoteFileBrowser$$Lambda$939+0x000001e00b39cf28.run()V+8
J 6707 c1 com.sun.javafx.application.PlatformImpl$$Lambda$180+0x000001e00b116a08.run()Ljava/lang/Object; (8 bytes) @ 0x000001e06e0d9c84 [0x000001e06e0d9b40+0x0000000000000144]
J 6240 c1 com.sun.javafx.application.PlatformImpl.lambda$runLater$11(Ljava/lang/Runnable;Ljava/security/AccessControlContext;)V (41 bytes) @ 0x000001e06dcc8b7c [0x000001e06dcc85a0+0x00000000000005dc]
J 6239 c1 com.sun.javafx.application.PlatformImpl$$Lambda$179+0x000001e00b113640.run()V (12 bytes) @ 0x000001e06da581a4 [0x000001e06da58120+0x0000000000000084]
J 2931 c1 com.sun.glass.ui.InvokeLaterDispatcher$Future.run()V (91 bytes) @ 0x000001e06d968a94 [0x000001e06d968980+0x0000000000000114]
v  ~StubRoutines::call_stub
j  com.sun.glass.ui.win.WinApplication._enterNestedEventLoopImpl()Ljava/lang/Object;+0
j  com.sun.glass.ui.win.WinApplication._enterNestedEventLoop()Ljava/lang/Object;+15
j  com.sun.glass.ui.Application.enterNestedEventLoop()Ljava/lang/Object;+14
j  com.sun.glass.ui.EventLoop.enter()Ljava/lang/Object;+42
j  com.sun.javafx.tk.quantum.QuantumToolkit.enterNestedEventLoop(Ljava/lang/Object;)Ljava/lang/Object;+98
j  javafx.stage.Stage.showAndWait()V+93
j  javafx.scene.control.HeavyweightDialog.showAndWait()V+22
j  javafx.scene.control.Dialog.showAndWait()Ljava/util/Optional;+86
j  com.express.servermanagertool.ui.RemoteFileBrowser.showError(Ljava/lang/String;)V+15
j  com.express.servermanagertool.ui.RemoteFileBrowser.lambda$loadDirectory$27(Ljava/lang/Exception;)V+10
j  com.express.servermanagertool.ui.RemoteFileBrowser$$Lambda$939+0x000001e00b39cf28.run()V+8
J 6707 c1 com.sun.javafx.application.PlatformImpl$$Lambda$180+0x000001e00b116a08.run()Ljava/lang/Object; (8 bytes) @ 0x000001e06e0d9c84 [0x000001e06e0d9b40+0x0000000000000144]
J 6240 c1 com.sun.javafx.application.PlatformImpl.lambda$runLater$11(Ljava/lang/Runnable;Ljava/security/AccessControlContext;)V (41 bytes) @ 0x000001e06dcc8b7c [0x000001e06dcc85a0+0x00000000000005dc]
J 6239 c1 com.sun.javafx.application.PlatformImpl$$Lambda$179+0x000001e00b113640.run()V (12 bytes) @ 0x000001e06da581a4 [0x000001e06da58120+0x0000000000000084]
J 2931 c1 com.sun.glass.ui.InvokeLaterDispatcher$Future.run()V (91 bytes) @ 0x000001e06d968a94 [0x000001e06d968980+0x0000000000000114]
v  ~StubRoutines::call_stub
j  com.sun.glass.ui.win.WinApplication._enterNestedEventLoopImpl()Ljava/lang/Object;+0
j  com.sun.glass.ui.win.WinApplication._enterNestedEventLoop()Ljava/lang/Object;+15
j  com.sun.glass.ui.Application.enterNestedEventLoop()Ljava/lang/Object;+14
j  com.sun.glass.ui.EventLoop.enter()Ljava/lang/Object;+42
j  com.sun.javafx.tk.quantum.QuantumToolkit.enterNestedEventLoop(Ljava/lang/Object;)Ljava/lang/Object;+98
j  javafx.stage.Stage.showAndWait()V+93
j  javafx.scene.control.HeavyweightDialog.showAndWait()V+22
j  javafx.scene.control.Dialog.showAndWait()Ljava/util/Optional;+86
j  com.express.servermanagertool.ui.RemoteFileBrowser.showError(Ljava/lang/String;)V+15
j  com.express.servermanagertool.ui.RemoteFileBrowser.lambda$loadDirectory$27(Ljava/lang/Exception;)V+10
j  com.express.servermanagertool.ui.RemoteFileBrowser$$Lambda$939+0x000001e00b39cf28.run()V+8
J 6707 c1 com.sun.javafx.application.PlatformImpl$$Lambda$180+0x000001e00b116a08.run()Ljava/lang/Object; (8 bytes) @ 0x000001e06e0d9c84 [0x000001e06e0d9b40+0x0000000000000144]
J 6240 c1 com.sun.javafx.application.PlatformImpl.lambda$runLater$11(Ljava/lang/Runnable;Ljava/security/AccessControlContext;)V (41 bytes) @ 0x000001e06dcc8b7c [0x000001e06dcc85a0+0x00000000000005dc]
J 6239 c1 com.sun.javafx.application.PlatformImpl$$Lambda$179+0x000001e00b113640.run()V (12 bytes) @ 0x000001e06da581a4 [0x000001e06da58120+0x0000000000000084]
J 2931 c1 com.sun.glass.ui.InvokeLaterDispatcher$Future.run()V (91 bytes) @ 0x000001e06d968a94 [0x000001e06d968980+0x0000000000000114]
v  ~StubRoutines::call_stub
j  com.sun.glass.ui.win.WinApplication._enterNestedEventLoopImpl()Ljava/lang/Object;+0
j  com.sun.glass.ui.win.WinApplication._enterNestedEventLoop()Ljava/lang/Object;+15
j  com.sun.glass.ui.Application.enterNestedEventLoop()Ljava/lang/Object;+14
j  com.sun.glass.ui.EventLoop.enter()Ljava/lang/Object;+42
j  com.sun.javafx.tk.quantum.QuantumToolkit.enterNestedEventLoop(Ljava/lang/Object;)Ljava/lang/Object;+98
j  javafx.stage.Stage.showAndWait()V+93
j  javafx.scene.control.HeavyweightDialog.showAndWait()V+22
j  javafx.scene.control.Dialog.showAndWait()Ljava/util/Optional;+86
j  com.express.servermanagertool.ui.RemoteFileBrowser.showError(Ljava/lang/String;)V+15
j  com.express.servermanagertool.ui.RemoteFileBrowser.lambda$loadDirectory$27(Ljava/lang/Exception;)V+10
j  com.express.servermanagertool.ui.RemoteFileBrowser$$Lambda$939+0x000001e00b39cf28.run()V+8
J 6707 c1 com.sun.javafx.application.PlatformImpl$$Lambda$180+0x000001e00b116a08.run()Ljava/lang/Object; (8 bytes) @ 0x000001e06e0d9c84 [0x000001e06e0d9b40+0x0000000000000144]
J 6240 c1 com.sun.javafx.application.PlatformImpl.lambda$runLater$11(Ljava/lang/Runnable;Ljava/security/AccessControlContext;)V (41 bytes) @ 0x000001e06dcc8b7c [0x000001e06dcc85a0+0x00000000000005dc]
J 6239 c1 com.sun.javafx.application.PlatformImpl$$Lambda$179+0x000001e00b113640.run()V (12 bytes) @ 0x000001e06da581a4 [0x000001e06da58120+0x0000000000000084]
J 2931 c1 com.sun.glass.ui.InvokeLaterDispatcher$Future.run()V (91 bytes) @ 0x000001e06d968a94 [0x000001e06d968980+0x0000000000000114]
v  ~StubRoutines::call_stub
j  com.sun.glass.ui.win.WinApplication._enterNestedEventLoopImpl()Ljava/lang/Object;+0
j  com.sun.glass.ui.win.WinApplication._enterNestedEventLoop()Ljava/lang/Object;+15
j  com.sun.glass.ui.Application.enterNestedEventLoop()Ljava/lang/Object;+14
j  com.sun.glass.ui.EventLoop.enter()Ljava/lang/Object;+42
j  com.sun.javafx.tk.quantum.QuantumToolkit.enterNestedEventLoop(Ljava/lang/Object;)Ljava/lang/Object;+98
j  javafx.stage.Stage.showAndWait()V+93
j  javafx.scene.control.HeavyweightDialog.showAndWait()V+22
j  javafx.scene.control.Dialog.showAndWait()Ljava/util/Optional;+86
j  com.express.servermanagertool.ui.RemoteFileBrowser.showError(Ljava/lang/String;)V+15
j  com.express.servermanagertool.ui.RemoteFileBrowser.lambda$loadDirectory$27(Ljava/lang/Exception;)V+10
j  com.express.servermanagertool.ui.RemoteFileBrowser$$Lambda$939+0x000001e00b39cf28.run()V+8
J 6707 c1 com.sun.javafx.application.PlatformImpl$$Lambda$180+0x000001e00b116a08.run()Ljava/lang/Object; (8 bytes) @ 0x000001e06e0d9c84 [0x000001e06e0d9b40+0x0000000000000144]
J 6240 c1 com.sun.javafx.application.PlatformImpl.lambda$runLater$11(Ljava/lang/Runnable;Ljava/security/AccessControlContext;)V (41 bytes) @ 0x000001e06dcc8b7c [0x000001e06dcc85a0+0x00000000000005dc]
J 6239 c1 com.sun.javafx.application.PlatformImpl$$Lambda$179+0x000001e00b113640.run()V (12 bytes) @ 0x000001e06da581a4 [0x000001e06da58120+0x0000000000000084]
J 2931 c1 com.sun.glass.ui.InvokeLaterDispatcher$Future.run()V (91 bytes) @ 0x000001e06d968a94 [0x000001e06d968980+0x0000000000000114]
v  ~StubRoutines::call_stub
j  com.sun.glass.ui.win.WinApplication._enterNestedEventLoopImpl()Ljava/lang/Object;+0
j  com.sun.glass.ui.win.WinApplication._enterNestedEventLoop()Ljava/lang/Object;+15
j  com.sun.glass.ui.Application.enterNestedEventLoop()Ljava/lang/Object;+14
j  com.sun.glass.ui.EventLoop.enter()Ljava/lang/Object;+42
j  com.sun.javafx.tk.quantum.QuantumToolkit.enterNestedEventLoop(Ljava/lang/Object;)Ljava/lang/Object;+98
j  javafx.stage.Stage.showAndWait()V+93
j  javafx.scene.control.HeavyweightDialog.showAndWait()V+22
j  javafx.scene.control.Dialog.showAndWait()Ljava/util/Optional;+86
j  com.express.servermanagertool.ui.RemoteFileBrowser.showError(Ljava/lang/String;)V+15
j  com.express.servermanagertool.ui.RemoteFileBrowser.lambda$loadDirectory$27(Ljava/lang/Exception;)V+10
j  com.express.servermanagertool.ui.RemoteFileBrowser$$Lambda$939+0x000001e00b39cf28.run()V+8
J 6707 c1 com.sun.javafx.application.PlatformImpl$$Lambda$180+0x000001e00b116a08.run()Ljava/lang/Object; (8 bytes) @ 0x000001e06e0d9c84 [0x000001e06e0d9b40+0x0000000000000144]
J 6240 c1 com.sun.javafx.application.PlatformImpl.lambda$runLater$11(Ljava/lang/Runnable;Ljava/security/AccessControlContext;)V (41 bytes) @ 0x000001e06dcc8b7c [0x000001e06dcc85a0+0x00000000000005dc]
J 6239 c1 com.sun.javafx.application.PlatformImpl$$Lambda$179+0x000001e00b113640.run()V (12 bytes) @ 0x000001e06da581a4 [0x000001e06da58120+0x0000000000000084]
J 2931 c1 com.sun.glass.ui.InvokeLaterDispatcher$Future.run()V (91 bytes) @ 0x000001e06d968a94 [0x000001e06d968980+0x0000000000000114]
v  ~StubRoutines::call_stub
j  com.sun.glass.ui.win.WinApplication._enterNestedEventLoopImpl()Ljava/lang/Object;+0
j  com.sun.glass.ui.win.WinApplication._enterNestedEventLoop()Ljava/lang/Object;+15
j  com.sun.glass.ui.Application.enterNestedEventLoop()Ljava/lang/Object;+14
j  com.sun.glass.ui.EventLoop.enter()Ljava/lang/Object;+42
j  com.sun.javafx.tk.quantum.QuantumToolkit.enterNestedEventLoop(Ljava/lang/Object;)Ljava/lang/Object;+98
j  javafx.stage.Stage.showAndWait()V+93
j  javafx.scene.control.HeavyweightDialog.showAndWait()V+22
j  javafx.scene.control.Dialog.showAndWait()Ljava/util/Optional;+86
j  com.express.servermanagertool.ui.RemoteFileBrowser.showError(Ljava/lang/String;)V+15
j  com.express.servermanagertool.ui.RemoteFileBrowser.lambda$loadDirectory$27(Ljava/lang/Exception;)V+10
j  com.express.servermanagertool.ui.RemoteFileBrowser$$Lambda$939+0x000001e00b39cf28.run()V+8
J 6707 c1 com.sun.javafx.application.PlatformImpl$$Lambda$180+0x000001e00b116a08.run()Ljava/lang/Object; (8 bytes) @ 0x000001e06e0d9c84 [0x000001e06e0d9b40+0x0000000000000144]
J 6240 c1 com.sun.javafx.application.PlatformImpl.lambda$runLater$11(Ljava/lang/Runnable;Ljava/security/AccessControlContext;)V (41 bytes) @ 0x000001e06dcc8b7c [0x000001e06dcc85a0+0x00000000000005dc]
J 6239 c1 com.sun.javafx.application.PlatformImpl$$Lambda$179+0x000001e00b113640.run()V (12 bytes) @ 0x000001e06da581a4 [0x000001e06da58120+0x0000000000000084]
J 2931 c1 com.sun.glass.ui.InvokeLaterDispatcher$Future.run()V (91 bytes) @ 0x000001e06d968a94 [0x000001e06d968980+0x0000000000000114]
v  ~StubRoutines::call_stub
j  com.sun.glass.ui.win.WinApplication._enterNestedEventLoopImpl()Ljava/lang/Object;+0
j  com.sun.glass.ui.win.WinApplication._enterNestedEventLoop()Ljava/lang/Object;+15
j  com.sun.glass.ui.Application.enterNestedEventLoop()Ljava/lang/Object;+14
j  com.sun.glass.ui.EventLoop.enter()Ljava/lang/Object;+42
j  com.sun.javafx.tk.quantum.QuantumToolkit.enterNestedEventLoop(Ljava/lang/Object;)Ljava/lang/Object;+98
j  javafx.stage.Stage.showAndWait()V+93
j  javafx.scene.control.HeavyweightDialog.showAndWait()V+22
j  javafx.scene.control.Dialog.showAndWait()Ljava/util/Optional;+86
j  com.express.servermanagertool.ui.RemoteFileBrowser.showError(Ljava/lang/String;)V+15
j  com.express.servermanagertool.ui.RemoteFileBrowser.lambda$loadDirectory$27(Ljava/lang/Exception;)V+10
j  com.express.servermanagertool.ui.RemoteFileBrowser$$Lambda$939+0x000001e00b39cf28.run()V+8
J 6707 c1 com.sun.javafx.application.PlatformImpl$$Lambda$180+0x000001e00b116a08.run()Ljava/lang/Object; (8 bytes) @ 0x000001e06e0d9c84 [0x000001e06e0d9b40+0x0000000000000144]
J 6240 c1 com.sun.javafx.application.PlatformImpl.lambda$runLater$11(Ljava/lang/Runnable;Ljava/security/AccessControlContext;)V (41 bytes) @ 0x000001e06dcc8b7c [0x000001e06dcc85a0+0x00000000000005dc]
J 6239 c1 com.sun.javafx.application.PlatformImpl$$Lambda$179+0x000001e00b113640.run()V (12 bytes) @ 0x000001e06da581a4 [0x000001e06da58120+0x0000000000000084]
J 2931 c1 com.sun.glass.ui.InvokeLaterDispatcher$Future.run()V (91 bytes) @ 0x000001e06d968a94 [0x000001e06d968980+0x0000000000000114]
v  ~StubRoutines::call_stub
j  com.sun.glass.ui.win.WinApplication._enterNestedEventLoopImpl()Ljava/lang/Object;+0
j  com.sun.glass.ui.win.WinApplication._enterNestedEventLoop()Ljava/lang/Object;+15
j  com.sun.glass.ui.Application.enterNestedEventLoop()Ljava/lang/Object;+14
j  com.sun.glass.ui.EventLoop.enter()Ljava/lang/Object;+42
j  com.sun.javafx.tk.quantum.QuantumToolkit.enterNestedEventLoop(Ljava/lang/Object;)Ljava/lang/Object;+98
j  javafx.stage.Stage.showAndWait()V+93
j  javafx.scene.control.HeavyweightDialog.showAndWait()V+22
j  javafx.scene.control.Dialog.showAndWait()Ljava/util/Optional;+86
j  com.express.servermanagertool.ui.RemoteFileBrowser.showError(Ljava/lang/String;)V+15
j  com.express.servermanagertool.ui.RemoteFileBrowser.lambda$loadDirectory$27(Ljava/lang/Exception;)V+10
j  com.express.servermanagertool.ui.RemoteFileBrowser$$Lambda$939+0x000001e00b39cf28.run()V+8
J 6707 c1 com.sun.javafx.application.PlatformImpl$$Lambda$180+0x000001e00b116a08.run()Ljava/lang/Object; (8 bytes) @ 0x000001e06e0d9c84 [0x000001e06e0d9b40+0x0000000000000144]
J 6240 c1 com.sun.javafx.application.PlatformImpl.lambda$runLater$11(Ljava/lang/Runnable;Ljava/security/AccessControlContext;)V (41 bytes) @ 0x000001e06dcc8b7c [0x000001e06dcc85a0+0x00000000000005dc]
J 6239 c1 com.sun.javafx.application.PlatformImpl$$Lambda$179+0x000001e00b113640.run()V (12 bytes) @ 0x000001e06da581a4 [0x000001e06da58120+0x0000000000000084]
J 2931 c1 com.sun.glass.ui.InvokeLaterDispatcher$Future.run()V (91 bytes) @ 0x000001e06d968a94 [0x000001e06d968980+0x0000000000000114]
v  ~StubRoutines::call_stub
j  com.sun.glass.ui.win.WinApplication._enterNestedEventLoopImpl()Ljava/lang/Object;+0
j  com.sun.glass.ui.win.WinApplication._enterNestedEventLoop()Ljava/lang/Object;+15
j  com.sun.glass.ui.Application.enterNestedEventLoop()Ljava/lang/Object;+14
j  com.sun.glass.ui.EventLoop.enter()Ljava/lang/Object;+42
j  com.sun.javafx.tk.quantum.QuantumToolkit.enterNestedEventLoop(Ljava/lang/Object;)Ljava/lang/Object;+98
j  javafx.stage.Stage.showAndWait()V+93
j  javafx.scene.control.HeavyweightDialog.showAndWait()V+22
j  javafx.scene.control.Dialog.showAndWait()Ljava/util/Optional;+86
j  com.express.servermanagertool.ui.RemoteFileBrowser.showError(Ljava/lang/String;)V+15
j  com.express.servermanagertool.ui.RemoteFileBrowser.lambda$loadDirectory$27(Ljava/lang/Exception;)V+10
j  com.express.servermanagertool.ui.RemoteFileBrowser$$Lambda$939+0x000001e00b39cf28.run()V+8
J 6707 c1 com.sun.javafx.application.PlatformImpl$$Lambda$180+0x000001e00b116a08.run()Ljava/lang/Object; (8 bytes) @ 0x000001e06e0d9c84 [0x000001e06e0d9b40+0x0000000000000144]
J 6240 c1 com.sun.javafx.application.PlatformImpl.lambda$runLater$11(Ljava/lang/Runnable;Ljava/security/AccessControlContext;)V (41 bytes) @ 0x000001e06dcc8b7c [0x000001e06dcc85a0+0x00000000000005dc]
J 6239 c1 com.sun.javafx.application.PlatformImpl$$Lambda$179+0x000001e00b113640.run()V (12 bytes) @ 0x000001e06da581a4 [0x000001e06da58120+0x0000000000000084]
J 2931 c1 com.sun.glass.ui.InvokeLaterDispatcher$Future.run()V (91 bytes) @ 0x000001e06d968a94 [0x000001e06d968980+0x0000000000000114]
v  ~StubRoutines::call_stub
j  com.sun.glass.ui.win.WinApplication._enterNestedEventLoopImpl()Ljava/lang/Object;+0
j  com.sun.glass.ui.win.WinApplication._enterNestedEventLoop()Ljava/lang/Object;+15
j  com.sun.glass.ui.Application.enterNestedEventLoop()Ljava/lang/Object;+14
j  com.sun.glass.ui.EventLoop.enter()Ljava/lang/Object;+42
j  com.sun.javafx.tk.quantum.QuantumToolkit.enterNestedEventLoop(Ljava/lang/Object;)Ljava/lang/Object;+98
j  javafx.stage.Stage.showAndWait()V+93
j  javafx.scene.control.HeavyweightDialog.showAndWait()V+22
j  javafx.scene.control.Dialog.showAndWait()Ljava/util/Optional;+86
j  com.express.servermanagertool.ui.RemoteFileBrowser.showError(Ljava/lang/String;)V+15
j  com.express.servermanagertool.ui.RemoteFileBrowser.lambda$loadDirectory$27(Ljava/lang/Exception;)V+10
j  com.express.servermanagertool.ui.RemoteFileBrowser$$Lambda$939+0x000001e00b39cf28.run()V+8
J 6707 c1 com.sun.javafx.application.PlatformImpl$$Lambda$180+0x000001e00b116a08.run()Ljava/lang/Object; (8 bytes) @ 0x000001e06e0d9c84 [0x000001e06e0d9b40+0x0000000000000144]
J 6240 c1 com.sun.javafx.application.PlatformImpl.lambda$runLater$11(Ljava/lang/Runnable;Ljava/security/AccessControlContext;)V (41 bytes) @ 0x000001e06dcc8b7c [0x000001e06dcc85a0+0x00000000000005dc]
J 6239 c1 com.sun.javafx.application.PlatformImpl$$Lambda$179+0x000001e00b113640.run()V (12 bytes) @ 0x000001e06da581a4 [0x000001e06da58120+0x0000000000000084]
J 2931 c1 com.sun.glass.ui.InvokeLaterDispatcher$Future.run()V (91 bytes) @ 0x000001e06d968a94 [0x000001e06d968980+0x0000000000000114]
v  ~StubRoutines::call_stub
j  com.sun.glass.ui.win.WinApplication._enterNestedEventLoopImpl()Ljava/lang/Object;+0
j  com.sun.glass.ui.win.WinApplication._enterNestedEventLoop()Ljava/lang/Object;+15
j  com.sun.glass.ui.Application.enterNestedEventLoop()Ljava/lang/Object;+14
j  com.sun.glass.ui.EventLoop.enter()Ljava/lang/Object;+42
j  com.sun.javafx.tk.quantum.QuantumToolkit.enterNestedEventLoop(Ljava/lang/Object;)Ljava/lang/Object;+98
j  javafx.stage.Stage.showAndWait()V+93
j  javafx.scene.control.HeavyweightDialog.showAndWait()V+22
j  javafx.scene.control.Dialog.showAndWait()Ljava/util/Optional;+86
j  com.express.servermanagertool.ui.RemoteFileBrowser.showError(Ljava/lang/String;)V+15
j  com.express.servermanagertool.ui.RemoteFileBrowser.lambda$loadDirectory$27(Ljava/lang/Exception;)V+10
j  com.express.servermanagertool.ui.RemoteFileBrowser$$Lambda$939+0x000001e00b39cf28.run()V+8
J 6707 c1 com.sun.javafx.application.PlatformImpl$$Lambda$180+0x000001e00b116a08.run()Ljava/lang/Object; (8 bytes) @ 0x000001e06e0d9c84 [0x000001e06e0d9b40+0x0000000000000144]
J 6240 c1 com.sun.javafx.application.PlatformImpl.lambda$runLater$11(Ljava/lang/Runnable;Ljava/security/AccessControlContext;)V (41 bytes) @ 0x000001e06dcc8b7c [0x000001e06dcc85a0+0x00000000000005dc]
J 6239 c1 com.sun.javafx.application.PlatformImpl$$Lambda$179+0x000001e00b113640.run()V (12 bytes) @ 0x000001e06da581a4 [0x000001e06da58120+0x0000000000000084]
J 2931 c1 com.sun.glass.ui.InvokeLaterDispatcher$Future.run()V (91 bytes) @ 0x000001e06d968a94 [0x000001e06d968980+0x0000000000000114]
v  ~StubRoutines::call_stub
j  com.sun.glass.ui.win.WinApplication._enterNestedEventLoopImpl()Ljava/lang/Object;+0
j  com.sun.glass.ui.win.WinApplication._enterNestedEventLoop()Ljava/lang/Object;+15
j  com.sun.glass.ui.Application.enterNestedEventLoop()Ljava/lang/Object;+14
j  com.sun.glass.ui.EventLoop.enter()Ljava/lang/Object;+42
j  com.sun.javafx.tk.quantum.QuantumToolkit.enterNestedEventLoop(Ljava/lang/Object;)Ljava/lang/Object;+98
j  javafx.stage.Stage.showAndWait()V+93
j  javafx.scene.control.HeavyweightDialog.showAndWait()V+22
j  javafx.scene.control.Dialog.showAndWait()Ljava/util/Optional;+86
j  com.express.servermanagertool.ui.RemoteFileBrowser.showError(Ljava/lang/String;)V+15
j  com.express.servermanagertool.ui.RemoteFileBrowser.lambda$loadDirectory$27(Ljava/lang/Exception;)V+10
j  com.express.servermanagertool.ui.RemoteFileBrowser$$Lambda$939+0x000001e00b39cf28.run()V+8
J 6707 c1 com.sun.javafx.application.PlatformImpl$$Lambda$180+0x000001e00b116a08.run()Ljava/lang/Object; (8 bytes) @ 0x000001e06e0d9c84 [0x000001e06e0d9b40+0x0000000000000144]
J 6240 c1 com.sun.javafx.application.PlatformImpl.lambda$runLater$11(Ljava/lang/Runnable;Ljava/security/AccessControlContext;)V (41 bytes) @ 0x000001e06dcc8b7c [0x000001e06dcc85a0+0x00000000000005dc]
J 6239 c1 com.sun.javafx.application.PlatformImpl$$Lambda$179+0x000001e00b113640.run()V (12 bytes) @ 0x000001e06da581a4 [0x000001e06da58120+0x0000000000000084]
J 2931 c1 com.sun.glass.ui.InvokeLaterDispatcher$Future.run()V (91 bytes) @ 0x000001e06d968a94 [0x000001e06d968980+0x0000000000000114]
v  ~StubRoutines::call_stub
j  com.sun.glass.ui.win.WinApplication._enterNestedEventLoopImpl()Ljava/lang/Object;+0
j  com.sun.glass.ui.win.WinApplication._enterNestedEventLoop()Ljava/lang/Object;+15
j  com.sun.glass.ui.Application.enterNestedEventLoop()Ljava/lang/Object;+14
j  com.sun.glass.ui.EventLoop.enter()Ljava/lang/Object;+42
j  com.sun.javafx.tk.quantum.QuantumToolkit.enterNestedEventLoop(Ljava/lang/Object;)Ljava/lang/Object;+98
j  javafx.stage.Stage.showAndWait()V+93
j  javafx.scene.control.HeavyweightDialog.showAndWait()V+22
j  javafx.scene.control.Dialog.showAndWait()Ljava/util/Optional;+86
j  com.express.servermanagertool.ui.RemoteFileBrowser.showError(Ljava/lang/String;)V+15
j  com.express.servermanagertool.ui.RemoteFileBrowser.lambda$loadDirectory$27(Ljava/lang/Exception;)V+10
j  com.express.servermanagertool.ui.RemoteFileBrowser$$Lambda$939+0x000001e00b39cf28.run()V+8
J 6707 c1 com.sun.javafx.application.PlatformImpl$$Lambda$180+0x000001e00b116a08.run()Ljava/lang/Object; (8 bytes) @ 0x000001e06e0d9c84 [0x000001e06e0d9b40+0x0000000000000144]
J 6240 c1 com.sun.javafx.application.PlatformImpl.lambda$runLater$11(Ljava/lang/Runnable;Ljava/security/AccessControlContext;)V (41 bytes) @ 0x000001e06dcc8b7c [0x000001e06dcc85a0+0x00000000000005dc]
J 6239 c1 com.sun.javafx.application.PlatformImpl$$Lambda$179+0x000001e00b113640.run()V (12 bytes) @ 0x000001e06da581a4 [0x000001e06da58120+0x0000000000000084]
J 2931 c1 com.sun.glass.ui.InvokeLaterDispatcher$Future.run()V (91 bytes) @ 0x000001e06d968a94 [0x000001e06d968980+0x0000000000000114]
v  ~StubRoutines::call_stub
j  com.sun.glass.ui.win.WinApplication._enterNestedEventLoopImpl()Ljava/lang/Object;+0
j  com.sun.glass.ui.win.WinApplication._enterNestedEventLoop()Ljava/lang/Object;+15
j  com.sun.glass.ui.Application.enterNestedEventLoop()Ljava/lang/Object;+14
j  com.sun.glass.ui.EventLoop.enter()Ljava/lang/Object;+42
j  com.sun.javafx.tk.quantum.QuantumToolkit.enterNestedEventLoop(Ljava/lang/Object;)Ljava/lang/Object;+98
j  javafx.stage.Stage.showAndWait()V+93
j  javafx.scene.control.HeavyweightDialog.showAndWait()V+22
j  javafx.scene.control.Dialog.showAndWait()Ljava/util/Optional;+86
j  com.express.servermanagertool.ui.RemoteFileBrowser.showError(Ljava/lang/String;)V+15
j  com.express.servermanagertool.ui.RemoteFileBrowser.lambda$loadDirectory$27(Ljava/lang/Exception;)V+10
j  com.express.servermanagertool.ui.RemoteFileBrowser$$Lambda$939+0x000001e00b39cf28.run()V+8
J 6707 c1 com.sun.javafx.application.PlatformImpl$$Lambda$180+0x000001e00b116a08.run()Ljava/lang/Object; (8 bytes) @ 0x000001e06e0d9c84 [0x000001e06e0d9b40+0x0000000000000144]
J 6240 c1 com.sun.javafx.application.PlatformImpl.lambda$runLater$11(Ljava/lang/Runnable;Ljava/security/AccessControlContext;)V (41 bytes) @ 0x000001e06dcc8b7c [0x000001e06dcc85a0+0x00000000000005dc]
J 6239 c1 com.sun.javafx.application.PlatformImpl$$Lambda$179+0x000001e00b113640.run()V (12 bytes) @ 0x000001e06da581a4 [0x000001e06da58120+0x0000000000000084]
J 2931 c1 com.sun.glass.ui.InvokeLaterDispatcher$Future.run()V (91 bytes) @ 0x000001e06d968a94 [0x000001e06d968980+0x0000000000000114]
v  ~StubRoutines::call_stub
j  com.sun.glass.ui.win.WinApplication._enterNestedEventLoopImpl()Ljava/lang/Object;+0
j  com.sun.glass.ui.win.WinApplication._enterNestedEventLoop()Ljava/lang/Object;+15
j  com.sun.glass.ui.Application.enterNestedEventLoop()Ljava/lang/Object;+14
j  com.sun.glass.ui.EventLoop.enter()Ljava/lang/Object;+42
j  com.sun.javafx.tk.quantum.QuantumToolkit.enterNestedEventLoop(Ljava/lang/Object;)Ljava/lang/Object;+98
j  javafx.stage.Stage.showAndWait()V+93
j  javafx.scene.control.HeavyweightDialog.showAndWait()V+22
j  javafx.scene.control.Dialog.showAndWait()Ljava/util/Optional;+86
j  com.express.servermanagertool.ui.RemoteFileBrowser.showError(Ljava/lang/String;)V+15
j  com.express.servermanagertool.ui.RemoteFileBrowser.lambda$loadDirectory$27(Ljava/lang/Exception;)V+10
j  com.express.servermanagertool.ui.RemoteFileBrowser$$Lambda$939+0x000001e00b39cf28.run()V+8
J 6707 c1 com.sun.javafx.application.PlatformImpl$$Lambda$180+0x000001e00b116a08.run()Ljava/lang/Object; (8 bytes) @ 0x000001e06e0d9c84 [0x000001e06e0d9b40+0x0000000000000144]
J 6240 c1 com.sun.javafx.application.PlatformImpl.lambda$runLater$11(Ljava/lang/Runnable;Ljava/security/AccessControlContext;)V (41 bytes) @ 0x000001e06dcc8b7c [0x000001e06dcc85a0+0x00000000000005dc]
J 6239 c1 com.sun.javafx.application.PlatformImpl$$Lambda$179+0x000001e00b113640.run()V (12 bytes) @ 0x000001e06da581a4 [0x000001e06da58120+0x0000000000000084]
J 2931 c1 com.sun.glass.ui.InvokeLaterDispatcher$Future.run()V (91 bytes) @ 0x000001e06d968a94 [0x000001e06d968980+0x0000000000000114]
v  ~StubRoutines::call_stub
j  com.sun.glass.ui.win.WinApplication._enterNestedEventLoopImpl()Ljava/lang/Object;+0
j  com.sun.glass.ui.win.WinApplication._enterNestedEventLoop()Ljava/lang/Object;+15
j  com.sun.glass.ui.Application.enterNestedEventLoop()Ljava/lang/Object;+14
j  com.sun.glass.ui.EventLoop.enter()Ljava/lang/Object;+42
j  com.sun.javafx.tk.quantum.QuantumToolkit.enterNestedEventLoop(Ljava/lang/Object;)Ljava/lang/Object;+98
j  javafx.stage.Stage.showAndWait()V+93
j  javafx.scene.control.HeavyweightDialog.showAndWait()V+22
j  javafx.scene.control.Dialog.showAndWait()Ljava/util/Optional;+86
j  com.express.servermanagertool.ui.RemoteFileBrowser.showError(Ljava/lang/String;)V+15
j  com.express.servermanagertool.ui.RemoteFileBrowser.lambda$loadDirectory$27(Ljava/lang/Exception;)V+10
j  com.express.servermanagertool.ui.RemoteFileBrowser$$Lambda$939+0x000001e00b39cf28.run()V+8
J 6707 c1 com.sun.javafx.application.PlatformImpl$$Lambda$180+0x000001e00b116a08.run()Ljava/lang/Object; (8 bytes) @ 0x000001e06e0d9c84 [0x000001e06e0d9b40+0x0000000000000144]
J 6240 c1 com.sun.javafx.application.PlatformImpl.lambda$runLater$11(Ljava/lang/Runnable;Ljava/security/AccessControlContext;)V (41 bytes) @ 0x000001e06dcc8b7c [0x000001e06dcc85a0+0x00000000000005dc]
J 6239 c1 com.sun.javafx.application.PlatformImpl$$Lambda$179+0x000001e00b113640.run()V (12 bytes) @ 0x000001e06da581a4 [0x000001e06da58120+0x0000000000000084]
J 2931 c1 com.sun.glass.ui.InvokeLaterDispatcher$Future.run()V (91 bytes) @ 0x000001e06d968a94 [0x000001e06d968980+0x0000000000000114]
v  ~StubRoutines::call_stub
j  com.sun.glass.ui.win.WinApplication._enterNestedEventLoopImpl()Ljava/lang/Object;+0
j  com.sun.glass.ui.win.WinApplication._enterNestedEventLoop()Ljava/lang/Object;+15
j  com.sun.glass.ui.Application.enterNestedEventLoop()Ljava/lang/Object;+14
j  com.sun.glass.ui.EventLoop.enter()Ljava/lang/Object;+42
j  com.sun.javafx.tk.quantum.QuantumToolkit.enterNestedEventLoop(Ljava/lang/Object;)Ljava/lang/Object;+98
j  javafx.stage.Stage.showAndWait()V+93
j  javafx.scene.control.HeavyweightDialog.showAndWait()V+22
j  javafx.scene.control.Dialog.showAndWait()Ljava/util/Optional;+86
j  com.express.servermanagertool.ui.RemoteFileBrowser.showError(Ljava/lang/String;)V+15
j  com.express.servermanagertool.ui.RemoteFileBrowser.lambda$loadDirectory$27(Ljava/lang/Exception;)V+10
j  com.express.servermanagertool.ui.RemoteFileBrowser$$Lambda$939+0x000001e00b39cf28.run()V+8
J 6707 c1 com.sun.javafx.application.PlatformImpl$$Lambda$180+0x000001e00b116a08.run()Ljava/lang/Object; (8 bytes) @ 0x000001e06e0d9c84 [0x000001e06e0d9b40+0x0000000000000144]
J 6240 c1 com.sun.javafx.application.PlatformImpl.lambda$runLater$11(Ljava/lang/Runnable;Ljava/security/AccessControlContext;)V (41 bytes) @ 0x000001e06dcc8b7c [0x000001e06dcc85a0+0x00000000000005dc]
J 6239 c1 com.sun.javafx.application.PlatformImpl$$Lambda$179+0x000001e00b113640.run()V (12 bytes) @ 0x000001e06da581a4 [0x000001e06da58120+0x0000000000000084]
J 2931 c1 com.sun.glass.ui.InvokeLaterDispatcher$Future.run()V (91 bytes) @ 0x000001e06d968a94 [0x000001e06d968980+0x0000000000000114]
v  ~StubRoutines::call_stub
j  com.sun.glass.ui.win.WinApplication._enterNestedEventLoopImpl()Ljava/lang/Object;+0
j  com.sun.glass.ui.win.WinApplication._enterNestedEventLoop()Ljava/lang/Object;+15
j  com.sun.glass.ui.Application.enterNestedEventLoop()Ljava/lang/Object;+14
j  com.sun.glass.ui.EventLoop.enter()Ljava/lang/Object;+42
j  com.sun.javafx.tk.quantum.QuantumToolkit.enterNestedEventLoop(Ljava/lang/Object;)Ljava/lang/Object;+98
j  javafx.stage.Stage.showAndWait()V+93
j  javafx.scene.control.HeavyweightDialog.showAndWait()V+22
j  javafx.scene.control.Dialog.showAndWait()Ljava/util/Optional;+86
j  com.express.servermanagertool.ui.RemoteFileBrowser.showError(Ljava/lang/String;)V+15
j  com.express.servermanagertool.ui.RemoteFileBrowser.lambda$loadDirectory$27(Ljava/lang/Exception;)V+10
j  com.express.servermanagertool.ui.RemoteFileBrowser$$Lambda$939+0x000001e00b39cf28.run()V+8
J 6707 c1 com.sun.javafx.application.PlatformImpl$$Lambda$180+0x000001e00b116a08.run()Ljava/lang/Object; (8 bytes) @ 0x000001e06e0d9c84 [0x000001e06e0d9b40+0x0000000000000144]
J 6240 c1 com.sun.javafx.application.PlatformImpl.lambda$runLater$11(Ljava/lang/Runnable;Ljava/security/AccessControlContext;)V (41 bytes) @ 0x000001e06dcc8b7c [0x000001e06dcc85a0+0x00000000000005dc]
J 6239 c1 com.sun.javafx.application.PlatformImpl$$Lambda$179+0x000001e00b113640.run()V (12 bytes) @ 0x000001e06da581a4 [0x000001e06da58120+0x0000000000000084]
J 2931 c1 com.sun.glass.ui.InvokeLaterDispatcher$Future.run()V (91 bytes) @ 0x000001e06d968a94 [0x000001e06d968980+0x0000000000000114]
v  ~StubRoutines::call_stub
j  com.sun.glass.ui.win.WinApplication._enterNestedEventLoopImpl()Ljava/lang/Object;+0
j  com.sun.glass.ui.win.WinApplication._enterNestedEventLoop()Ljava/lang/Object;+15
j  com.sun.glass.ui.Application.enterNestedEventLoop()Ljava/lang/Object;+14
j  com.sun.glass.ui.EventLoop.enter()Ljava/lang/Object;+42
j  com.sun.javafx.tk.quantum.QuantumToolkit.enterNestedEventLoop(Ljava/lang/Object;)Ljava/lang/Object;+98
j  javafx.stage.Stage.showAndWait()V+93
j  javafx.scene.control.HeavyweightDialog.showAndWait()V+22
j  javafx.scene.control.Dialog.showAndWait()Ljava/util/Optional;+86
j  com.express.servermanagertool.ui.RemoteFileBrowser.showError(Ljava/lang/String;)V+15
j  com.express.servermanagertool.ui.RemoteFileBrowser.lambda$loadDirectory$27(Ljava/lang/Exception;)V+10
j  com.express.servermanagertool.ui.RemoteFileBrowser$$Lambda$939+0x000001e00b39cf28.run()V+8
J 6707 c1 com.sun.javafx.application.PlatformImpl$$Lambda$180+0x000001e00b116a08.run()Ljava/lang/Object; (8 bytes) @ 0x000001e06e0d9c84 [0x000001e06e0d9b40+0x0000000000000144]
J 6240 c1 com.sun.javafx.application.PlatformImpl.lambda$runLater$11(Ljava/lang/Runnable;Ljava/security/AccessControlContext;)V (41 bytes) @ 0x000001e06dcc8b7c [0x000001e06dcc85a0+0x00000000000005dc]
J 6239 c1 com.sun.javafx.application.PlatformImpl$$Lambda$179+0x000001e00b113640.run()V (12 bytes) @ 0x000001e06da581a4 [0x000001e06da58120+0x0000000000000084]
J 2931 c1 com.sun.glass.ui.InvokeLaterDispatcher$Future.run()V (91 bytes) @ 0x000001e06d968a94 [0x000001e06d968980+0x0000000000000114]
v  ~StubRoutines::call_stub
j  com.sun.glass.ui.win.WinApplication._enterNestedEventLoopImpl()Ljava/lang/Object;+0
j  com.sun.glass.ui.win.WinApplication._enterNestedEventLoop()Ljava/lang/Object;+15
j  com.sun.glass.ui.Application.enterNestedEventLoop()Ljava/lang/Object;+14
j  com.sun.glass.ui.EventLoop.enter()Ljava/lang/Object;+42
j  com.sun.javafx.tk.quantum.QuantumToolkit.enterNestedEventLoop(Ljava/lang/Object;)Ljava/lang/Object;+98
j  javafx.stage.Stage.showAndWait()V+93
j  javafx.scene.control.HeavyweightDialog.showAndWait()V+22
j  javafx.scene.control.Dialog.showAndWait()Ljava/util/Optional;+86
j  com.express.servermanagertool.ui.RemoteFileBrowser.showError(Ljava/lang/String;)V+15
j  com.express.servermanagertool.ui.RemoteFileBrowser.lambda$loadDirectory$27(Ljava/lang/Exception;)V+10
j  com.express.servermanagertool.ui.RemoteFileBrowser$$Lambda$939+0x000001e00b39cf28.run()V+8
J 6707 c1 com.sun.javafx.application.PlatformImpl$$Lambda$180+0x000001e00b116a08.run()Ljava/lang/Object; (8 bytes) @ 0x000001e06e0d9c84 [0x000001e06e0d9b40+0x0000000000000144]
J 6240 c1 com.sun.javafx.application.PlatformImpl.lambda$runLater$11(Ljava/lang/Runnable;Ljava/security/AccessControlContext;)V (41 bytes) @ 0x000001e06dcc8b7c [0x000001e06dcc85a0+0x00000000000005dc]
J 6239 c1 com.sun.javafx.application.PlatformImpl$$Lambda$179+0x000001e00b113640.run()V (12 bytes) @ 0x000001e06da581a4 [0x000001e06da58120+0x0000000000000084]
J 2931 c1 com.sun.glass.ui.InvokeLaterDispatcher$Future.run()V (91 bytes) @ 0x000001e06d968a94 [0x000001e06d968980+0x0000000000000114]
v  ~StubRoutines::call_stub
j  com.sun.glass.ui.win.WinApplication._enterNestedEventLoopImpl()Ljava/lang/Object;+0
j  com.sun.glass.ui.win.WinApplication._enterNestedEventLoop()Ljava/lang/Object;+15
j  com.sun.glass.ui.Application.enterNestedEventLoop()Ljava/lang/Object;+14
j  com.sun.glass.ui.EventLoop.enter()Ljava/lang/Object;+42
j  com.sun.javafx.tk.quantum.QuantumToolkit.enterNestedEventLoop(Ljava/lang/Object;)Ljava/lang/Object;+98
j  javafx.stage.Stage.showAndWait()V+93
j  javafx.scene.control.HeavyweightDialog.showAndWait()V+22
j  javafx.scene.control.Dialog.showAndWait()Ljava/util/Optional;+86
j  com.express.servermanagertool.ui.RemoteFileBrowser.showError(Ljava/lang/String;)V+15
j  com.express.servermanagertool.ui.RemoteFileBrowser.lambda$loadDirectory$27(Ljava/lang/Exception;)V+10
j  com.express.servermanagertool.ui.RemoteFileBrowser$$Lambda$939+0x000001e00b39cf28.run()V+8
J 6707 c1 com.sun.javafx.application.PlatformImpl$$Lambda$180+0x000001e00b116a08.run()Ljava/lang/Object; (8 bytes) @ 0x000001e06e0d9c84 [0x000001e06e0d9b40+0x0000000000000144]
J 6240 c1 com.sun.javafx.application.PlatformImpl.lambda$runLater$11(Ljava/lang/Runnable;Ljava/security/AccessControlContext;)V (41 bytes) @ 0x000001e06dcc8b7c [0x000001e06dcc85a0+0x00000000000005dc]
J 6239 c1 com.sun.javafx.application.PlatformImpl$$Lambda$179+0x000001e00b113640.run()V (12 bytes) @ 0x000001e06da581a4 [0x000001e06da58120+0x0000000000000084]
J 2931 c1 com.sun.glass.ui.InvokeLaterDispatcher$Future.run()V (91 bytes) @ 0x000001e06d968a94 [0x000001e06d968980+0x0000000000000114]
v  ~StubRoutines::call_stub
j  com.sun.glass.ui.win.WinApplication._enterNestedEventLoopImpl()Ljava/lang/Object;+0
j  com.sun.glass.ui.win.WinApplication._enterNestedEventLoop()Ljava/lang/Object;+15
j  com.sun.glass.ui.Application.enterNestedEventLoop()Ljava/lang/Object;+14
j  com.sun.glass.ui.EventLoop.enter()Ljava/lang/Object;+42
j  com.sun.javafx.tk.quantum.QuantumToolkit.enterNestedEventLoop(Ljava/lang/Object;)Ljava/lang/Object;+98
j  javafx.stage.Stage.showAndWait()V+93
j  javafx.scene.control.HeavyweightDialog.showAndWait()V+22
j  javafx.scene.control.Dialog.showAndWait()Ljava/util/Optional;+86
j  com.express.servermanagertool.ui.RemoteFileBrowser.showError(Ljava/lang/String;)V+15
j  com.express.servermanagertool.ui.RemoteFileBrowser.lambda$loadDirectory$27(Ljava/lang/Exception;)V+10
j  com.express.servermanagertool.ui.RemoteFileBrowser$$Lambda$939+0x000001e00b39cf28.run()V+8
J 6707 c1 com.sun.javafx.application.PlatformImpl$$Lambda$180+0x000001e00b116a08.run()Ljava/lang/Object; (8 bytes) @ 0x000001e06e0d9c84 [0x000001e06e0d9b40+0x0000000000000144]
J 6240 c1 com.sun.javafx.application.PlatformImpl.lambda$runLater$11(Ljava/lang/Runnable;Ljava/security/AccessControlContext;)V (41 bytes) @ 0x000001e06dcc8b7c [0x000001e06dcc85a0+0x00000000000005dc]
J 6239 c1 com.sun.javafx.application.PlatformImpl$$Lambda$179+0x000001e00b113640.run()V (12 bytes) @ 0x000001e06da581a4 [0x000001e06da58120+0x0000000000000084]
J 2931 c1 com.sun.glass.ui.InvokeLaterDispatcher$Future.run()V (91 bytes) @ 0x000001e06d968a94 [0x000001e06d968980+0x0000000000000114]
v  ~StubRoutines::call_stub
j  com.sun.glass.ui.win.WinApplication._enterNestedEventLoopImpl()Ljava/lang/Object;+0
j  com.sun.glass.ui.win.WinApplication._enterNestedEventLoop()Ljava/lang/Object;+15
j  com.sun.glass.ui.Application.enterNestedEventLoop()Ljava/lang/Object;+14
j  com.sun.glass.ui.EventLoop.enter()Ljava/lang/Object;+42
j  com.sun.javafx.tk.quantum.QuantumToolkit.enterNestedEventLoop(Ljava/lang/Object;)Ljava/lang/Object;+98
j  javafx.stage.Stage.showAndWait()V+93
j  javafx.scene.control.HeavyweightDialog.showAndWait()V+22
j  javafx.scene.control.Dialog.showAndWait()Ljava/util/Optional;+86
j  com.express.servermanagertool.ui.RemoteFileBrowser.showError(Ljava/lang/String;)V+15
j  com.express.servermanagertool.ui.RemoteFileBrowser.lambda$loadDirectory$27(Ljava/lang/Exception;)V+10
j  com.express.servermanagertool.ui.RemoteFileBrowser$$Lambda$939+0x000001e00b39cf28.run()V+8
J 6707 c1 com.sun.javafx.application.PlatformImpl$$Lambda$180+0x000001e00b116a08.run()Ljava/lang/Object; (8 bytes) @ 0x000001e06e0d9c84 [0x000001e06e0d9b40+0x0000000000000144]
J 6240 c1 com.sun.javafx.application.PlatformImpl.lambda$runLater$11(Ljava/lang/Runnable;Ljava/security/AccessControlContext;)V (41 bytes) @ 0x000001e06dcc8b7c [0x000001e06dcc85a0+0x00000000000005dc]
J 6239 c1 com.sun.javafx.application.PlatformImpl$$Lambda$179+0x000001e00b113640.run()V (12 bytes) @ 0x000001e06da581a4 [0x000001e06da58120+0x0000000000000084]
J 2931 c1 com.sun.glass.ui.InvokeLaterDispatcher$Future.run()V (91 bytes) @ 0x000001e06d968a94 [0x000001e06d968980+0x0000000000000114]
v  ~StubRoutines::call_stub
j  com.sun.glass.ui.win.WinApplication._enterNestedEventLoopImpl()Ljava/lang/Object;+0
j  com.sun.glass.ui.win.WinApplication._enterNestedEventLoop()Ljava/lang/Object;+15
j  com.sun.glass.ui.Application.enterNestedEventLoop()Ljava/lang/Object;+14
j  com.sun.glass.ui.EventLoop.enter()Ljava/lang/Object;+42
j  com.sun.javafx.tk.quantum.QuantumToolkit.enterNestedEventLoop(Ljava/lang/Object;)Ljava/lang/Object;+98
j  javafx.stage.Stage.showAndWait()V+93
j  javafx.scene.control.HeavyweightDialog.showAndWait()V+22
j  javafx.scene.control.Dialog.showAndWait()Ljava/util/Optional;+86
j  com.express.servermanagertool.ui.RemoteFileBrowser.showError(Ljava/lang/String;)V+15
j  com.express.servermanagertool.ui.RemoteFileBrowser.lambda$loadDirectory$27(Ljava/lang/Exception;)V+10
j  com.express.servermanagertool.ui.RemoteFileBrowser$$Lambda$939+0x000001e00b39cf28.run()V+8
J 6707 c1 com.sun.javafx.application.PlatformImpl$$Lambda$180+0x000001e00b116a08.run()Ljava/lang/Object; (8 bytes) @ 0x000001e06e0d9c84 [0x000001e06e0d9b40+0x0000000000000144]
J 6240 c1 com.sun.javafx.application.PlatformImpl.lambda$runLater$11(Ljava/lang/Runnable;Ljava/security/AccessControlContext;)V (41 bytes) @ 0x000001e06dcc8b7c [0x000001e06dcc85a0+0x00000000000005dc]
J 6239 c1 com.sun.javafx.application.PlatformImpl$$Lambda$179+0x000001e00b113640.run()V (12 bytes) @ 0x000001e06da581a4 [0x000001e06da58120+0x0000000000000084]
J 2931 c1 com.sun.glass.ui.InvokeLaterDispatcher$Future.run()V (91 bytes) @ 0x000001e06d968a94 [0x000001e06d968980+0x0000000000000114]
v  ~StubRoutines::call_stub
j  com.sun.glass.ui.win.WinApplication._enterNestedEventLoopImpl()Ljava/lang/Object;+0
j  com.sun.glass.ui.win.WinApplication._enterNestedEventLoop()Ljava/lang/Object;+15
j  com.sun.glass.ui.Application.enterNestedEventLoop()Ljava/lang/Object;+14
j  com.sun.glass.ui.EventLoop.enter()Ljava/lang/Object;+42
j  com.sun.javafx.tk.quantum.QuantumToolkit.enterNestedEventLoop(Ljava/lang/Object;)Ljava/lang/Object;+98
j  javafx.stage.Stage.showAndWait()V+93
j  javafx.scene.control.HeavyweightDialog.showAndWait()V+22
j  javafx.scene.control.Dialog.showAndWait()Ljava/util/Optional;+86
j  com.express.servermanagertool.ui.RemoteFileBrowser.showError(Ljava/lang/String;)V+15
j  com.express.servermanagertool.ui.RemoteFileBrowser.lambda$loadDirectory$27(Ljava/lang/Exception;)V+10
j  com.express.servermanagertool.ui.RemoteFileBrowser$$Lambda$939+0x000001e00b39cf28.run()V+8
J 6707 c1 com.sun.javafx.application.PlatformImpl$$Lambda$180+0x000001e00b116a08.run()Ljava/lang/Object; (8 bytes) @ 0x000001e06e0d9c84 [0x000001e06e0d9b40+0x0000000000000144]
J 6240 c1 com.sun.javafx.application.PlatformImpl.lambda$runLater$11(Ljava/lang/Runnable;Ljava/security/AccessControlContext;)V (41 bytes) @ 0x000001e06dcc8b7c [0x000001e06dcc85a0+0x00000000000005dc]
J 6239 c1 com.sun.javafx.application.PlatformImpl$$Lambda$179+0x000001e00b113640.run()V (12 bytes) @ 0x000001e06da581a4 [0x000001e06da58120+0x0000000000000084]
J 2931 c1 com.sun.glass.ui.InvokeLaterDispatcher$Future.run()V (91 bytes) @ 0x000001e06d968a94 [0x000001e06d968980+0x0000000000000114]
v  ~StubRoutines::call_stub
j  com.sun.glass.ui.win.WinApplication._enterNestedEventLoopImpl()Ljava/lang/Object;+0
j  com.sun.glass.ui.win.WinApplication._enterNestedEventLoop()Ljava/lang/Object;+15
j  com.sun.glass.ui.Application.enterNestedEventLoop()Ljava/lang/Object;+14
j  com.sun.glass.ui.EventLoop.enter()Ljava/lang/Object;+42
j  com.sun.javafx.tk.quantum.QuantumToolkit.enterNestedEventLoop(Ljava/lang/Object;)Ljava/lang/Object;+98
j  javafx.stage.Stage.showAndWait()V+93
j  javafx.scene.control.HeavyweightDialog.showAndWait()V+22
j  javafx.scene.control.Dialog.showAndWait()Ljava/util/Optional;+86
j  com.express.servermanagertool.ui.RemoteFileBrowser.showError(Ljava/lang/String;)V+15
j  com.express.servermanagertool.ui.RemoteFileBrowser.lambda$loadDirectory$27(Ljava/lang/Exception;)V+10
j  com.express.servermanagertool.ui.RemoteFileBrowser$$Lambda$939+0x000001e00b39cf28.run()V+8
J 6707 c1 com.sun.javafx.application.PlatformImpl$$Lambda$180+0x000001e00b116a08.run()Ljava/lang/Object; (8 bytes) @ 0x000001e06e0d9c84 [0x000001e06e0d9b40+0x0000000000000144]
J 6240 c1 com.sun.javafx.application.PlatformImpl.lambda$runLater$11(Ljava/lang/Runnable;Ljava/security/AccessControlContext;)V (41 bytes) @ 0x000001e06dcc8b7c [0x000001e06dcc85a0+0x00000000000005dc]
J 6239 c1 com.sun.javafx.application.PlatformImpl$$Lambda$179+0x000001e00b113640.run()V (12 bytes) @ 0x000001e06da581a4 [0x000001e06da58120+0x0000000000000084]
J 2931 c1 com.sun.glass.ui.InvokeLaterDispatcher$Future.run()V (91 bytes) @ 0x000001e06d968a94 [0x000001e06d968980+0x0000000000000114]
v  ~StubRoutines::call_stub
j  com.sun.glass.ui.win.WinApplication._enterNestedEventLoopImpl()Ljava/lang/Object;+0
j  com.sun.glass.ui.win.WinApplication._enterNestedEventLoop()Ljava/lang/Object;+15
j  com.sun.glass.ui.Application.enterNestedEventLoop()Ljava/lang/Object;+14
j  com.sun.glass.ui.EventLoop.enter()Ljava/lang/Object;+42
j  com.sun.javafx.tk.quantum.QuantumToolkit.enterNestedEventLoop(Ljava/lang/Object;)Ljava/lang/Object;+98
j  javafx.stage.Stage.showAndWait()V+93
j  javafx.scene.control.HeavyweightDialog.showAndWait()V+22
j  javafx.scene.control.Dialog.showAndWait()Ljava/util/Optional;+86
j  com.express.servermanagertool.ui.RemoteFileBrowser.showError(Ljava/lang/String;)V+15
j  com.express.servermanagertool.ui.RemoteFileBrowser.lambda$loadDirectory$27(Ljava/lang/Exception;)V+10
j  com.express.servermanagertool.ui.RemoteFileBrowser$$Lambda$939+0x000001e00b39cf28.run()V+8
J 6707 c1 com.sun.javafx.application.PlatformImpl$$Lambda$180+0x000001e00b116a08.run()Ljava/lang/Object; (8 bytes) @ 0x000001e06e0d9c84 [0x000001e06e0d9b40+0x0000000000000144]
J 6240 c1 com.sun.javafx.application.PlatformImpl.lambda$runLater$11(Ljava/lang/Runnable;Ljava/security/AccessControlContext;)V (41 bytes) @ 0x000001e06dcc8b7c [0x000001e06dcc85a0+0x00000000000005dc]
J 6239 c1 com.sun.javafx.application.PlatformImpl$$Lambda$179+0x000001e00b113640.run()V (12 bytes) @ 0x000001e06da581a4 [0x000001e06da58120+0x0000000000000084]
J 2931 c1 com.sun.glass.ui.InvokeLaterDispatcher$Future.run()V (91 bytes) @ 0x000001e06d968a94 [0x000001e06d968980+0x0000000000000114]
v  ~StubRoutines::call_stub
j  com.sun.glass.ui.win.WinApplication._enterNestedEventLoopImpl()Ljava/lang/Object;+0
j  com.sun.glass.ui.win.WinApplication._enterNestedEventLoop()Ljava/lang/Object;+15
j  com.sun.glass.ui.Application.enterNestedEventLoop()Ljava/lang/Object;+14
j  com.sun.glass.ui.EventLoop.enter()Ljava/lang/Object;+42
j  com.sun.javafx.tk.quantum.QuantumToolkit.enterNestedEventLoop(Ljava/lang/Object;)Ljava/lang/Object;+98
j  javafx.stage.Stage.showAndWait()V+93
j  javafx.scene.control.HeavyweightDialog.showAndWait()V+22
j  javafx.scene.control.Dialog.showAndWait()Ljava/util/Optional;+86
j  com.express.servermanagertool.ui.RemoteFileBrowser.showError(Ljava/lang/String;)V+15
j  com.express.servermanagertool.ui.RemoteFileBrowser.lambda$loadDirectory$27(Ljava/lang/Exception;)V+10
j  com.express.servermanagertool.ui.RemoteFileBrowser$$Lambda$939+0x000001e00b39cf28.run()V+8
J 6707 c1 com.sun.javafx.application.PlatformImpl$$Lambda$180+0x000001e00b116a08.run()Ljava/lang/Object; (8 bytes) @ 0x000001e06e0d9c84 [0x000001e06e0d9b40+0x0000000000000144]
J 6240 c1 com.sun.javafx.application.PlatformImpl.lambda$runLater$11(Ljava/lang/Runnable;Ljava/security/AccessControlContext;)V (41 bytes) @ 0x000001e06dcc8b7c [0x000001e06dcc85a0+0x00000000000005dc]
J 6239 c1 com.sun.javafx.application.PlatformImpl$$Lambda$179+0x000001e00b113640.run()V (12 bytes) @ 0x000001e06da581a4 [0x000001e06da58120+0x0000000000000084]
J 2931 c1 com.sun.glass.ui.InvokeLaterDispatcher$Future.run()V (91 bytes) @ 0x000001e06d968a94 [0x000001e06d968980+0x0000000000000114]
v  ~StubRoutines::call_stub
j  com.sun.glass.ui.win.WinApplication._enterNestedEventLoopImpl()Ljava/lang/Object;+0
j  com.sun.glass.ui.win.WinApplication._enterNestedEventLoop()Ljava/lang/Object;+15
j  com.sun.glass.ui.Application.enterNestedEventLoop()Ljava/lang/Object;+14
j  com.sun.glass.ui.EventLoop.enter()Ljava/lang/Object;+42
j  com.sun.javafx.tk.quantum.QuantumToolkit.enterNestedEventLoop(Ljava/lang/Object;)Ljava/lang/Object;+98
j  javafx.stage.Stage.showAndWait()V+93
j  javafx.scene.control.HeavyweightDialog.showAndWait()V+22
j  javafx.scene.control.Dialog.showAndWait()Ljava/util/Optional;+86
j  com.express.servermanagertool.ui.RemoteFileBrowser.showError(Ljava/lang/String;)V+15
j  com.express.servermanagertool.ui.RemoteFileBrowser.lambda$loadDirectory$27(Ljava/lang/Exception;)V+10
j  com.express.servermanagertool.ui.RemoteFileBrowser$$Lambda$939+0x000001e00b39cf28.run()V+8
J 6707 c1 com.sun.javafx.application.PlatformImpl$$Lambda$180+0x000001e00b116a08.run()Ljava/lang/Object; (8 bytes) @ 0x000001e06e0d9c84 [0x000001e06e0d9b40+0x0000000000000144]
J 6240 c1 com.sun.javafx.application.PlatformImpl.lambda$runLater$11(Ljava/lang/Runnable;Ljava/security/AccessControlContext;)V (41 bytes) @ 0x000001e06dcc8b7c [0x000001e06dcc85a0+0x00000000000005dc]
J 6239 c1 com.sun.javafx.application.PlatformImpl$$Lambda$179+0x000001e00b113640.run()V (12 bytes) @ 0x000001e06da581a4 [0x000001e06da58120+0x0000000000000084]
J 2931 c1 com.sun.glass.ui.InvokeLaterDispatcher$Future.run()V (91 bytes) @ 0x000001e06d968a94 [0x000001e06d968980+0x0000000000000114]
v  ~StubRoutines::call_stub
j  com.sun.glass.ui.win.WinApplication._enterNestedEventLoopImpl()Ljava/lang/Object;+0
j  com.sun.glass.ui.win.WinApplication._enterNestedEventLoop()Ljava/lang/Object;+15
j  com.sun.glass.ui.Application.enterNestedEventLoop()Ljava/lang/Object;+14
j  com.sun.glass.ui.EventLoop.enter()Ljava/lang/Object;+42
j  com.sun.javafx.tk.quantum.QuantumToolkit.enterNestedEventLoop(Ljava/lang/Object;)Ljava/lang/Object;+98
j  javafx.stage.Stage.showAndWait()V+93
j  javafx.scene.control.HeavyweightDialog.showAndWait()V+22
j  javafx.scene.control.Dialog.showAndWait()Ljava/util/Optional;+86
j  com.express.servermanagertool.ui.RemoteFileBrowser.showError(Ljava/lang/String;)V+15
j  com.express.servermanagertool.ui.RemoteFileBrowser.lambda$loadDirectory$27(Ljava/lang/Exception;)V+10
j  com.express.servermanagertool.ui.RemoteFileBrowser$$Lambda$939+0x000001e00b39cf28.run()V+8
J 6707 c1 com.sun.javafx.application.PlatformImpl$$Lambda$180+0x000001e00b116a08.run()Ljava/lang/Object; (8 bytes) @ 0x000001e06e0d9c84 [0x000001e06e0d9b40+0x0000000000000144]
J 6240 c1 com.sun.javafx.application.PlatformImpl.lambda$runLater$11(Ljava/lang/Runnable;Ljava/security/AccessControlContext;)V (41 bytes) @ 0x000001e06dcc8b7c [0x000001e06dcc85a0+0x00000000000005dc]
J 6239 c1 com.sun.javafx.application.PlatformImpl$$Lambda$179+0x000001e00b113640.run()V (12 bytes) @ 0x000001e06da581a4 [0x000001e06da58120+0x0000000000000084]
J 2931 c1 com.sun.glass.ui.InvokeLaterDispatcher$Future.run()V (91 bytes) @ 0x000001e06d968a94 [0x000001e06d968980+0x0000000000000114]
v  ~StubRoutines::call_stub
j  com.sun.glass.ui.win.WinApplication._enterNestedEventLoopImpl()Ljava/lang/Object;+0
j  com.sun.glass.ui.win.WinApplication._enterNestedEventLoop()Ljava/lang/Object;+15
j  com.sun.glass.ui.Application.enterNestedEventLoop()Ljava/lang/Object;+14
j  com.sun.glass.ui.EventLoop.enter()Ljava/lang/Object;+42
j  com.sun.javafx.tk.quantum.QuantumToolkit.enterNestedEventLoop(Ljava/lang/Object;)Ljava/lang/Object;+98
j  javafx.stage.Stage.showAndWait()V+93
j  javafx.scene.control.HeavyweightDialog.showAndWait()V+22
j  javafx.scene.control.Dialog.showAndWait()Ljava/util/Optional;+86
j  com.express.servermanagertool.ui.RemoteFileBrowser.showError(Ljava/lang/String;)V+15
j  com.express.servermanagertool.ui.RemoteFileBrowser.lambda$loadDirectory$27(Ljava/lang/Exception;)V+10
j  com.express.servermanagertool.ui.RemoteFileBrowser$$Lambda$939+0x000001e00b39cf28.run()V+8
J 6707 c1 com.sun.javafx.application.PlatformImpl$$Lambda$180+0x000001e00b116a08.run()Ljava/lang/Object; (8 bytes) @ 0x000001e06e0d9c84 [0x000001e06e0d9b40+0x0000000000000144]
J 6240 c1 com.sun.javafx.application.PlatformImpl.lambda$runLater$11(Ljava/lang/Runnable;Ljava/security/AccessControlContext;)V (41 bytes) @ 0x000001e06dcc8b7c [0x000001e06dcc85a0+0x00000000000005dc]
J 6239 c1 com.sun.javafx.application.PlatformImpl$$Lambda$179+0x000001e00b113640.run()V (12 bytes) @ 0x000001e06da581a4 [0x000001e06da58120+0x0000000000000084]
J 2931 c1 com.sun.glass.ui.InvokeLaterDispatcher$Future.run()V (91 bytes) @ 0x000001e06d968a94 [0x000001e06d968980+0x0000000000000114]
v  ~StubRoutines::call_stub
j  com.sun.glass.ui.win.WinApplication._enterNestedEventLoopImpl()Ljava/lang/Object;+0
j  com.sun.glass.ui.win.WinApplication._enterNestedEventLoop()Ljava/lang/Object;+15
j  com.sun.glass.ui.Application.enterNestedEventLoop()Ljava/lang/Object;+14
j  com.sun.glass.ui.EventLoop.enter()Ljava/lang/Object;+42
j  com.sun.javafx.tk.quantum.QuantumToolkit.enterNestedEventLoop(Ljava/lang/Object;)Ljava/lang/Object;+98
j  javafx.stage.Stage.showAndWait()V+93
j  javafx.scene.control.HeavyweightDialog.showAndWait()V+22
j  javafx.scene.control.Dialog.showAndWait()Ljava/util/Optional;+86
j  com.express.servermanagertool.ui.RemoteFileBrowser.showError(Ljava/lang/String;)V+15
j  com.express.servermanagertool.ui.RemoteFileBrowser.lambda$loadDirectory$27(Ljava/lang/Exception;)V+10
j  com.express.servermanagertool.ui.RemoteFileBrowser$$Lambda$939+0x000001e00b39cf28.run()V+8
J 6707 c1 com.sun.javafx.application.PlatformImpl$$Lambda$180+0x000001e00b116a08.run()Ljava/lang/Object; (8 bytes) @ 0x000001e06e0d9c84 [0x000001e06e0d9b40+0x0000000000000144]
J 6240 c1 com.sun.javafx.application.PlatformImpl.lambda$runLater$11(Ljava/lang/Runnable;Ljava/security/AccessControlContext;)V (41 bytes) @ 0x000001e06dcc8b7c [0x000001e06dcc85a0+0x00000000000005dc]
J 6239 c1 com.sun.javafx.application.PlatformImpl$$Lambda$179+0x000001e00b113640.run()V (12 bytes) @ 0x000001e06da581a4 [0x000001e06da58120+0x0000000000000084]
J 2931 c1 com.sun.glass.ui.InvokeLaterDispatcher$Future.run()V (91 bytes) @ 0x000001e06d968a94 [0x000001e06d968980+0x0000000000000114]
v  ~StubRoutines::call_stub
j  com.sun.glass.ui.win.WinApplication._enterNestedEventLoopImpl()Ljava/lang/Object;+0
j  com.sun.glass.ui.win.WinApplication._enterNestedEventLoop()Ljava/lang/Object;+15
j  com.sun.glass.ui.Application.enterNestedEventLoop()Ljava/lang/Object;+14
j  com.sun.glass.ui.EventLoop.enter()Ljava/lang/Object;+42
j  com.sun.javafx.tk.quantum.QuantumToolkit.enterNestedEventLoop(Ljava/lang/Object;)Ljava/lang/Object;+98
j  javafx.stage.Stage.showAndWait()V+93
j  javafx.scene.control.HeavyweightDialog.showAndWait()V+22
j  javafx.scene.control.Dialog.showAndWait()Ljava/util/Optional;+86
j  com.express.servermanagertool.ui.RemoteFileBrowser.showError(Ljava/lang/String;)V+15
j  com.express.servermanagertool.ui.RemoteFileBrowser.lambda$loadDirectory$27(Ljava/lang/Exception;)V+10
j  com.express.servermanagertool.ui.RemoteFileBrowser$$Lambda$939+0x000001e00b39cf28.run()V+8
J 6707 c1 com.sun.javafx.application.PlatformImpl$$Lambda$180+0x000001e00b116a08.run()Ljava/lang/Object; (8 bytes) @ 0x000001e06e0d9c84 [0x000001e06e0d9b40+0x0000000000000144]
J 6240 c1 com.sun.javafx.application.PlatformImpl.lambda$runLater$11(Ljava/lang/Runnable;Ljava/security/AccessControlContext;)V (41 bytes) @ 0x000001e06dcc8b7c [0x000001e06dcc85a0+0x00000000000005dc]
J 6239 c1 com.sun.javafx.application.PlatformImpl$$Lambda$179+0x000001e00b113640.run()V (12 bytes) @ 0x000001e06da581a4 [0x000001e06da58120+0x0000000000000084]
J 2931 c1 com.sun.glass.ui.InvokeLaterDispatcher$Future.run()V (91 bytes) @ 0x000001e06d968a94 [0x000001e06d968980+0x0000000000000114]
v  ~StubRoutines::call_stub
j  com.sun.glass.ui.win.WinApplication._enterNestedEventLoopImpl()Ljava/lang/Object;+0
j  com.sun.glass.ui.win.WinApplication._enterNestedEventLoop()Ljava/lang/Object;+15
j  com.sun.glass.ui.Application.enterNestedEventLoop()Ljava/lang/Object;+14
j  com.sun.glass.ui.EventLoop.enter()Ljava/lang/Object;+42
j  com.sun.javafx.tk.quantum.QuantumToolkit.enterNestedEventLoop(Ljava/lang/Object;)Ljava/lang/Object;+98
j  javafx.stage.Stage.showAndWait()V+93
j  javafx.scene.control.HeavyweightDialog.showAndWait()V+22
j  javafx.scene.control.Dialog.showAndWait()Ljava/util/Optional;+86
j  com.express.servermanagertool.ui.RemoteFileBrowser.showError(Ljava/lang/String;)V+15
j  com.express.servermanagertool.ui.RemoteFileBrowser.lambda$loadDirectory$27(Ljava/lang/Exception;)V+10
j  com.express.servermanagertool.ui.RemoteFileBrowser$$Lambda$939+0x000001e00b39cf28.run()V+8
J 6707 c1 com.sun.javafx.application.PlatformImpl$$Lambda$180+0x000001e00b116a08.run()Ljava/lang/Object; (8 bytes) @ 0x000001e06e0d9c84 [0x000001e06e0d9b40+0x0000000000000144]
J 6240 c1 com.sun.javafx.application.PlatformImpl.lambda$runLater$11(Ljava/lang/Runnable;Ljava/security/AccessControlContext;)V (41 bytes) @ 0x000001e06dcc8b7c [0x000001e06dcc85a0+0x00000000000005dc]
J 6239 c1 com.sun.javafx.application.PlatformImpl$$Lambda$179+0x000001e00b113640.run()V (12 bytes) @ 0x000001e06da581a4 [0x000001e06da58120+0x0000000000000084]
J 2931 c1 com.sun.glass.ui.InvokeLaterDispatcher$Future.run()V (91 bytes) @ 0x000001e06d968a94 [0x000001e06d968980+0x0000000000000114]
v  ~StubRoutines::call_stub
j  com.sun.glass.ui.win.WinApplication._enterNestedEventLoopImpl()Ljava/lang/Object;+0
j  com.sun.glass.ui.win.WinApplication._enterNestedEventLoop()Ljava/lang/Object;+15
j  com.sun.glass.ui.Application.enterNestedEventLoop()Ljava/lang/Object;+14
j  com.sun.glass.ui.EventLoop.enter()Ljava/lang/Object;+42
j  com.sun.javafx.tk.quantum.QuantumToolkit.enterNestedEventLoop(Ljava/lang/Object;)Ljava/lang/Object;+98
j  javafx.stage.Stage.showAndWait()V+93
j  javafx.scene.control.HeavyweightDialog.showAndWait()V+22
j  javafx.scene.control.Dialog.showAndWait()Ljava/util/Optional;+86
j  com.express.servermanagertool.ui.RemoteFileBrowser.showError(Ljava/lang/String;)V+15
j  com.express.servermanagertool.ui.RemoteFileBrowser.lambda$loadDirectory$27(Ljava/lang/Exception;)V+10
j  com.express.servermanagertool.ui.RemoteFileBrowser$$Lambda$939+0x000001e00b39cf28.run()V+8
J 6707 c1 com.sun.javafx.application.PlatformImpl$$Lambda$180+0x000001e00b116a08.run()Ljava/lang/Object; (8 bytes) @ 0x000001e06e0d9c84 [0x000001e06e0d9b40+0x0000000000000144]
J 6240 c1 com.sun.javafx.application.PlatformImpl.lambda$runLater$11(Ljava/lang/Runnable;Ljava/security/AccessControlContext;)V (41 bytes) @ 0x000001e06dcc8b7c [0x000001e06dcc85a0+0x00000000000005dc]
J 6239 c1 com.sun.javafx.application.PlatformImpl$$Lambda$179+0x000001e00b113640.run()V (12 bytes) @ 0x000001e06da581a4 [0x000001e06da58120+0x0000000000000084]
J 2931 c1 com.sun.glass.ui.InvokeLaterDispatcher$Future.run()V (91 bytes) @ 0x000001e06d968a94 [0x000001e06d968980+0x0000000000000114]
v  ~StubRoutines::call_stub
j  com.sun.glass.ui.win.WinApplication._enterNestedEventLoopImpl()Ljava/lang/Object;+0
j  com.sun.glass.ui.win.WinApplication._enterNestedEventLoop()Ljava/lang/Object;+15
j  com.sun.glass.ui.Application.enterNestedEventLoop()Ljava/lang/Object;+14
j  com.sun.glass.ui.EventLoop.enter()Ljava/lang/Object;+42
j  com.sun.javafx.tk.quantum.QuantumToolkit.enterNestedEventLoop(Ljava/lang/Object;)Ljava/lang/Object;+98
j  javafx.stage.Stage.showAndWait()V+93
j  javafx.scene.control.HeavyweightDialog.showAndWait()V+22
j  javafx.scene.control.Dialog.showAndWait()Ljava/util/Optional;+86
j  com.express.servermanagertool.ui.RemoteFileBrowser.showError(Ljava/lang/String;)V+15
j  com.express.servermanagertool.ui.RemoteFileBrowser.lambda$loadDirectory$27(Ljava/lang/Exception;)V+10
j  com.express.servermanagertool.ui.RemoteFileBrowser$$Lambda$939+0x000001e00b39cf28.run()V+8
J 6707 c1 com.sun.javafx.application.PlatformImpl$$Lambda$180+0x000001e00b116a08.run()Ljava/lang/Object; (8 bytes) @ 0x000001e06e0d9c84 [0x000001e06e0d9b40+0x0000000000000144]
J 6240 c1 com.sun.javafx.application.PlatformImpl.lambda$runLater$11(Ljava/lang/Runnable;Ljava/security/AccessControlContext;)V (41 bytes) @ 0x000001e06dcc8b7c [0x000001e06dcc85a0+0x00000000000005dc]
J 6239 c1 com.sun.javafx.application.PlatformImpl$$Lambda$179+0x000001e00b113640.run()V (12 bytes) @ 0x000001e06da581a4 [0x000001e06da58120+0x0000000000000084]
J 2931 c1 com.sun.glass.ui.InvokeLaterDispatcher$Future.run()V (91 bytes) @ 0x000001e06d968a94 [0x000001e06d968980+0x0000000000000114]
v  ~StubRoutines::call_stub
j  com.sun.glass.ui.win.WinApplication._enterNestedEventLoopImpl()Ljava/lang/Object;+0
j  com.sun.glass.ui.win.WinApplication._enterNestedEventLoop()Ljava/lang/Object;+15
j  com.sun.glass.ui.Application.enterNestedEventLoop()Ljava/lang/Object;+14
j  com.sun.glass.ui.EventLoop.enter()Ljava/lang/Object;+42
j  com.sun.javafx.tk.quantum.QuantumToolkit.enterNestedEventLoop(Ljava/lang/Object;)Ljava/lang/Object;+98
j  javafx.stage.Stage.showAndWait()V+93
j  javafx.scene.control.HeavyweightDialog.showAndWait()V+22
j  javafx.scene.control.Dialog.showAndWait()Ljava/util/Optional;+86
j  com.express.servermanagertool.ui.RemoteFileBrowser.showError(Ljava/lang/String;)V+15
j  com.express.servermanagertool.ui.RemoteFileBrowser.lambda$loadDirectory$27(Ljava/lang/Exception;)V+10
j  com.express.servermanagertool.ui.RemoteFileBrowser$$Lambda$939+0x000001e00b39cf28.run()V+8
J 6707 c1 com.sun.javafx.application.PlatformImpl$$Lambda$180+0x000001e00b116a08.run()Ljava/lang/Object; (8 bytes) @ 0x000001e06e0d9c84 [0x000001e06e0d9b40+0x0000000000000144]
J 6240 c1 com.sun.javafx.application.PlatformImpl.lambda$runLater$11(Ljava/lang/Runnable;Ljava/security/AccessControlContext;)V (41 bytes) @ 0x000001e06dcc8b7c [0x000001e06dcc85a0+0x00000000000005dc]
J 6239 c1 com.sun.javafx.application.PlatformImpl$$Lambda$179+0x000001e00b113640.run()V (12 bytes) @ 0x000001e06da581a4 [0x000001e06da58120+0x0000000000000084]
J 2931 c1 com.sun.glass.ui.InvokeLaterDispatcher$Future.run()V (91 bytes) @ 0x000001e06d968a94 [0x000001e06d968980+0x0000000000000114]
v  ~StubRoutines::call_stub
j  com.sun.glass.ui.win.WinApplication._enterNestedEventLoopImpl()Ljava/lang/Object;+0
j  com.sun.glass.ui.win.WinApplication._enterNestedEventLoop()Ljava/lang/Object;+15
j  com.sun.glass.ui.Application.enterNestedEventLoop()Ljava/lang/Object;+14
j  com.sun.glass.ui.EventLoop.enter()Ljava/lang/Object;+42
j  com.sun.javafx.tk.quantum.QuantumToolkit.enterNestedEventLoop(Ljava/lang/Object;)Ljava/lang/Object;+98
j  javafx.stage.Stage.showAndWait()V+93
j  javafx.scene.control.HeavyweightDialog.showAndWait()V+22
j  javafx.scene.control.Dialog.showAndWait()Ljava/util/Optional;+86
j  com.express.servermanagertool.ui.RemoteFileBrowser.showError(Ljava/lang/String;)V+15
j  com.express.servermanagertool.ui.RemoteFileBrowser.lambda$loadDirectory$27(Ljava/lang/Exception;)V+10
j  com.express.servermanagertool.ui.RemoteFileBrowser$$Lambda$939+0x000001e00b39cf28.run()V+8
J 6707 c1 com.sun.javafx.application.PlatformImpl$$Lambda$180+0x000001e00b116a08.run()Ljava/lang/Object; (8 bytes) @ 0x000001e06e0d9c84 [0x000001e06e0d9b40+0x0000000000000144]
J 6240 c1 com.sun.javafx.application.PlatformImpl.lambda$runLater$11(Ljava/lang/Runnable;Ljava/security/AccessControlContext;)V (41 bytes) @ 0x000001e06dcc8b7c [0x000001e06dcc85a0+0x00000000000005dc]
J 6239 c1 com.sun.javafx.application.PlatformImpl$$Lambda$179+0x000001e00b113640.run()V (12 bytes) @ 0x000001e06da581a4 [0x000001e06da58120+0x0000000000000084]
J 2931 c1 com.sun.glass.ui.InvokeLaterDispatcher$Future.run()V (91 bytes) @ 0x000001e06d968a94 [0x000001e06d968980+0x0000000000000114]
v  ~StubRoutines::call_stub
j  com.sun.glass.ui.win.WinApplication._enterNestedEventLoopImpl()Ljava/lang/Object;+0
j  com.sun.glass.ui.win.WinApplication._enterNestedEventLoop()Ljava/lang/Object;+15
j  com.sun.glass.ui.Application.enterNestedEventLoop()Ljava/lang/Object;+14
j  com.sun.glass.ui.EventLoop.enter()Ljava/lang/Object;+42
j  com.sun.javafx.tk.quantum.QuantumToolkit.enterNestedEventLoop(Ljava/lang/Object;)Ljava/lang/Object;+98
j  javafx.stage.Stage.showAndWait()V+93
j  javafx.scene.control.HeavyweightDialog.showAndWait()V+22
j  javafx.scene.control.Dialog.showAndWait()Ljava/util/Optional;+86
j  com.express.servermanagertool.ui.RemoteFileBrowser.showError(Ljava/lang/String;)V+15
j  com.express.servermanagertool.ui.RemoteFileBrowser.lambda$loadDirectory$27(Ljava/lang/Exception;)V+10
j  com.express.servermanagertool.ui.RemoteFileBrowser$$Lambda$939+0x000001e00b39cf28.run()V+8
J 6707 c1 com.sun.javafx.application.PlatformImpl$$Lambda$180+0x000001e00b116a08.run()Ljava/lang/Object; (8 bytes) @ 0x000001e06e0d9c84 [0x000001e06e0d9b40+0x0000000000000144]
J 6240 c1 com.sun.javafx.application.PlatformImpl.lambda$runLater$11(Ljava/lang/Runnable;Ljava/security/AccessControlContext;)V (41 bytes) @ 0x000001e06dcc8b7c [0x000001e06dcc85a0+0x00000000000005dc]
J 6239 c1 com.sun.javafx.application.PlatformImpl$$Lambda$179+0x000001e00b113640.run()V (12 bytes) @ 0x000001e06da581a4 [0x000001e06da58120+0x0000000000000084]
J 2931 c1 com.sun.glass.ui.InvokeLaterDispatcher$Future.run()V (91 bytes) @ 0x000001e06d968a94 [0x000001e06d968980+0x0000000000000114]
v  ~StubRoutines::call_stub
j  com.sun.glass.ui.win.WinApplication._enterNestedEventLoopImpl()Ljava/lang/Object;+0
j  com.sun.glass.ui.win.WinApplication._enterNestedEventLoop()Ljava/lang/Object;+15
j  com.sun.glass.ui.Application.enterNestedEventLoop()Ljava/lang/Object;+14
j  com.sun.glass.ui.EventLoop.enter()Ljava/lang/Object;+42
j  com.sun.javafx.tk.quantum.QuantumToolkit.enterNestedEventLoop(Ljava/lang/Object;)Ljava/lang/Object;+98
j  javafx.stage.Stage.showAndWait()V+93
j  javafx.scene.control.HeavyweightDialog.showAndWait()V+22
j  javafx.scene.control.Dialog.showAndWait()Ljava/util/Optional;+86
j  com.express.servermanagertool.ui.RemoteFileBrowser.showError(Ljava/lang/String;)V+15
j  com.express.servermanagertool.ui.RemoteFileBrowser.lambda$loadDirectory$27(Ljava/lang/Exception;)V+10
j  com.express.servermanagertool.ui.RemoteFileBrowser$$Lambda$939+0x000001e00b39cf28.run()V+8
J 6707 c1 com.sun.javafx.application.PlatformImpl$$Lambda$180+0x000001e00b116a08.run()Ljava/lang/Object; (8 bytes) @ 0x000001e06e0d9c84 [0x000001e06e0d9b40+0x0000000000000144]
J 6240 c1 com.sun.javafx.application.PlatformImpl.lambda$runLater$11(Ljava/lang/Runnable;Ljava/security/AccessControlContext;)V (41 bytes) @ 0x000001e06dcc8b7c [0x000001e06dcc85a0+0x00000000000005dc]
J 6239 c1 com.sun.javafx.application.PlatformImpl$$Lambda$179+0x000001e00b113640.run()V (12 bytes) @ 0x000001e06da581a4 [0x000001e06da58120+0x0000000000000084]
J 2931 c1 com.sun.glass.ui.InvokeLaterDispatcher$Future.run()V (91 bytes) @ 0x000001e06d968a94 [0x000001e06d968980+0x0000000000000114]
v  ~StubRoutines::call_stub
j  com.sun.glass.ui.win.WinApplication._enterNestedEventLoopImpl()Ljava/lang/Object;+0
j  com.sun.glass.ui.win.WinApplication._enterNestedEventLoop()Ljava/lang/Object;+15
j  com.sun.glass.ui.Application.enterNestedEventLoop()Ljava/lang/Object;+14
j  com.sun.glass.ui.EventLoop.enter()Ljava/lang/Object;+42
j  com.sun.javafx.tk.quantum.QuantumToolkit.enterNestedEventLoop(Ljava/lang/Object;)Ljava/lang/Object;+98
j  javafx.stage.Stage.showAndWait()V+93
j  javafx.scene.control.HeavyweightDialog.showAndWait()V+22
j  javafx.scene.control.Dialog.showAndWait()Ljava/util/Optional;+86
j  com.express.servermanagertool.ui.RemoteFileBrowser.showError(Ljava/lang/String;)V+15
j  com.express.servermanagertool.ui.RemoteFileBrowser.lambda$loadDirectory$27(Ljava/lang/Exception;)V+10
j  com.express.servermanagertool.ui.RemoteFileBrowser$$Lambda$939+0x000001e00b39cf28.run()V+8
J 6707 c1 com.sun.javafx.application.PlatformImpl$$Lambda$180+0x000001e00b116a08.run()Ljava/lang/Object; (8 bytes) @ 0x000001e06e0d9c84 [0x000001e06e0d9b40+0x0000000000000144]
J 6240 c1 com.sun.javafx.application.PlatformImpl.lambda$runLater$11(Ljava/lang/Runnable;Ljava/security/AccessControlContext;)V (41 bytes) @ 0x000001e06dcc8b7c [0x000001e06dcc85a0+0x00000000000005dc]
J 6239 c1 com.sun.javafx.application.PlatformImpl$$Lambda$179+0x000001e00b113640.run()V (12 bytes) @ 0x000001e06da581a4 [0x000001e06da58120+0x0000000000000084]
J 2931 c1 com.sun.glass.ui.InvokeLaterDispatcher$Future.run()V (91 bytes) @ 0x000001e06d968a94 [0x000001e06d968980+0x0000000000000114]
v  ~StubRoutines::call_stub
j  com.sun.glass.ui.win.WinApplication._enterNestedEventLoopImpl()Ljava/lang/Object;+0
j  com.sun.glass.ui.win.WinApplication._enterNestedEventLoop()Ljava/lang/Object;+15
j  com.sun.glass.ui.Application.enterNestedEventLoop()Ljava/lang/Object;+14
j  com.sun.glass.ui.EventLoop.enter()Ljava/lang/Object;+42
j  com.sun.javafx.tk.quantum.QuantumToolkit.enterNestedEventLoop(Ljava/lang/Object;)Ljava/lang/Object;+98
j  javafx.stage.Stage.showAndWait()V+93
j  javafx.scene.control.HeavyweightDialog.showAndWait()V+22
j  javafx.scene.control.Dialog.showAndWait()Ljava/util/Optional;+86
j  com.express.servermanagertool.ui.RemoteFileBrowser.showError(Ljava/lang/String;)V+15
j  com.express.servermanagertool.ui.RemoteFileBrowser.lambda$loadDirectory$27(Ljava/lang/Exception;)V+10
j  com.express.servermanagertool.ui.RemoteFileBrowser$$Lambda$939+0x000001e00b39cf28.run()V+8
J 6707 c1 com.sun.javafx.application.PlatformImpl$$Lambda$180+0x000001e00b116a08.run()Ljava/lang/Object; (8 bytes) @ 0x000001e06e0d9c84 [0x000001e06e0d9b40+0x0000000000000144]
J 6240 c1 com.sun.javafx.application.PlatformImpl.lambda$runLater$11(Ljava/lang/Runnable;Ljava/security/AccessControlContext;)V (41 bytes) @ 0x000001e06dcc8b7c [0x000001e06dcc85a0+0x00000000000005dc]
J 6239 c1 com.sun.javafx.application.PlatformImpl$$Lambda$179+0x000001e00b113640.run()V (12 bytes) @ 0x000001e06da581a4 [0x000001e06da58120+0x0000000000000084]
J 2931 c1 com.sun.glass.ui.InvokeLaterDispatcher$Future.run()V (91 bytes) @ 0x000001e06d968a94 [0x000001e06d968980+0x0000000000000114]
v  ~StubRoutines::call_stub
j  com.sun.glass.ui.win.WinApplication._enterNestedEventLoopImpl()Ljava/lang/Object;+0
j  com.sun.glass.ui.win.WinApplication._enterNestedEventLoop()Ljava/lang/Object;+15
j  com.sun.glass.ui.Application.enterNestedEventLoop()Ljava/lang/Object;+14
j  com.sun.glass.ui.EventLoop.enter()Ljava/lang/Object;+42
j  com.sun.javafx.tk.quantum.QuantumToolkit.enterNestedEventLoop(Ljava/lang/Object;)Ljava/lang/Object;+98
j  javafx.stage.Stage.showAndWait()V+93
j  javafx.scene.control.HeavyweightDialog.showAndWait()V+22
j  javafx.scene.control.Dialog.showAndWait()Ljava/util/Optional;+86
j  com.express.servermanagertool.ui.RemoteFileBrowser.showError(Ljava/lang/String;)V+15
j  com.express.servermanagertool.ui.RemoteFileBrowser.lambda$loadDirectory$27(Ljava/lang/Exception;)V+10
j  com.express.servermanagertool.ui.RemoteFileBrowser$$Lambda$939+0x000001e00b39cf28.run()V+8
J 6707 c1 com.sun.javafx.application.PlatformImpl$$Lambda$180+0x000001e00b116a08.run()Ljava/lang/Object; (8 bytes) @ 0x000001e06e0d9c84 [0x000001e06e0d9b40+0x0000000000000144]
J 6240 c1 com.sun.javafx.application.PlatformImpl.lambda$runLater$11(Ljava/lang/Runnable;Ljava/security/AccessControlContext;)V (41 bytes) @ 0x000001e06dcc8b7c [0x000001e06dcc85a0+0x00000000000005dc]
J 6239 c1 com.sun.javafx.application.PlatformImpl$$Lambda$179+0x000001e00b113640.run()V (12 bytes) @ 0x000001e06da581a4 [0x000001e06da58120+0x0000000000000084]
J 2931 c1 com.sun.glass.ui.InvokeLaterDispatcher$Future.run()V (91 bytes) @ 0x000001e06d968a94 [0x000001e06d968980+0x0000000000000114]
v  ~StubRoutines::call_stub
j  com.sun.glass.ui.win.WinApplication._enterNestedEventLoopImpl()Ljava/lang/Object;+0
j  com.sun.glass.ui.win.WinApplication._enterNestedEventLoop()Ljava/lang/Object;+15
j  com.sun.glass.ui.Application.enterNestedEventLoop()Ljava/lang/Object;+14
j  com.sun.glass.ui.EventLoop.enter()Ljava/lang/Object;+42
j  com.sun.javafx.tk.quantum.QuantumToolkit.enterNestedEventLoop(Ljava/lang/Object;)Ljava/lang/Object;+98
j  javafx.stage.Stage.showAndWait()V+93
j  javafx.scene.control.HeavyweightDialog.showAndWait()V+22
j  javafx.scene.control.Dialog.showAndWait()Ljava/util/Optional;+86
j  com.express.servermanagertool.ui.RemoteFileBrowser.showError(Ljava/lang/String;)V+15
j  com.express.servermanagertool.ui.RemoteFileBrowser.lambda$loadDirectory$27(Ljava/lang/Exception;)V+10
j  com.express.servermanagertool.ui.RemoteFileBrowser$$Lambda$939+0x000001e00b39cf28.run()V+8
J 6707 c1 com.sun.javafx.application.PlatformImpl$$Lambda$180+0x000001e00b116a08.run()Ljava/lang/Object; (8 bytes) @ 0x000001e06e0d9c84 [0x000001e06e0d9b40+0x0000000000000144]
J 6240 c1 com.sun.javafx.application.PlatformImpl.lambda$runLater$11(Ljava/lang/Runnable;Ljava/security/AccessControlContext;)V (41 bytes) @ 0x000001e06dcc8b7c [0x000001e06dcc85a0+0x00000000000005dc]
J 6239 c1 com.sun.javafx.application.PlatformImpl$$Lambda$179+0x000001e00b113640.run()V (12 bytes) @ 0x000001e06da581a4 [0x000001e06da58120+0x0000000000000084]
J 2931 c1 com.sun.glass.ui.InvokeLaterDispatcher$Future.run()V (91 bytes) @ 0x000001e06d968a94 [0x000001e06d968980+0x0000000000000114]
v  ~StubRoutines::call_stub
j  com.sun.glass.ui.win.WinApplication._enterNestedEventLoopImpl()Ljava/lang/Object;+0
j  com.sun.glass.ui.win.WinApplication._enterNestedEventLoop()Ljava/lang/Object;+15
j  com.sun.glass.ui.Application.enterNestedEventLoop()Ljava/lang/Object;+14
j  com.sun.glass.ui.EventLoop.enter()Ljava/lang/Object;+42
j  com.sun.javafx.tk.quantum.QuantumToolkit.enterNestedEventLoop(Ljava/lang/Object;)Ljava/lang/Object;+98
j  javafx.stage.Stage.showAndWait()V+93
j  javafx.scene.control.HeavyweightDialog.showAndWait()V+22
j  javafx.scene.control.Dialog.showAndWait()Ljava/util/Optional;+86
j  com.express.servermanagertool.ui.RemoteFileBrowser.showError(Ljava/lang/String;)V+15
j  com.express.servermanagertool.ui.RemoteFileBrowser.lambda$loadDirectory$27(Ljava/lang/Exception;)V+10
j  com.express.servermanagertool.ui.RemoteFileBrowser$$Lambda$939+0x000001e00b39cf28.run()V+8
J 6707 c1 com.sun.javafx.application.PlatformImpl$$Lambda$180+0x000001e00b116a08.run()Ljava/lang/Object; (8 bytes) @ 0x000001e06e0d9c84 [0x000001e06e0d9b40+0x0000000000000144]
J 6240 c1 com.sun.javafx.application.PlatformImpl.lambda$runLater$11(Ljava/lang/Runnable;Ljava/security/AccessControlContext;)V (41 bytes) @ 0x000001e06dcc8b7c [0x000001e06dcc85a0+0x00000000000005dc]
J 6239 c1 com.sun.javafx.application.PlatformImpl$$Lambda$179+0x000001e00b113640.run()V (12 bytes) @ 0x000001e06da581a4 [0x000001e06da58120+0x0000000000000084]
J 2931 c1 com.sun.glass.ui.InvokeLaterDispatcher$Future.run()V (91 bytes) @ 0x000001e06d968a94 [0x000001e06d968980+0x0000000000000114]
v  ~StubRoutines::call_stub
j  com.sun.glass.ui.win.WinApplication._enterNestedEventLoopImpl()Ljava/lang/Object;+0
j  com.sun.glass.ui.win.WinApplication._enterNestedEventLoop()Ljava/lang/Object;+15
j  com.sun.glass.ui.Application.enterNestedEventLoop()Ljava/lang/Object;+14
j  com.sun.glass.ui.EventLoop.enter()Ljava/lang/Object;+42
j  com.sun.javafx.tk.quantum.QuantumToolkit.enterNestedEventLoop(Ljava/lang/Object;)Ljava/lang/Object;+98
j  javafx.stage.Stage.showAndWait()V+93
j  javafx.scene.control.HeavyweightDialog.showAndWait()V+22
j  javafx.scene.control.Dialog.showAndWait()Ljava/util/Optional;+86
j  com.express.servermanagertool.ui.RemoteFileBrowser.showError(Ljava/lang/String;)V+15
j  com.express.servermanagertool.ui.RemoteFileBrowser.lambda$loadDirectory$27(Ljava/lang/Exception;)V+10
j  com.express.servermanagertool.ui.RemoteFileBrowser$$Lambda$939+0x000001e00b39cf28.run()V+8
J 6707 c1 com.sun.javafx.application.PlatformImpl$$Lambda$180+0x000001e00b116a08.run()Ljava/lang/Object; (8 bytes) @ 0x000001e06e0d9c84 [0x000001e06e0d9b40+0x0000000000000144]
J 6240 c1 com.sun.javafx.application.PlatformImpl.lambda$runLater$11(Ljava/lang/Runnable;Ljava/security/AccessControlContext;)V (41 bytes) @ 0x000001e06dcc8b7c [0x000001e06dcc85a0+0x00000000000005dc]
J 6239 c1 com.sun.javafx.application.PlatformImpl$$Lambda$179+0x000001e00b113640.run()V (12 bytes) @ 0x000001e06da581a4 [0x000001e06da58120+0x0000000000000084]
J 2931 c1 com.sun.glass.ui.InvokeLaterDispatcher$Future.run()V (91 bytes) @ 0x000001e06d968a94 [0x000001e06d968980+0x0000000000000114]
v  ~StubRoutines::call_stub
j  com.sun.glass.ui.win.WinApplication._enterNestedEventLoopImpl()Ljava/lang/Object;+0
j  com.sun.glass.ui.win.WinApplication._enterNestedEventLoop()Ljava/lang/Object;+15
j  com.sun.glass.ui.Application.enterNestedEventLoop()Ljava/lang/Object;+14
j  com.sun.glass.ui.EventLoop.enter()Ljava/lang/Object;+42
j  com.sun.javafx.tk.quantum.QuantumToolkit.enterNestedEventLoop(Ljava/lang/Object;)Ljava/lang/Object;+98
j  javafx.stage.Stage.showAndWait()V+93
j  javafx.scene.control.HeavyweightDialog.showAndWait()V+22
j  javafx.scene.control.Dialog.showAndWait()Ljava/util/Optional;+86
j  com.express.servermanagertool.ui.RemoteFileBrowser.showError(Ljava/lang/String;)V+15
j  com.express.servermanagertool.ui.RemoteFileBrowser.lambda$loadDirectory$27(Ljava/lang/Exception;)V+10
j  com.express.servermanagertool.ui.RemoteFileBrowser$$Lambda$939+0x000001e00b39cf28.run()V+8
J 6707 c1 com.sun.javafx.application.PlatformImpl$$Lambda$180+0x000001e00b116a08.run()Ljava/lang/Object; (8 bytes) @ 0x000001e06e0d9c84 [0x000001e06e0d9b40+0x0000000000000144]
J 6240 c1 com.sun.javafx.application.PlatformImpl.lambda$runLater$11(Ljava/lang/Runnable;Ljava/security/AccessControlContext;)V (41 bytes) @ 0x000001e06dcc8b7c [0x000001e06dcc85a0+0x00000000000005dc]
J 6239 c1 com.sun.javafx.application.PlatformImpl$$Lambda$179+0x000001e00b113640.run()V (12 bytes) @ 0x000001e06da581a4 [0x000001e06da58120+0x0000000000000084]
J 2931 c1 com.sun.glass.ui.InvokeLaterDispatcher$Future.run()V (91 bytes) @ 0x000001e06d968a94 [0x000001e06d968980+0x0000000000000114]
v  ~StubRoutines::call_stub
j  com.sun.glass.ui.win.WinApplication._enterNestedEventLoopImpl()Ljava/lang/Object;+0
j  com.sun.glass.ui.win.WinApplication._enterNestedEventLoop()Ljava/lang/Object;+15
j  com.sun.glass.ui.Application.enterNestedEventLoop()Ljava/lang/Object;+14
j  com.sun.glass.ui.EventLoop.enter()Ljava/lang/Object;+42
j  com.sun.javafx.tk.quantum.QuantumToolkit.enterNestedEventLoop(Ljava/lang/Object;)Ljava/lang/Object;+98
j  javafx.stage.Stage.showAndWait()V+93
j  javafx.scene.control.HeavyweightDialog.showAndWait()V+22
j  javafx.scene.control.Dialog.showAndWait()Ljava/util/Optional;+86
j  com.express.servermanagertool.ui.RemoteFileBrowser.showError(Ljava/lang/String;)V+15
j  com.express.servermanagertool.ui.RemoteFileBrowser.lambda$loadDirectory$27(Ljava/lang/Exception;)V+10
j  com.express.servermanagertool.ui.RemoteFileBrowser$$Lambda$939+0x000001e00b39cf28.run()V+8
J 6707 c1 com.sun.javafx.application.PlatformImpl$$Lambda$180+0x000001e00b116a08.run()Ljava/lang/Object; (8 bytes) @ 0x000001e06e0d9c84 [0x000001e06e0d9b40+0x0000000000000144]
J 6240 c1 com.sun.javafx.application.PlatformImpl.lambda$runLater$11(Ljava/lang/Runnable;Ljava/security/AccessControlContext;)V (41 bytes) @ 0x000001e06dcc8b7c [0x000001e06dcc85a0+0x00000000000005dc]
J 6239 c1 com.sun.javafx.application.PlatformImpl$$Lambda$179+0x000001e00b113640.run()V (12 bytes) @ 0x000001e06da581a4 [0x000001e06da58120+0x0000000000000084]
J 2931 c1 com.sun.glass.ui.InvokeLaterDispatcher$Future.run()V (91 bytes) @ 0x000001e06d968a94 [0x000001e06d968980+0x0000000000000114]
v  ~StubRoutines::call_stub
j  com.sun.glass.ui.win.WinApplication._enterNestedEventLoopImpl()Ljava/lang/Object;+0
j  com.sun.glass.ui.win.WinApplication._enterNestedEventLoop()Ljava/lang/Object;+15
j  com.sun.glass.ui.Application.enterNestedEventLoop()Ljava/lang/Object;+14
j  com.sun.glass.ui.EventLoop.enter()Ljava/lang/Object;+42
j  com.sun.javafx.tk.quantum.QuantumToolkit.enterNestedEventLoop(Ljava/lang/Object;)Ljava/lang/Object;+98
j  javafx.stage.Stage.showAndWait()V+93
j  javafx.scene.control.HeavyweightDialog.showAndWait()V+22
j  javafx.scene.control.Dialog.showAndWait()Ljava/util/Optional;+86
j  com.express.servermanagertool.ui.RemoteFileBrowser.showError(Ljava/lang/String;)V+15
j  com.express.servermanagertool.ui.RemoteFileBrowser.lambda$loadDirectory$27(Ljava/lang/Exception;)V+10
j  com.express.servermanagertool.ui.RemoteFileBrowser$$Lambda$939+0x000001e00b39cf28.run()V+8
J 6707 c1 com.sun.javafx.application.PlatformImpl$$Lambda$180+0x000001e00b116a08.run()Ljava/lang/Object; (8 bytes) @ 0x000001e06e0d9c84 [0x000001e06e0d9b40+0x0000000000000144]
J 6240 c1 com.sun.javafx.application.PlatformImpl.lambda$runLater$11(Ljava/lang/Runnable;Ljava/security/AccessControlContext;)V (41 bytes) @ 0x000001e06dcc8b7c [0x000001e06dcc85a0+0x00000000000005dc]
J 6239 c1 com.sun.javafx.application.PlatformImpl$$Lambda$179+0x000001e00b113640.run()V (12 bytes) @ 0x000001e06da581a4 [0x000001e06da58120+0x0000000000000084]
J 2931 c1 com.sun.glass.ui.InvokeLaterDispatcher$Future.run()V (91 bytes) @ 0x000001e06d968a94 [0x000001e06d968980+0x0000000000000114]
v  ~StubRoutines::call_stub
j  com.sun.glass.ui.win.WinApplication._enterNestedEventLoopImpl()Ljava/lang/Object;+0
j  com.sun.glass.ui.win.WinApplication._enterNestedEventLoop()Ljava/lang/Object;+15
j  com.sun.glass.ui.Application.enterNestedEventLoop()Ljava/lang/Object;+14
j  com.sun.glass.ui.EventLoop.enter()Ljava/lang/Object;+42
j  com.sun.javafx.tk.quantum.QuantumToolkit.enterNestedEventLoop(Ljava/lang/Object;)Ljava/lang/Object;+98
j  javafx.stage.Stage.showAndWait()V+93
j  javafx.scene.control.HeavyweightDialog.showAndWait()V+22
j  javafx.scene.control.Dialog.showAndWait()Ljava/util/Optional;+86
j  com.express.servermanagertool.ui.RemoteFileBrowser.showError(Ljava/lang/String;)V+15
j  com.express.servermanagertool.ui.RemoteFileBrowser.lambda$loadDirectory$27(Ljava/lang/Exception;)V+10
j  com.express.servermanagertool.ui.RemoteFileBrowser$$Lambda$939+0x000001e00b39cf28.run()V+8
J 6707 c1 com.sun.javafx.application.PlatformImpl$$Lambda$180+0x000001e00b116a08.run()Ljava/lang/Object; (8 bytes) @ 0x000001e06e0d9c84 [0x000001e06e0d9b40+0x0000000000000144]
J 6240 c1 com.sun.javafx.application.PlatformImpl.lambda$runLater$11(Ljava/lang/Runnable;Ljava/security/AccessControlContext;)V (41 bytes) @ 0x000001e06dcc8b7c [0x000001e06dcc85a0+0x00000000000005dc]
J 6239 c1 com.sun.javafx.application.PlatformImpl$$Lambda$179+0x000001e00b113640.run()V (12 bytes) @ 0x000001e06da581a4 [0x000001e06da58120+0x0000000000000084]
J 2931 c1 com.sun.glass.ui.InvokeLaterDispatcher$Future.run()V (91 bytes) @ 0x000001e06d968a94 [0x000001e06d968980+0x0000000000000114]
v  ~StubRoutines::call_stub
j  com.sun.glass.ui.win.WinApplication._enterNestedEventLoopImpl()Ljava/lang/Object;+0
j  com.sun.glass.ui.win.WinApplication._enterNestedEventLoop()Ljava/lang/Object;+15
j  com.sun.glass.ui.Application.enterNestedEventLoop()Ljava/lang/Object;+14
j  com.sun.glass.ui.EventLoop.enter()Ljava/lang/Object;+42
j  com.sun.javafx.tk.quantum.QuantumToolkit.enterNestedEventLoop(Ljava/lang/Object;)Ljava/lang/Object;+98
j  javafx.stage.Stage.showAndWait()V+93
j  javafx.scene.control.HeavyweightDialog.showAndWait()V+22
j  javafx.scene.control.Dialog.showAndWait()Ljava/util/Optional;+86
j  com.express.servermanagertool.ui.RemoteFileBrowser.showError(Ljava/lang/String;)V+15
j  com.express.servermanagertool.ui.RemoteFileBrowser.lambda$loadDirectory$27(Ljava/lang/Exception;)V+10
j  com.express.servermanagertool.ui.RemoteFileBrowser$$Lambda$939+0x000001e00b39cf28.run()V+8
J 6707 c1 com.sun.javafx.application.PlatformImpl$$Lambda$180+0x000001e00b116a08.run()Ljava/lang/Object; (8 bytes) @ 0x000001e06e0d9c84 [0x000001e06e0d9b40+0x0000000000000144]
J 6240 c1 com.sun.javafx.application.PlatformImpl.lambda$runLater$11(Ljava/lang/Runnable;Ljava/security/AccessControlContext;)V (41 bytes) @ 0x000001e06dcc8b7c [0x000001e06dcc85a0+0x00000000000005dc]
J 6239 c1 com.sun.javafx.application.PlatformImpl$$Lambda$179+0x000001e00b113640.run()V (12 bytes) @ 0x000001e06da581a4 [0x000001e06da58120+0x0000000000000084]
J 2931 c1 com.sun.glass.ui.InvokeLaterDispatcher$Future.run()V (91 bytes) @ 0x000001e06d968a94 [0x000001e06d968980+0x0000000000000114]
v  ~StubRoutines::call_stub
j  com.sun.glass.ui.win.WinApplication._enterNestedEventLoopImpl()Ljava/lang/Object;+0
j  com.sun.glass.ui.win.WinApplication._enterNestedEventLoop()Ljava/lang/Object;+15
j  com.sun.glass.ui.Application.enterNestedEventLoop()Ljava/lang/Object;+14
j  com.sun.glass.ui.EventLoop.enter()Ljava/lang/Object;+42
j  com.sun.javafx.tk.quantum.QuantumToolkit.enterNestedEventLoop(Ljava/lang/Object;)Ljava/lang/Object;+98
j  javafx.stage.Stage.showAndWait()V+93
j  javafx.scene.control.HeavyweightDialog.showAndWait()V+22
j  javafx.scene.control.Dialog.showAndWait()Ljava/util/Optional;+86
j  com.express.servermanagertool.ui.RemoteFileBrowser.showError(Ljava/lang/String;)V+15
j  com.express.servermanagertool.ui.RemoteFileBrowser.lambda$loadDirectory$27(Ljava/lang/Exception;)V+10
j  com.express.servermanagertool.ui.RemoteFileBrowser$$Lambda$939+0x000001e00b39cf28.run()V+8
J 6707 c1 com.sun.javafx.application.PlatformImpl$$Lambda$180+0x000001e00b116a08.run()Ljava/lang/Object; (8 bytes) @ 0x000001e06e0d9c84 [0x000001e06e0d9b40+0x0000000000000144]
J 6240 c1 com.sun.javafx.application.PlatformImpl.lambda$runLater$11(Ljava/lang/Runnable;Ljava/security/AccessControlContext;)V (41 bytes) @ 0x000001e06dcc8b7c [0x000001e06dcc85a0+0x00000000000005dc]
J 6239 c1 com.sun.javafx.application.PlatformImpl$$Lambda$179+0x000001e00b113640.run()V (12 bytes) @ 0x000001e06da581a4 [0x000001e06da58120+0x0000000000000084]
J 2931 c1 com.sun.glass.ui.InvokeLaterDispatcher$Future.run()V (91 bytes) @ 0x000001e06d968a94 [0x000001e06d968980+0x0000000000000114]
v  ~StubRoutines::call_stub
j  com.sun.glass.ui.win.WinApplication._enterNestedEventLoopImpl()Ljava/lang/Object;+0
j  com.sun.glass.ui.win.WinApplication._enterNestedEventLoop()Ljava/lang/Object;+15
j  com.sun.glass.ui.Application.enterNestedEventLoop()Ljava/lang/Object;+14
j  com.sun.glass.ui.EventLoop.enter()Ljava/lang/Object;+42
j  com.sun.javafx.tk.quantum.QuantumToolkit.enterNestedEventLoop(Ljava/lang/Object;)Ljava/lang/Object;+98
j  javafx.stage.Stage.showAndWait()V+93
j  javafx.scene.control.HeavyweightDialog.showAndWait()V+22
j  javafx.scene.control.Dialog.showAndWait()Ljava/util/Optional;+86
j  com.express.servermanagertool.ui.RemoteFileBrowser.showError(Ljava/lang/String;)V+15
j  com.express.servermanagertool.ui.RemoteFileBrowser.lambda$loadDirectory$27(Ljava/lang/Exception;)V+10
j  com.express.servermanagertool.ui.RemoteFileBrowser$$Lambda$939+0x000001e00b39cf28.run()V+8
J 6707 c1 com.sun.javafx.application.PlatformImpl$$Lambda$180+0x000001e00b116a08.run()Ljava/lang/Object; (8 bytes) @ 0x000001e06e0d9c84 [0x000001e06e0d9b40+0x0000000000000144]
J 6240 c1 com.sun.javafx.application.PlatformImpl.lambda$runLater$11(Ljava/lang/Runnable;Ljava/security/AccessControlContext;)V (41 bytes) @ 0x000001e06dcc8b7c [0x000001e06dcc85a0+0x00000000000005dc]
J 6239 c1 com.sun.javafx.application.PlatformImpl$$Lambda$179+0x000001e00b113640.run()V (12 bytes) @ 0x000001e06da581a4 [0x000001e06da58120+0x0000000000000084]
J 2931 c1 com.sun.glass.ui.InvokeLaterDispatcher$Future.run()V (91 bytes) @ 0x000001e06d968a94 [0x000001e06d968980+0x0000000000000114]
v  ~StubRoutines::call_stub
j  com.sun.glass.ui.win.WinApplication._enterNestedEventLoopImpl()Ljava/lang/Object;+0
j  com.sun.glass.ui.win.WinApplication._enterNestedEventLoop()Ljava/lang/Object;+15
j  com.sun.glass.ui.Application.enterNestedEventLoop()Ljava/lang/Object;+14
j  com.sun.glass.ui.EventLoop.enter()Ljava/lang/Object;+42
j  com.sun.javafx.tk.quantum.QuantumToolkit.enterNestedEventLoop(Ljava/lang/Object;)Ljava/lang/Object;+98
j  javafx.stage.Stage.showAndWait()V+93
j  javafx.scene.control.HeavyweightDialog.showAndWait()V+22
j  javafx.scene.control.Dialog.showAndWait()Ljava/util/Optional;+86
j  com.express.servermanagertool.ui.RemoteFileBrowser.showError(Ljava/lang/String;)V+15
j  com.express.servermanagertool.ui.RemoteFileBrowser.lambda$loadDirectory$27(Ljava/lang/Exception;)V+10
j  com.express.servermanagertool.ui.RemoteFileBrowser$$Lambda$939+0x000001e00b39cf28.run()V+8
J 6707 c1 com.sun.javafx.application.PlatformImpl$$Lambda$180+0x000001e00b116a08.run()Ljava/lang/Object; (8 bytes) @ 0x000001e06e0d9c84 [0x000001e06e0d9b40+0x0000000000000144]
J 6240 c1 com.sun.javafx.application.PlatformImpl.lambda$runLater$11(Ljava/lang/Runnable;Ljava/security/AccessControlContext;)V (41 bytes) @ 0x000001e06dcc8b7c [0x000001e06dcc85a0+0x00000000000005dc]
J 6239 c1 com.sun.javafx.application.PlatformImpl$$Lambda$179+0x000001e00b113640.run()V (12 bytes) @ 0x000001e06da581a4 [0x000001e06da58120+0x0000000000000084]
J 2931 c1 com.sun.glass.ui.InvokeLaterDispatcher$Future.run()V (91 bytes) @ 0x000001e06d968a94 [0x000001e06d968980+0x0000000000000114]
v  ~StubRoutines::call_stub
j  com.sun.glass.ui.win.WinApplication._enterNestedEventLoopImpl()Ljava/lang/Object;+0
j  com.sun.glass.ui.win.WinApplication._enterNestedEventLoop()Ljava/lang/Object;+15
j  com.sun.glass.ui.Application.enterNestedEventLoop()Ljava/lang/Object;+14
j  com.sun.glass.ui.EventLoop.enter()Ljava/lang/Object;+42
j  com.sun.javafx.tk.quantum.QuantumToolkit.enterNestedEventLoop(Ljava/lang/Object;)Ljava/lang/Object;+98
j  javafx.stage.Stage.showAndWait()V+93
j  javafx.scene.control.HeavyweightDialog.showAndWait()V+22
j  javafx.scene.control.Dialog.showAndWait()Ljava/util/Optional;+86
j  com.express.servermanagertool.ui.RemoteFileBrowser.showError(Ljava/lang/String;)V+15
j  com.express.servermanagertool.ui.RemoteFileBrowser.lambda$loadDirectory$27(Ljava/lang/Exception;)V+10
j  com.express.servermanagertool.ui.RemoteFileBrowser$$Lambda$939+0x000001e00b39cf28.run()V+8
J 6707 c1 com.sun.javafx.application.PlatformImpl$$Lambda$180+0x000001e00b116a08.run()Ljava/lang/Object; (8 bytes) @ 0x000001e06e0d9c84 [0x000001e06e0d9b40+0x0000000000000144]
J 6240 c1 com.sun.javafx.application.PlatformImpl.lambda$runLater$11(Ljava/lang/Runnable;Ljava/security/AccessControlContext;)V (41 bytes) @ 0x000001e06dcc8b7c [0x000001e06dcc85a0+0x00000000000005dc]
J 6239 c1 com.sun.javafx.application.PlatformImpl$$Lambda$179+0x000001e00b113640.run()V (12 bytes) @ 0x000001e06da581a4 [0x000001e06da58120+0x0000000000000084]
J 2931 c1 com.sun.glass.ui.InvokeLaterDispatcher$Future.run()V (91 bytes) @ 0x000001e06d968a94 [0x000001e06d968980+0x0000000000000114]
v  ~StubRoutines::call_stub
j  com.sun.glass.ui.win.WinApplication._enterNestedEventLoopImpl()Ljava/lang/Object;+0
j  com.sun.glass.ui.win.WinApplication._enterNestedEventLoop()Ljava/lang/Object;+15
j  com.sun.glass.ui.Application.enterNestedEventLoop()Ljava/lang/Object;+14
j  com.sun.glass.ui.EventLoop.enter()Ljava/lang/Object;+42
j  com.sun.javafx.tk.quantum.QuantumToolkit.enterNestedEventLoop(Ljava/lang/Object;)Ljava/lang/Object;+98
j  javafx.stage.Stage.showAndWait()V+93
j  javafx.scene.control.HeavyweightDialog.showAndWait()V+22
j  javafx.scene.control.Dialog.showAndWait()Ljava/util/Optional;+86
j  com.express.servermanagertool.ui.RemoteFileBrowser.showError(Ljava/lang/String;)V+15
j  com.express.servermanagertool.ui.RemoteFileBrowser.lambda$loadDirectory$27(Ljava/lang/Exception;)V+10
j  com.express.servermanagertool.ui.RemoteFileBrowser$$Lambda$939+0x000001e00b39cf28.run()V+8
J 6707 c1 com.sun.javafx.application.PlatformImpl$$Lambda$180+0x000001e00b116a08.run()Ljava/lang/Object; (8 bytes) @ 0x000001e06e0d9c84 [0x000001e06e0d9b40+0x0000000000000144]
J 6240 c1 com.sun.javafx.application.PlatformImpl.lambda$runLater$11(Ljava/lang/Runnable;Ljava/security/AccessControlContext;)V (41 bytes) @ 0x000001e06dcc8b7c [0x000001e06dcc85a0+0x00000000000005dc]
J 6239 c1 com.sun.javafx.application.PlatformImpl$$Lambda$179+0x000001e00b113640.run()V (12 bytes) @ 0x000001e06da581a4 [0x000001e06da58120+0x0000000000000084]
J 2931 c1 com.sun.glass.ui.InvokeLaterDispatcher$Future.run()V (91 bytes) @ 0x000001e06d968a94 [0x000001e06d968980+0x0000000000000114]
v  ~StubRoutines::call_stub
j  com.sun.glass.ui.win.WinApplication._enterNestedEventLoopImpl()Ljava/lang/Object;+0
j  com.sun.glass.ui.win.WinApplication._enterNestedEventLoop()Ljava/lang/Object;+15
j  com.sun.glass.ui.Application.enterNestedEventLoop()Ljava/lang/Object;+14
j  com.sun.glass.ui.EventLoop.enter()Ljava/lang/Object;+42
j  com.sun.javafx.tk.quantum.QuantumToolkit.enterNestedEventLoop(Ljava/lang/Object;)Ljava/lang/Object;+98
j  javafx.stage.Stage.showAndWait()V+93
j  javafx.scene.control.HeavyweightDialog.showAndWait()V+22
j  javafx.scene.control.Dialog.showAndWait()Ljava/util/Optional;+86
j  com.express.servermanagertool.ui.RemoteFileBrowser.showError(Ljava/lang/String;)V+15
j  com.express.servermanagertool.ui.RemoteFileBrowser.lambda$loadDirectory$27(Ljava/lang/Exception;)V+10
j  com.express.servermanagertool.ui.RemoteFileBrowser$$Lambda$939+0x000001e00b39cf28.run()V+8
J 6707 c1 com.sun.javafx.application.PlatformImpl$$Lambda$180+0x000001e00b116a08.run()Ljava/lang/Object; (8 bytes) @ 0x000001e06e0d9c84 [0x000001e06e0d9b40+0x0000000000000144]
J 6240 c1 com.sun.javafx.application.PlatformImpl.lambda$runLater$11(Ljava/lang/Runnable;Ljava/security/AccessControlContext;)V (41 bytes) @ 0x000001e06dcc8b7c [0x000001e06dcc85a0+0x00000000000005dc]
J 6239 c1 com.sun.javafx.application.PlatformImpl$$Lambda$179+0x000001e00b113640.run()V (12 bytes) @ 0x000001e06da581a4 [0x000001e06da58120+0x0000000000000084]
J 2931 c1 com.sun.glass.ui.InvokeLaterDispatcher$Future.run()V (91 bytes) @ 0x000001e06d968a94 [0x000001e06d968980+0x0000000000000114]
v  ~StubRoutines::call_stub
j  com.sun.glass.ui.win.WinApplication._enterNestedEventLoopImpl()Ljava/lang/Object;+0
j  com.sun.glass.ui.win.WinApplication._enterNestedEventLoop()Ljava/lang/Object;+15
j  com.sun.glass.ui.Application.enterNestedEventLoop()Ljava/lang/Object;+14
j  com.sun.glass.ui.EventLoop.enter()Ljava/lang/Object;+42
j  com.sun.javafx.tk.quantum.QuantumToolkit.enterNestedEventLoop(Ljava/lang/Object;)Ljava/lang/Object;+98
j  javafx.stage.Stage.showAndWait()V+93
j  javafx.scene.control.HeavyweightDialog.showAndWait()V+22
j  javafx.scene.control.Dialog.showAndWait()Ljava/util/Optional;+86
j  com.express.servermanagertool.ui.RemoteFileBrowser.showError(Ljava/lang/String;)V+15
j  com.express.servermanagertool.ui.RemoteFileBrowser.lambda$loadDirectory$27(Ljava/lang/Exception;)V+10
j  com.express.servermanagertool.ui.RemoteFileBrowser$$Lambda$939+0x000001e00b39cf28.run()V+8
J 6707 c1 com.sun.javafx.application.PlatformImpl$$Lambda$180+0x000001e00b116a08.run()Ljava/lang/Object; (8 bytes) @ 0x000001e06e0d9c84 [0x000001e06e0d9b40+0x0000000000000144]
J 6240 c1 com.sun.javafx.application.PlatformImpl.lambda$runLater$11(Ljava/lang/Runnable;Ljava/security/AccessControlContext;)V (41 bytes) @ 0x000001e06dcc8b7c [0x000001e06dcc85a0+0x00000000000005dc]
J 6239 c1 com.sun.javafx.application.PlatformImpl$$Lambda$179+0x000001e00b113640.run()V (12 bytes) @ 0x000001e06da581a4 [0x000001e06da58120+0x0000000000000084]
J 2931 c1 com.sun.glass.ui.InvokeLaterDispatcher$Future.run()V (91 bytes) @ 0x000001e06d968a94 [0x000001e06d968980+0x0000000000000114]
v  ~StubRoutines::call_stub
j  com.sun.glass.ui.win.WinApplication._enterNestedEventLoopImpl()Ljava/lang/Object;+0
j  com.sun.glass.ui.win.WinApplication._enterNestedEventLoop()Ljava/lang/Object;+15
j  com.sun.glass.ui.Application.enterNestedEventLoop()Ljava/lang/Object;+14
j  com.sun.glass.ui.EventLoop.enter()Ljava/lang/Object;+42
j  com.sun.javafx.tk.quantum.QuantumToolkit.enterNestedEventLoop(Ljava/lang/Object;)Ljava/lang/Object;+98
j  javafx.stage.Stage.showAndWait()V+93
j  javafx.scene.control.HeavyweightDialog.showAndWait()V+22
j  javafx.scene.control.Dialog.showAndWait()Ljava/util/Optional;+86
j  com.express.servermanagertool.ui.RemoteFileBrowser.showError(Ljava/lang/String;)V+15
j  com.express.servermanagertool.ui.RemoteFileBrowser.lambda$loadDirectory$27(Ljava/lang/Exception;)V+10
j  com.express.servermanagertool.ui.RemoteFileBrowser$$Lambda$939+0x000001e00b39cf28.run()V+8
J 6707 c1 com.sun.javafx.application.PlatformImpl$$Lambda$180+0x000001e00b116a08.run()Ljava/lang/Object; (8 bytes) @ 0x000001e06e0d9c84 [0x000001e06e0d9b40+0x0000000000000144]
J 6240 c1 com.sun.javafx.application.PlatformImpl.lambda$runLater$11(Ljava/lang/Runnable;Ljava/security/AccessControlContext;)V (41 bytes) @ 0x000001e06dcc8b7c [0x000001e06dcc85a0+0x00000000000005dc]
J 6239 c1 com.sun.javafx.application.PlatformImpl$$Lambda$179+0x000001e00b113640.run()V (12 bytes) @ 0x000001e06da581a4 [0x000001e06da58120+0x0000000000000084]
J 2931 c1 com.sun.glass.ui.InvokeLaterDispatcher$Future.run()V (91 bytes) @ 0x000001e06d968a94 [0x000001e06d968980+0x0000000000000114]
v  ~StubRoutines::call_stub
j  com.sun.glass.ui.win.WinApplication._enterNestedEventLoopImpl()Ljava/lang/Object;+0
j  com.sun.glass.ui.win.WinApplication._enterNestedEventLoop()Ljava/lang/Object;+15
j  com.sun.glass.ui.Application.enterNestedEventLoop()Ljava/lang/Object;+14
j  com.sun.glass.ui.EventLoop.enter()Ljava/lang/Object;+42
j  com.sun.javafx.tk.quantum.QuantumToolkit.enterNestedEventLoop(Ljava/lang/Object;)Ljava/lang/Object;+98
j  javafx.stage.Stage.showAndWait()V+93
j  javafx.scene.control.HeavyweightDialog.showAndWait()V+22
j  javafx.scene.control.Dialog.showAndWait()Ljava/util/Optional;+86
j  com.express.servermanagertool.ui.RemoteFileBrowser.showError(Ljava/lang/String;)V+15
j  com.express.servermanagertool.ui.RemoteFileBrowser.lambda$loadDirectory$27(Ljava/lang/Exception;)V+10
j  com.express.servermanagertool.ui.RemoteFileBrowser$$Lambda$939+0x000001e00b39cf28.run()V+8
J 6707 c1 com.sun.javafx.application.PlatformImpl$$Lambda$180+0x000001e00b116a08.run()Ljava/lang/Object; (8 bytes) @ 0x000001e06e0d9c84 [0x000001e06e0d9b40+0x0000000000000144]
J 6240 c1 com.sun.javafx.application.PlatformImpl.lambda$runLater$11(Ljava/lang/Runnable;Ljava/security/AccessControlContext;)V (41 bytes) @ 0x000001e06dcc8b7c [0x000001e06dcc85a0+0x00000000000005dc]
J 6239 c1 com.sun.javafx.application.PlatformImpl$$Lambda$179+0x000001e00b113640.run()V (12 bytes) @ 0x000001e06da581a4 [0x000001e06da58120+0x0000000000000084]
J 2931 c1 com.sun.glass.ui.InvokeLaterDispatcher$Future.run()V (91 bytes) @ 0x000001e06d968a94 [0x000001e06d968980+0x0000000000000114]
v  ~StubRoutines::call_stub
j  com.sun.glass.ui.win.WinApplication._enterNestedEventLoopImpl()Ljava/lang/Object;+0
j  com.sun.glass.ui.win.WinApplication._enterNestedEventLoop()Ljava/lang/Object;+15
j  com.sun.glass.ui.Application.enterNestedEventLoop()Ljava/lang/Object;+14
j  com.sun.glass.ui.EventLoop.enter()Ljava/lang/Object;+42
j  com.sun.javafx.tk.quantum.QuantumToolkit.enterNestedEventLoop(Ljava/lang/Object;)Ljava/lang/Object;+98
j  javafx.stage.Stage.showAndWait()V+93
j  javafx.scene.control.HeavyweightDialog.showAndWait()V+22
j  javafx.scene.control.Dialog.showAndWait()Ljava/util/Optional;+86
j  com.express.servermanagertool.ui.RemoteFileBrowser.showError(Ljava/lang/String;)V+15
j  com.express.servermanagertool.ui.RemoteFileBrowser.lambda$loadDirectory$27(Ljava/lang/Exception;)V+10
j  com.express.servermanagertool.ui.RemoteFileBrowser$$Lambda$939+0x000001e00b39cf28.run()V+8
J 6707 c1 com.sun.javafx.application.PlatformImpl$$Lambda$180+0x000001e00b116a08.run()Ljava/lang/Object; (8 bytes) @ 0x000001e06e0d9c84 [0x000001e06e0d9b40+0x0000000000000144]
J 6240 c1 com.sun.javafx.application.PlatformImpl.lambda$runLater$11(Ljava/lang/Runnable;Ljava/security/AccessControlContext;)V (41 bytes) @ 0x000001e06dcc8b7c [0x000001e06dcc85a0+0x00000000000005dc]
J 6239 c1 com.sun.javafx.application.PlatformImpl$$Lambda$179+0x000001e00b113640.run()V (12 bytes) @ 0x000001e06da581a4 [0x000001e06da58120+0x0000000000000084]
J 2931 c1 com.sun.glass.ui.InvokeLaterDispatcher$Future.run()V (91 bytes) @ 0x000001e06d968a94 [0x000001e06d968980+0x0000000000000114]
v  ~StubRoutines::call_stub
j  com.sun.glass.ui.win.WinApplication._enterNestedEventLoopImpl()Ljava/lang/Object;+0
j  com.sun.glass.ui.win.WinApplication._enterNestedEventLoop()Ljava/lang/Object;+15
j  com.sun.glass.ui.Application.enterNestedEventLoop()Ljava/lang/Object;+14
j  com.sun.glass.ui.EventLoop.enter()Ljava/lang/Object;+42
j  com.sun.javafx.tk.quantum.QuantumToolkit.enterNestedEventLoop(Ljava/lang/Object;)Ljava/lang/Object;+98
j  javafx.stage.Stage.showAndWait()V+93
j  javafx.scene.control.HeavyweightDialog.showAndWait()V+22
j  javafx.scene.control.Dialog.showAndWait()Ljava/util/Optional;+86
j  com.express.servermanagertool.ui.RemoteFileBrowser.showError(Ljava/lang/String;)V+15
j  com.express.servermanagertool.ui.RemoteFileBrowser.lambda$loadDirectory$27(Ljava/lang/Exception;)V+10
j  com.express.servermanagertool.ui.RemoteFileBrowser$$Lambda$939+0x000001e00b39cf28.run()V+8
J 6707 c1 com.sun.javafx.application.PlatformImpl$$Lambda$180+0x000001e00b116a08.run()Ljava/lang/Object; (8 bytes) @ 0x000001e06e0d9c84 [0x000001e06e0d9b40+0x0000000000000144]
J 6240 c1 com.sun.javafx.application.PlatformImpl.lambda$runLater$11(Ljava/lang/Runnable;Ljava/security/AccessControlContext;)V (41 bytes) @ 0x000001e06dcc8b7c [0x000001e06dcc85a0+0x00000000000005dc]
J 6239 c1 com.sun.javafx.application.PlatformImpl$$Lambda$179+0x000001e00b113640.run()V (12 bytes) @ 0x000001e06da581a4 [0x000001e06da58120+0x0000000000000084]
J 2931 c1 com.sun.glass.ui.InvokeLaterDispatcher$Future.run()V (91 bytes) @ 0x000001e06d968a94 [0x000001e06d968980+0x0000000000000114]
v  ~StubRoutines::call_stub
j  com.sun.glass.ui.win.WinApplication._enterNestedEventLoopImpl()Ljava/lang/Object;+0
j  com.sun.glass.ui.win.WinApplication._enterNestedEventLoop()Ljava/lang/Object;+15
j  com.sun.glass.ui.Application.enterNestedEventLoop()Ljava/lang/Object;+14
j  com.sun.glass.ui.EventLoop.enter()Ljava/lang/Object;+42
j  com.sun.javafx.tk.quantum.QuantumToolkit.enterNestedEventLoop(Ljava/lang/Object;)Ljava/lang/Object;+98
j  javafx.stage.Stage.showAndWait()V+93
j  javafx.scene.control.HeavyweightDialog.showAndWait()V+22
j  javafx.scene.control.Dialog.showAndWait()Ljava/util/Optional;+86
j  com.express.servermanagertool.ui.RemoteFileBrowser.showError(Ljava/lang/String;)V+15
j  com.express.servermanagertool.ui.RemoteFileBrowser.lambda$loadDirectory$27(Ljava/lang/Exception;)V+10
j  com.express.servermanagertool.ui.RemoteFileBrowser$$Lambda$939+0x000001e00b39cf28.run()V+8
J 6707 c1 com.sun.javafx.application.PlatformImpl$$Lambda$180+0x000001e00b116a08.run()Ljava/lang/Object; (8 bytes) @ 0x000001e06e0d9c84 [0x000001e06e0d9b40+0x0000000000000144]
J 6240 c1 com.sun.javafx.application.PlatformImpl.lambda$runLater$11(Ljava/lang/Runnable;Ljava/security/AccessControlContext;)V (41 bytes) @ 0x000001e06dcc8b7c [0x000001e06dcc85a0+0x00000000000005dc]
J 6239 c1 com.sun.javafx.application.PlatformImpl$$Lambda$179+0x000001e00b113640.run()V (12 bytes) @ 0x000001e06da581a4 [0x000001e06da58120+0x0000000000000084]
J 2931 c1 com.sun.glass.ui.InvokeLaterDispatcher$Future.run()V (91 bytes) @ 0x000001e06d968a94 [0x000001e06d968980+0x0000000000000114]
v  ~StubRoutines::call_stub
j  com.sun.glass.ui.win.WinApplication._enterNestedEventLoopImpl()Ljava/lang/Object;+0
j  com.sun.glass.ui.win.WinApplication._enterNestedEventLoop()Ljava/lang/Object;+15
j  com.sun.glass.ui.Application.enterNestedEventLoop()Ljava/lang/Object;+14
j  com.sun.glass.ui.EventLoop.enter()Ljava/lang/Object;+42
j  com.sun.javafx.tk.quantum.QuantumToolkit.enterNestedEventLoop(Ljava/lang/Object;)Ljava/lang/Object;+98
j  javafx.stage.Stage.showAndWait()V+93
j  javafx.scene.control.HeavyweightDialog.showAndWait()V+22
j  javafx.scene.control.Dialog.showAndWait()Ljava/util/Optional;+86
j  com.express.servermanagertool.ui.RemoteFileBrowser.showError(Ljava/lang/String;)V+15
j  com.express.servermanagertool.ui.RemoteFileBrowser.lambda$loadDirectory$27(Ljava/lang/Exception;)V+10
j  com.express.servermanagertool.ui.RemoteFileBrowser$$Lambda$939+0x000001e00b39cf28.run()V+8
J 6707 c1 com.sun.javafx.application.PlatformImpl$$Lambda$180+0x000001e00b116a08.run()Ljava/lang/Object; (8 bytes) @ 0x000001e06e0d9c84 [0x000001e06e0d9b40+0x0000000000000144]
J 6240 c1 com.sun.javafx.application.PlatformImpl.lambda$runLater$11(Ljava/lang/Runnable;Ljava/security/AccessControlContext;)V (41 bytes) @ 0x000001e06dcc8b7c [0x000001e06dcc85a0+0x00000000000005dc]
J 6239 c1 com.sun.javafx.application.PlatformImpl$$Lambda$179+0x000001e00b113640.run()V (12 bytes) @ 0x000001e06da581a4 [0x000001e06da58120+0x0000000000000084]
J 2931 c1 com.sun.glass.ui.InvokeLaterDispatcher$Future.run()V (91 bytes) @ 0x000001e06d968a94 [0x000001e06d968980+0x0000000000000114]
v  ~StubRoutines::call_stub
j  com.sun.glass.ui.win.WinApplication._enterNestedEventLoopImpl()Ljava/lang/Object;+0
j  com.sun.glass.ui.win.WinApplication._enterNestedEventLoop()Ljava/lang/Object;+15
j  com.sun.glass.ui.Application.enterNestedEventLoop()Ljava/lang/Object;+14
j  com.sun.glass.ui.EventLoop.enter()Ljava/lang/Object;+42
j  com.sun.javafx.tk.quantum.QuantumToolkit.enterNestedEventLoop(Ljava/lang/Object;)Ljava/lang/Object;+98
j  javafx.stage.Stage.showAndWait()V+93
j  javafx.scene.control.HeavyweightDialog.showAndWait()V+22
j  javafx.scene.control.Dialog.showAndWait()Ljava/util/Optional;+86
j  com.express.servermanagertool.ui.RemoteFileBrowser.showError(Ljava/lang/String;)V+15
j  com.express.servermanagertool.ui.RemoteFileBrowser.lambda$loadDirectory$27(Ljava/lang/Exception;)V+10
j  com.express.servermanagertool.ui.RemoteFileBrowser$$Lambda$939+0x000001e00b39cf28.run()V+8
J 6707 c1 com.sun.javafx.application.PlatformImpl$$Lambda$180+0x000001e00b116a08.run()Ljava/lang/Object; (8 bytes) @ 0x000001e06e0d9c84 [0x000001e06e0d9b40+0x0000000000000144]
J 6240 c1 com.sun.javafx.application.PlatformImpl.lambda$runLater$11(Ljava/lang/Runnable;Ljava/security/AccessControlContext;)V (41 bytes) @ 0x000001e06dcc8b7c [0x000001e06dcc85a0+0x00000000000005dc]
J 6239 c1 com.sun.javafx.application.PlatformImpl$$Lambda$179+0x000001e00b113640.run()V (12 bytes) @ 0x000001e06da581a4 [0x000001e06da58120+0x0000000000000084]
J 2931 c1 com.sun.glass.ui.InvokeLaterDispatcher$Future.run()V (91 bytes) @ 0x000001e06d968a94 [0x000001e06d968980+0x0000000000000114]
v  ~StubRoutines::call_stub
j  com.sun.glass.ui.win.WinApplication._enterNestedEventLoopImpl()Ljava/lang/Object;+0
j  com.sun.glass.ui.win.WinApplication._enterNestedEventLoop()Ljava/lang/Object;+15
j  com.sun.glass.ui.Application.enterNestedEventLoop()Ljava/lang/Object;+14
j  com.sun.glass.ui.EventLoop.enter()Ljava/lang/Object;+42
j  com.sun.javafx.tk.quantum.QuantumToolkit.enterNestedEventLoop(Ljava/lang/Object;)Ljava/lang/Object;+98
j  javafx.stage.Stage.showAndWait()V+93
j  javafx.scene.control.HeavyweightDialog.showAndWait()V+22
j  javafx.scene.control.Dialog.showAndWait()Ljava/util/Optional;+86
j  com.express.servermanagertool.ui.RemoteFileBrowser.showError(Ljava/lang/String;)V+15
j  com.express.servermanagertool.ui.RemoteFileBrowser.lambda$loadDirectory$27(Ljava/lang/Exception;)V+10
j  com.express.servermanagertool.ui.RemoteFileBrowser$$Lambda$939+0x000001e00b39cf28.run()V+8
J 6707 c1 com.sun.javafx.application.PlatformImpl$$Lambda$180+0x000001e00b116a08.run()Ljava/lang/Object; (8 bytes) @ 0x000001e06e0d9c84 [0x000001e06e0d9b40+0x0000000000000144]
J 6240 c1 com.sun.javafx.application.PlatformImpl.lambda$runLater$11(Ljava/lang/Runnable;Ljava/security/AccessControlContext;)V (41 bytes) @ 0x000001e06dcc8b7c [0x000001e06dcc85a0+0x00000000000005dc]
J 6239 c1 com.sun.javafx.application.PlatformImpl$$Lambda$179+0x000001e00b113640.run()V (12 bytes) @ 0x000001e06da581a4 [0x000001e06da58120+0x0000000000000084]
J 2931 c1 com.sun.glass.ui.InvokeLaterDispatcher$Future.run()V (91 bytes) @ 0x000001e06d968a94 [0x000001e06d968980+0x0000000000000114]
v  ~StubRoutines::call_stub
j  com.sun.glass.ui.win.WinApplication._enterNestedEventLoopImpl()Ljava/lang/Object;+0
j  com.sun.glass.ui.win.WinApplication._enterNestedEventLoop()Ljava/lang/Object;+15
j  com.sun.glass.ui.Application.enterNestedEventLoop()Ljava/lang/Object;+14
j  com.sun.glass.ui.EventLoop.enter()Ljava/lang/Object;+42
j  com.sun.javafx.tk.quantum.QuantumToolkit.enterNestedEventLoop(Ljava/lang/Object;)Ljava/lang/Object;+98
j  javafx.stage.Stage.showAndWait()V+93
j  javafx.scene.control.HeavyweightDialog.showAndWait()V+22
j  javafx.scene.control.Dialog.showAndWait()Ljava/util/Optional;+86
j  com.express.servermanagertool.ui.RemoteFileBrowser.showError(Ljava/lang/String;)V+15
j  com.express.servermanagertool.ui.RemoteFileBrowser.lambda$loadDirectory$27(Ljava/lang/Exception;)V+10
j  com.express.servermanagertool.ui.RemoteFileBrowser$$Lambda$939+0x000001e00b39cf28.run()V+8
J 6707 c1 com.sun.javafx.application.PlatformImpl$$Lambda$180+0x000001e00b116a08.run()Ljava/lang/Object; (8 bytes) @ 0x000001e06e0d9c84 [0x000001e06e0d9b40+0x0000000000000144]
J 6240 c1 com.sun.javafx.application.PlatformImpl.lambda$runLater$11(Ljava/lang/Runnable;Ljava/security/AccessControlContext;)V (41 bytes) @ 0x000001e06dcc8b7c [0x000001e06dcc85a0+0x00000000000005dc]
J 6239 c1 com.sun.javafx.application.PlatformImpl$$Lambda$179+0x000001e00b113640.run()V (12 bytes) @ 0x000001e06da581a4 [0x000001e06da58120+0x0000000000000084]
J 2931 c1 com.sun.glass.ui.InvokeLaterDispatcher$Future.run()V (91 bytes) @ 0x000001e06d968a94 [0x000001e06d968980+0x0000000000000114]
v  ~StubRoutines::call_stub
j  com.sun.glass.ui.win.WinApplication._enterNestedEventLoopImpl()Ljava/lang/Object;+0
j  com.sun.glass.ui.win.WinApplication._enterNestedEventLoop()Ljava/lang/Object;+15
j  com.sun.glass.ui.Application.enterNestedEventLoop()Ljava/lang/Object;+14
j  com.sun.glass.ui.EventLoop.enter()Ljava/lang/Object;+42
j  com.sun.javafx.tk.quantum.QuantumToolkit.enterNestedEventLoop(Ljava/lang/Object;)Ljava/lang/Object;+98
j  javafx.stage.Stage.showAndWait()V+93
j  javafx.scene.control.HeavyweightDialog.showAndWait()V+22
j  javafx.scene.control.Dialog.showAndWait()Ljava/util/Optional;+86
j  com.express.servermanagertool.ui.RemoteFileBrowser.showError(Ljava/lang/String;)V+15
j  com.express.servermanagertool.ui.RemoteFileBrowser.lambda$loadDirectory$27(Ljava/lang/Exception;)V+10
j  com.express.servermanagertool.ui.RemoteFileBrowser$$Lambda$939+0x000001e00b39cf28.run()V+8
J 6707 c1 com.sun.javafx.application.PlatformImpl$$Lambda$180+0x000001e00b116a08.run()Ljava/lang/Object; (8 bytes) @ 0x000001e06e0d9c84 [0x000001e06e0d9b40+0x0000000000000144]
J 6240 c1 com.sun.javafx.application.PlatformImpl.lambda$runLater$11(Ljava/lang/Runnable;Ljava/security/AccessControlContext;)V (41 bytes) @ 0x000001e06dcc8b7c [0x000001e06dcc85a0+0x00000000000005dc]
J 6239 c1 com.sun.javafx.application.PlatformImpl$$Lambda$179+0x000001e00b113640.run()V (12 bytes) @ 0x000001e06da581a4 [0x000001e06da58120+0x0000000000000084]
J 2931 c1 com.sun.glass.ui.InvokeLaterDispatcher$Future.run()V (91 bytes) @ 0x000001e06d968a94 [0x000001e06d968980+0x0000000000000114]
v  ~StubRoutines::call_stub
j  com.sun.glass.ui.win.WinApplication._enterNestedEventLoopImpl()Ljava/lang/Object;+0
j  com.sun.glass.ui.win.WinApplication._enterNestedEventLoop()Ljava/lang/Object;+15
j  com.sun.glass.ui.Application.enterNestedEventLoop()Ljava/lang/Object;+14
j  com.sun.glass.ui.EventLoop.enter()Ljava/lang/Object;+42
j  com.sun.javafx.tk.quantum.QuantumToolkit.enterNestedEventLoop(Ljava/lang/Object;)Ljava/lang/Object;+98
j  javafx.stage.Stage.showAndWait()V+93
j  javafx.scene.control.HeavyweightDialog.showAndWait()V+22
j  javafx.scene.control.Dialog.showAndWait()Ljava/util/Optional;+86
j  com.express.servermanagertool.ui.RemoteFileBrowser.showError(Ljava/lang/String;)V+15
j  com.express.servermanagertool.ui.RemoteFileBrowser.lambda$loadDirectory$27(Ljava/lang/Exception;)V+10
j  com.express.servermanagertool.ui.RemoteFileBrowser$$Lambda$939+0x000001e00b39cf28.run()V+8
J 6707 c1 com.sun.javafx.application.PlatformImpl$$Lambda$180+0x000001e00b116a08.run()Ljava/lang/Object; (8 bytes) @ 0x000001e06e0d9c84 [0x000001e06e0d9b40+0x0000000000000144]
J 6240 c1 com.sun.javafx.application.PlatformImpl.lambda$runLater$11(Ljava/lang/Runnable;Ljava/security/AccessControlContext;)V (41 bytes) @ 0x000001e06dcc8b7c [0x000001e06dcc85a0+0x00000000000005dc]
J 6239 c1 com.sun.javafx.application.PlatformImpl$$Lambda$179+0x000001e00b113640.run()V (12 bytes) @ 0x000001e06da581a4 [0x000001e06da58120+0x0000000000000084]
J 2931 c1 com.sun.glass.ui.InvokeLaterDispatcher$Future.run()V (91 bytes) @ 0x000001e06d968a94 [0x000001e06d968980+0x0000000000000114]
v  ~StubRoutines::call_stub
j  com.sun.glass.ui.win.WinApplication._enterNestedEventLoopImpl()Ljava/lang/Object;+0
j  com.sun.glass.ui.win.WinApplication._enterNestedEventLoop()Ljava/lang/Object;+15
j  com.sun.glass.ui.Application.enterNestedEventLoop()Ljava/lang/Object;+14
j  com.sun.glass.ui.EventLoop.enter()Ljava/lang/Object;+42
j  com.sun.javafx.tk.quantum.QuantumToolkit.enterNestedEventLoop(Ljava/lang/Object;)Ljava/lang/Object;+98
j  javafx.stage.Stage.showAndWait()V+93
j  javafx.scene.control.HeavyweightDialog.showAndWait()V+22
j  javafx.scene.control.Dialog.showAndWait()Ljava/util/Optional;+86
j  com.express.servermanagertool.ui.RemoteFileBrowser.showError(Ljava/lang/String;)V+15
j  com.express.servermanagertool.ui.RemoteFileBrowser.lambda$loadDirectory$27(Ljava/lang/Exception;)V+10
j  com.express.servermanagertool.ui.RemoteFileBrowser$$Lambda$939+0x000001e00b39cf28.run()V+8
J 6707 c1 com.sun.javafx.application.PlatformImpl$$Lambda$180+0x000001e00b116a08.run()Ljava/lang/Object; (8 bytes) @ 0x000001e06e0d9c84 [0x000001e06e0d9b40+0x0000000000000144]
J 6240 c1 com.sun.javafx.application.PlatformImpl.lambda$runLater$11(Ljava/lang/Runnable;Ljava/security/AccessControlContext;)V (41 bytes) @ 0x000001e06dcc8b7c [0x000001e06dcc85a0+0x00000000000005dc]
J 6239 c1 com.sun.javafx.application.PlatformImpl$$Lambda$179+0x000001e00b113640.run()V (12 bytes) @ 0x000001e06da581a4 [0x000001e06da58120+0x0000000000000084]
J 2931 c1 com.sun.glass.ui.InvokeLaterDispatcher$Future.run()V (91 bytes) @ 0x000001e06d968a94 [0x000001e06d968980+0x0000000000000114]
v  ~StubRoutines::call_stub
j  com.sun.glass.ui.win.WinApplication._enterNestedEventLoopImpl()Ljava/lang/Object;+0
j  com.sun.glass.ui.win.WinApplication._enterNestedEventLoop()Ljava/lang/Object;+15
j  com.sun.glass.ui.Application.enterNestedEventLoop()Ljava/lang/Object;+14
j  com.sun.glass.ui.EventLoop.enter()Ljava/lang/Object;+42
j  com.sun.javafx.tk.quantum.QuantumToolkit.enterNestedEventLoop(Ljava/lang/Object;)Ljava/lang/Object;+98
j  javafx.stage.Stage.showAndWait()V+93
j  javafx.scene.control.HeavyweightDialog.showAndWait()V+22
j  javafx.scene.control.Dialog.showAndWait()Ljava/util/Optional;+86
j  com.express.servermanagertool.ui.RemoteFileBrowser.showError(Ljava/lang/String;)V+15
j  com.express.servermanagertool.ui.RemoteFileBrowser.lambda$loadDirectory$27(Ljava/lang/Exception;)V+10
j  com.express.servermanagertool.ui.RemoteFileBrowser$$Lambda$939+0x000001e00b39cf28.run()V+8
J 6707 c1 com.sun.javafx.application.PlatformImpl$$Lambda$180+0x000001e00b116a08.run()Ljava/lang/Object; (8 bytes) @ 0x000001e06e0d9c84 [0x000001e06e0d9b40+0x0000000000000144]
J 6240 c1 com.sun.javafx.application.PlatformImpl.lambda$runLater$11(Ljava/lang/Runnable;Ljava/security/AccessControlContext;)V (41 bytes) @ 0x000001e06dcc8b7c [0x000001e06dcc85a0+0x00000000000005dc]
J 6239 c1 com.sun.javafx.application.PlatformImpl$$Lambda$179+0x000001e00b113640.run()V (12 bytes) @ 0x000001e06da581a4 [0x000001e06da58120+0x0000000000000084]
J 2931 c1 com.sun.glass.ui.InvokeLaterDispatcher$Future.run()V (91 bytes) @ 0x000001e06d968a94 [0x000001e06d968980+0x0000000000000114]
v  ~StubRoutines::call_stub
j  com.sun.glass.ui.win.WinApplication._enterNestedEventLoopImpl()Ljava/lang/Object;+0
j  com.sun.glass.ui.win.WinApplication._enterNestedEventLoop()Ljava/lang/Object;+15
j  com.sun.glass.ui.Application.enterNestedEventLoop()Ljava/lang/Object;+14
j  com.sun.glass.ui.EventLoop.enter()Ljava/lang/Object;+42
j  com.sun.javafx.tk.quantum.QuantumToolkit.enterNestedEventLoop(Ljava/lang/Object;)Ljava/lang/Object;+98
j  javafx.stage.Stage.showAndWait()V+93
j  javafx.scene.control.HeavyweightDialog.showAndWait()V+22
j  javafx.scene.control.Dialog.showAndWait()Ljava/util/Optional;+86
j  com.express.servermanagertool.ui.RemoteFileBrowser.showError(Ljava/lang/String;)V+15
j  com.express.servermanagertool.ui.RemoteFileBrowser.lambda$loadDirectory$27(Ljava/lang/Exception;)V+10
j  com.express.servermanagertool.ui.RemoteFileBrowser$$Lambda$939+0x000001e00b39cf28.run()V+8
J 6707 c1 com.sun.javafx.application.PlatformImpl$$Lambda$180+0x000001e00b116a08.run()Ljava/lang/Object; (8 bytes) @ 0x000001e06e0d9c84 [0x000001e06e0d9b40+0x0000000000000144]
J 6240 c1 com.sun.javafx.application.PlatformImpl.lambda$runLater$11(Ljava/lang/Runnable;Ljava/security/AccessControlContext;)V (41 bytes) @ 0x000001e06dcc8b7c [0x000001e06dcc85a0+0x00000000000005dc]
J 6239 c1 com.sun.javafx.application.PlatformImpl$$Lambda$179+0x000001e00b113640.run()V (12 bytes) @ 0x000001e06da581a4 [0x000001e06da58120+0x0000000000000084]
J 2931 c1 com.sun.glass.ui.InvokeLaterDispatcher$Future.run()V (91 bytes) @ 0x000001e06d968a94 [0x000001e06d968980+0x0000000000000114]
v  ~StubRoutines::call_stub
j  com.sun.glass.ui.win.WinApplication._enterNestedEventLoopImpl()Ljava/lang/Object;+0
j  com.sun.glass.ui.win.WinApplication._enterNestedEventLoop()Ljava/lang/Object;+15
j  com.sun.glass.ui.Application.enterNestedEventLoop()Ljava/lang/Object;+14
j  com.sun.glass.ui.EventLoop.enter()Ljava/lang/Object;+42
j  com.sun.javafx.tk.quantum.QuantumToolkit.enterNestedEventLoop(Ljava/lang/Object;)Ljava/lang/Object;+98
j  javafx.stage.Stage.showAndWait()V+93
j  javafx.scene.control.HeavyweightDialog.showAndWait()V+22
j  javafx.scene.control.Dialog.showAndWait()Ljava/util/Optional;+86
j  com.express.servermanagertool.ui.RemoteFileBrowser.showError(Ljava/lang/String;)V+15
j  com.express.servermanagertool.ui.RemoteFileBrowser.lambda$loadDirectory$27(Ljava/lang/Exception;)V+10
j  com.express.servermanagertool.ui.RemoteFileBrowser$$Lambda$939+0x000001e00b39cf28.run()V+8
J 6707 c1 com.sun.javafx.application.PlatformImpl$$Lambda$180+0x000001e00b116a08.run()Ljava/lang/Object; (8 bytes) @ 0x000001e06e0d9c84 [0x000001e06e0d9b40+0x0000000000000144]
J 6240 c1 com.sun.javafx.application.PlatformImpl.lambda$runLater$11(Ljava/lang/Runnable;Ljava/security/AccessControlContext;)V (41 bytes) @ 0x000001e06dcc8b7c [0x000001e06dcc85a0+0x00000000000005dc]
J 6239 c1 com.sun.javafx.application.PlatformImpl$$Lambda$179+0x000001e00b113640.run()V (12 bytes) @ 0x000001e06da581a4 [0x000001e06da58120+0x0000000000000084]
J 2931 c1 com.sun.glass.ui.InvokeLaterDispatcher$Future.run()V (91 bytes) @ 0x000001e06d968a94 [0x000001e06d968980+0x0000000000000114]
v  ~StubRoutines::call_stub
j  com.sun.glass.ui.win.WinApplication._enterNestedEventLoopImpl()Ljava/lang/Object;+0
j  com.sun.glass.ui.win.WinApplication._enterNestedEventLoop()Ljava/lang/Object;+15
j  com.sun.glass.ui.Application.enterNestedEventLoop()Ljava/lang/Object;+14
j  com.sun.glass.ui.EventLoop.enter()Ljava/lang/Object;+42
j  com.sun.javafx.tk.quantum.QuantumToolkit.enterNestedEventLoop(Ljava/lang/Object;)Ljava/lang/Object;+98
j  javafx.stage.Stage.showAndWait()V+93
j  javafx.scene.control.HeavyweightDialog.showAndWait()V+22
j  javafx.scene.control.Dialog.showAndWait()Ljava/util/Optional;+86
j  com.express.servermanagertool.ui.RemoteFileBrowser.showError(Ljava/lang/String;)V+15
j  com.express.servermanagertool.ui.RemoteFileBrowser.lambda$loadDirectory$27(Ljava/lang/Exception;)V+10
j  com.express.servermanagertool.ui.RemoteFileBrowser$$Lambda$939+0x000001e00b39cf28.run()V+8
J 6707 c1 com.sun.javafx.application.PlatformImpl$$Lambda$180+0x000001e00b116a08.run()Ljava/lang/Object; (8 bytes) @ 0x000001e06e0d9c84 [0x000001e06e0d9b40+0x0000000000000144]
J 6240 c1 com.sun.javafx.application.PlatformImpl.lambda$runLater$11(Ljava/lang/Runnable;Ljava/security/AccessControlContext;)V (41 bytes) @ 0x000001e06dcc8b7c [0x000001e06dcc85a0+0x00000000000005dc]
J 6239 c1 com.sun.javafx.application.PlatformImpl$$Lambda$179+0x000001e00b113640.run()V (12 bytes) @ 0x000001e06da581a4 [0x000001e06da58120+0x0000000000000084]
J 2931 c1 com.sun.glass.ui.InvokeLaterDispatcher$Future.run()V (91 bytes) @ 0x000001e06d968a94 [0x000001e06d968980+0x0000000000000114]
v  ~StubRoutines::call_stub
j  com.sun.glass.ui.win.WinApplication._enterNestedEventLoopImpl()Ljava/lang/Object;+0
j  com.sun.glass.ui.win.WinApplication._enterNestedEventLoop()Ljava/lang/Object;+15
j  com.sun.glass.ui.Application.enterNestedEventLoop()Ljava/lang/Object;+14
j  com.sun.glass.ui.EventLoop.enter()Ljava/lang/Object;+42
j  com.sun.javafx.tk.quantum.QuantumToolkit.enterNestedEventLoop(Ljava/lang/Object;)Ljava/lang/Object;+98
j  javafx.stage.Stage.showAndWait()V+93
j  javafx.scene.control.HeavyweightDialog.showAndWait()V+22
j  javafx.scene.control.Dialog.showAndWait()Ljava/util/Optional;+86
j  com.express.servermanagertool.ui.RemoteFileBrowser.showError(Ljava/lang/String;)V+15
j  com.express.servermanagertool.ui.RemoteFileBrowser.lambda$loadDirectory$27(Ljava/lang/Exception;)V+10
j  com.express.servermanagertool.ui.RemoteFileBrowser$$Lambda$939+0x000001e00b39cf28.run()V+8
J 6707 c1 com.sun.javafx.application.PlatformImpl$$Lambda$180+0x000001e00b116a08.run()Ljava/lang/Object; (8 bytes) @ 0x000001e06e0d9c84 [0x000001e06e0d9b40+0x0000000000000144]
J 6240 c1 com.sun.javafx.application.PlatformImpl.lambda$runLater$11(Ljava/lang/Runnable;Ljava/security/AccessControlContext;)V (41 bytes) @ 0x000001e06dcc8b7c [0x000001e06dcc85a0+0x00000000000005dc]
J 6239 c1 com.sun.javafx.application.PlatformImpl$$Lambda$179+0x000001e00b113640.run()V (12 bytes) @ 0x000001e06da581a4 [0x000001e06da58120+0x0000000000000084]
J 2931 c1 com.sun.glass.ui.InvokeLaterDispatcher$Future.run()V (91 bytes) @ 0x000001e06d968a94 [0x000001e06d968980+0x0000000000000114]
v  ~StubRoutines::call_stub
j  com.sun.glass.ui.win.WinApplication._enterNestedEventLoopImpl()Ljava/lang/Object;+0
j  com.sun.glass.ui.win.WinApplication._enterNestedEventLoop()Ljava/lang/Object;+15
j  com.sun.glass.ui.Application.enterNestedEventLoop()Ljava/lang/Object;+14
j  com.sun.glass.ui.EventLoop.enter()Ljava/lang/Object;+42
j  com.sun.javafx.tk.quantum.QuantumToolkit.enterNestedEventLoop(Ljava/lang/Object;)Ljava/lang/Object;+98
j  javafx.stage.Stage.showAndWait()V+93
j  javafx.scene.control.HeavyweightDialog.showAndWait()V+22
j  javafx.scene.control.Dialog.showAndWait()Ljava/util/Optional;+86
j  com.express.servermanagertool.ui.RemoteFileBrowser.showError(Ljava/lang/String;)V+15
j  com.express.servermanagertool.ui.RemoteFileBrowser.lambda$loadDirectory$27(Ljava/lang/Exception;)V+10
j  com.express.servermanagertool.ui.RemoteFileBrowser$$Lambda$939+0x000001e00b39cf28.run()V+8
J 6707 c1 com.sun.javafx.application.PlatformImpl$$Lambda$180+0x000001e00b116a08.run()Ljava/lang/Object; (8 bytes) @ 0x000001e06e0d9c84 [0x000001e06e0d9b40+0x0000000000000144]
J 6240 c1 com.sun.javafx.application.PlatformImpl.lambda$runLater$11(Ljava/lang/Runnable;Ljava/security/AccessControlContext;)V (41 bytes) @ 0x000001e06dcc8b7c [0x000001e06dcc85a0+0x00000000000005dc]
J 6239 c1 com.sun.javafx.application.PlatformImpl$$Lambda$179+0x000001e00b113640.run()V (12 bytes) @ 0x000001e06da581a4 [0x000001e06da58120+0x0000000000000084]
J 2931 c1 com.sun.glass.ui.InvokeLaterDispatcher$Future.run()V (91 bytes) @ 0x000001e06d968a94 [0x000001e06d968980+0x0000000000000114]
v  ~StubRoutines::call_stub
j  com.sun.glass.ui.win.WinApplication._enterNestedEventLoopImpl()Ljava/lang/Object;+0
j  com.sun.glass.ui.win.WinApplication._enterNestedEventLoop()Ljava/lang/Object;+15
j  com.sun.glass.ui.Application.enterNestedEventLoop()Ljava/lang/Object;+14
j  com.sun.glass.ui.EventLoop.enter()Ljava/lang/Object;+42
j  com.sun.javafx.tk.quantum.QuantumToolkit.enterNestedEventLoop(Ljava/lang/Object;)Ljava/lang/Object;+98
j  javafx.stage.Stage.showAndWait()V+93
j  javafx.scene.control.HeavyweightDialog.showAndWait()V+22
j  javafx.scene.control.Dialog.showAndWait()Ljava/util/Optional;+86
j  com.express.servermanagertool.ui.RemoteFileBrowser.showError(Ljava/lang/String;)V+15
j  com.express.servermanagertool.ui.RemoteFileBrowser.lambda$loadDirectory$27(Ljava/lang/Exception;)V+10
j  com.express.servermanagertool.ui.RemoteFileBrowser$$Lambda$939+0x000001e00b39cf28.run()V+8
J 6707 c1 com.sun.javafx.application.PlatformImpl$$Lambda$180+0x000001e00b116a08.run()Ljava/lang/Object; (8 bytes) @ 0x000001e06e0d9c84 [0x000001e06e0d9b40+0x0000000000000144]
J 6240 c1 com.sun.javafx.application.PlatformImpl.lambda$runLater$11(Ljava/lang/Runnable;Ljava/security/AccessControlContext;)V (41 bytes) @ 0x000001e06dcc8b7c [0x000001e06dcc85a0+0x00000000000005dc]
J 6239 c1 com.sun.javafx.application.PlatformImpl$$Lambda$179+0x000001e00b113640.run()V (12 bytes) @ 0x000001e06da581a4 [0x000001e06da58120+0x0000000000000084]
J 2931 c1 com.sun.glass.ui.InvokeLaterDispatcher$Future.run()V (91 bytes) @ 0x000001e06d968a94 [0x000001e06d968980+0x0000000000000114]
v  ~StubRoutines::call_stub
j  com.sun.glass.ui.win.WinApplication._enterNestedEventLoopImpl()Ljava/lang/Object;+0
j  com.sun.glass.ui.win.WinApplication._enterNestedEventLoop()Ljava/lang/Object;+15
j  com.sun.glass.ui.Application.enterNestedEventLoop()Ljava/lang/Object;+14
j  com.sun.glass.ui.EventLoop.enter()Ljava/lang/Object;+42
j  com.sun.javafx.tk.quantum.QuantumToolkit.enterNestedEventLoop(Ljava/lang/Object;)Ljava/lang/Object;+98
j  javafx.stage.Stage.showAndWait()V+93
j  javafx.scene.control.HeavyweightDialog.showAndWait()V+22
j  javafx.scene.control.Dialog.showAndWait()Ljava/util/Optional;+86
j  com.express.servermanagertool.ui.RemoteFileBrowser.showError(Ljava/lang/String;)V+15
j  com.express.servermanagertool.ui.RemoteFileBrowser.lambda$loadDirectory$27(Ljava/lang/Exception;)V+10
j  com.express.servermanagertool.ui.RemoteFileBrowser$$Lambda$939+0x000001e00b39cf28.run()V+8
J 6707 c1 com.sun.javafx.application.PlatformImpl$$Lambda$180+0x000001e00b116a08.run()Ljava/lang/Object; (8 bytes) @ 0x000001e06e0d9c84 [0x000001e06e0d9b40+0x0000000000000144]
J 6240 c1 com.sun.javafx.application.PlatformImpl.lambda$runLater$11(Ljava/lang/Runnable;Ljava/security/AccessControlContext;)V (41 bytes) @ 0x000001e06dcc8b7c [0x000001e06dcc85a0+0x00000000000005dc]
J 6239 c1 com.sun.javafx.application.PlatformImpl$$Lambda$179+0x000001e00b113640.run()V (12 bytes) @ 0x000001e06da581a4 [0x000001e06da58120+0x0000000000000084]
J 2931 c1 com.sun.glass.ui.InvokeLaterDispatcher$Future.run()V (91 bytes) @ 0x000001e06d968a94 [0x000001e06d968980+0x0000000000000114]
v  ~StubRoutines::call_stub
j  com.sun.glass.ui.win.WinApplication._enterNestedEventLoopImpl()Ljava/lang/Object;+0
j  com.sun.glass.ui.win.WinApplication._enterNestedEventLoop()Ljava/lang/Object;+15
j  com.sun.glass.ui.Application.enterNestedEventLoop()Ljava/lang/Object;+14
j  com.sun.glass.ui.EventLoop.enter()Ljava/lang/Object;+42
j  com.sun.javafx.tk.quantum.QuantumToolkit.enterNestedEventLoop(Ljava/lang/Object;)Ljava/lang/Object;+98
j  javafx.stage.Stage.showAndWait()V+93
j  javafx.scene.control.HeavyweightDialog.showAndWait()V+22
j  javafx.scene.control.Dialog.showAndWait()Ljava/util/Optional;+86
j  com.express.servermanagertool.ui.RemoteFileBrowser.showError(Ljava/lang/String;)V+15
j  com.express.servermanagertool.ui.RemoteFileBrowser.lambda$loadDirectory$27(Ljava/lang/Exception;)V+10
j  com.express.servermanagertool.ui.RemoteFileBrowser$$Lambda$939+0x000001e00b39cf28.run()V+8
J 6707 c1 com.sun.javafx.application.PlatformImpl$$Lambda$180+0x000001e00b116a08.run()Ljava/lang/Object; (8 bytes) @ 0x000001e06e0d9c84 [0x000001e06e0d9b40+0x0000000000000144]
J 6240 c1 com.sun.javafx.application.PlatformImpl.lambda$runLater$11(Ljava/lang/Runnable;Ljava/security/AccessControlContext;)V (41 bytes) @ 0x000001e06dcc8b7c [0x000001e06dcc85a0+0x00000000000005dc]
J 6239 c1 com.sun.javafx.application.PlatformImpl$$Lambda$179+0x000001e00b113640.run()V (12 bytes) @ 0x000001e06da581a4 [0x000001e06da58120+0x0000000000000084]
J 2931 c1 com.sun.glass.ui.InvokeLaterDispatcher$Future.run()V (91 bytes) @ 0x000001e06d968a94 [0x000001e06d968980+0x0000000000000114]
v  ~StubRoutines::call_stub
j  com.sun.glass.ui.win.WinApplication._enterNestedEventLoopImpl()Ljava/lang/Object;+0
j  com.sun.glass.ui.win.WinApplication._enterNestedEventLoop()Ljava/lang/Object;+15
j  com.sun.glass.ui.Application.enterNestedEventLoop()Ljava/lang/Object;+14
j  com.sun.glass.ui.EventLoop.enter()Ljava/lang/Object;+42
j  com.sun.javafx.tk.quantum.QuantumToolkit.enterNestedEventLoop(Ljava/lang/Object;)Ljava/lang/Object;+98
j  javafx.stage.Stage.showAndWait()V+93
j  javafx.scene.control.HeavyweightDialog.showAndWait()V+22
j  javafx.scene.control.Dialog.showAndWait()Ljava/util/Optional;+86
j  com.express.servermanagertool.ui.RemoteFileBrowser.showError(Ljava/lang/String;)V+15
j  com.express.servermanagertool.ui.RemoteFileBrowser.lambda$loadDirectory$27(Ljava/lang/Exception;)V+10
j  com.express.servermanagertool.ui.RemoteFileBrowser$$Lambda$939+0x000001e00b39cf28.run()V+8
J 6707 c1 com.sun.javafx.application.PlatformImpl$$Lambda$180+0x000001e00b116a08.run()Ljava/lang/Object; (8 bytes) @ 0x000001e06e0d9c84 [0x000001e06e0d9b40+0x0000000000000144]
J 6240 c1 com.sun.javafx.application.PlatformImpl.lambda$runLater$11(Ljava/lang/Runnable;Ljava/security/AccessControlContext;)V (41 bytes) @ 0x000001e06dcc8b7c [0x000001e06dcc85a0+0x00000000000005dc]
J 6239 c1 com.sun.javafx.application.PlatformImpl$$Lambda$179+0x000001e00b113640.run()V (12 bytes) @ 0x000001e06da581a4 [0x000001e06da58120+0x0000000000000084]
J 2931 c1 com.sun.glass.ui.InvokeLaterDispatcher$Future.run()V (91 bytes) @ 0x000001e06d968a94 [0x000001e06d968980+0x0000000000000114]
v  ~StubRoutines::call_stub
j  com.sun.glass.ui.win.WinApplication._enterNestedEventLoopImpl()Ljava/lang/Object;+0
j  com.sun.glass.ui.win.WinApplication._enterNestedEventLoop()Ljava/lang/Object;+15
j  com.sun.glass.ui.Application.enterNestedEventLoop()Ljava/lang/Object;+14
j  com.sun.glass.ui.EventLoop.enter()Ljava/lang/Object;+42
j  com.sun.javafx.tk.quantum.QuantumToolkit.enterNestedEventLoop(Ljava/lang/Object;)Ljava/lang/Object;+98
j  javafx.stage.Stage.showAndWait()V+93
j  javafx.scene.control.HeavyweightDialog.showAndWait()V+22
j  javafx.scene.control.Dialog.showAndWait()Ljava/util/Optional;+86
j  com.express.servermanagertool.ui.RemoteFileBrowser.showError(Ljava/lang/String;)V+15
j  com.express.servermanagertool.ui.RemoteFileBrowser.lambda$loadDirectory$27(Ljava/lang/Exception;)V+10
j  com.express.servermanagertool.ui.RemoteFileBrowser$$Lambda$939+0x000001e00b39cf28.run()V+8
J 6707 c1 com.sun.javafx.application.PlatformImpl$$Lambda$180+0x000001e00b116a08.run()Ljava/lang/Object; (8 bytes) @ 0x000001e06e0d9c84 [0x000001e06e0d9b40+0x0000000000000144]
J 6240 c1 com.sun.javafx.application.PlatformImpl.lambda$runLater$11(Ljava/lang/Runnable;Ljava/security/AccessControlContext;)V (41 bytes) @ 0x000001e06dcc8b7c [0x000001e06dcc85a0+0x00000000000005dc]
J 6239 c1 com.sun.javafx.application.PlatformImpl$$Lambda$179+0x000001e00b113640.run()V (12 bytes) @ 0x000001e06da581a4 [0x000001e06da58120+0x0000000000000084]
J 2931 c1 com.sun.glass.ui.InvokeLaterDispatcher$Future.run()V (91 bytes) @ 0x000001e06d968a94 [0x000001e06d968980+0x0000000000000114]
v  ~StubRoutines::call_stub
j  com.sun.glass.ui.win.WinApplication._enterNestedEventLoopImpl()Ljava/lang/Object;+0
j  com.sun.glass.ui.win.WinApplication._enterNestedEventLoop()Ljava/lang/Object;+15
j  com.sun.glass.ui.Application.enterNestedEventLoop()Ljava/lang/Object;+14
j  com.sun.glass.ui.EventLoop.enter()Ljava/lang/Object;+42
j  com.sun.javafx.tk.quantum.QuantumToolkit.enterNestedEventLoop(Ljava/lang/Object;)Ljava/lang/Object;+98
j  javafx.stage.Stage.showAndWait()V+93
j  javafx.scene.control.HeavyweightDialog.showAndWait()V+22
j  javafx.scene.control.Dialog.showAndWait()Ljava/util/Optional;+86
j  com.express.servermanagertool.ui.RemoteFileBrowser.showError(Ljava/lang/String;)V+15
j  com.express.servermanagertool.ui.RemoteFileBrowser.lambda$loadDirectory$27(Ljava/lang/Exception;)V+10
j  com.express.servermanagertool.ui.RemoteFileBrowser$$Lambda$939+0x000001e00b39cf28.run()V+8
J 6707 c1 com.sun.javafx.application.PlatformImpl$$Lambda$180+0x000001e00b116a08.run()Ljava/lang/Object; (8 bytes) @ 0x000001e06e0d9c84 [0x000001e06e0d9b40+0x0000000000000144]
J 6240 c1 com.sun.javafx.application.PlatformImpl.lambda$runLater$11(Ljava/lang/Runnable;Ljava/security/AccessControlContext;)V (41 bytes) @ 0x000001e06dcc8b7c [0x000001e06dcc85a0+0x00000000000005dc]
J 6239 c1 com.sun.javafx.application.PlatformImpl$$Lambda$179+0x000001e00b113640.run()V (12 bytes) @ 0x000001e06da581a4 [0x000001e06da58120+0x0000000000000084]
J 2931 c1 com.sun.glass.ui.InvokeLaterDispatcher$Future.run()V (91 bytes) @ 0x000001e06d968a94 [0x000001e06d968980+0x0000000000000114]
v  ~StubRoutines::call_stub
j  com.sun.glass.ui.win.WinApplication._enterNestedEventLoopImpl()Ljava/lang/Object;+0
j  com.sun.glass.ui.win.WinApplication._enterNestedEventLoop()Ljava/lang/Object;+15
j  com.sun.glass.ui.Application.enterNestedEventLoop()Ljava/lang/Object;+14
j  com.sun.glass.ui.EventLoop.enter()Ljava/lang/Object;+42
j  com.sun.javafx.tk.quantum.QuantumToolkit.enterNestedEventLoop(Ljava/lang/Object;)Ljava/lang/Object;+98
j  javafx.stage.Stage.showAndWait()V+93
j  javafx.scene.control.HeavyweightDialog.showAndWait()V+22
j  javafx.scene.control.Dialog.showAndWait()Ljava/util/Optional;+86
j  com.express.servermanagertool.ui.RemoteFileBrowser.showError(Ljava/lang/String;)V+15
j  com.express.servermanagertool.ui.RemoteFileBrowser.lambda$loadDirectory$27(Ljava/lang/Exception;)V+10
j  com.express.servermanagertool.ui.RemoteFileBrowser$$Lambda$939+0x000001e00b39cf28.run()V+8
J 6707 c1 com.sun.javafx.application.PlatformImpl$$Lambda$180+0x000001e00b116a08.run()Ljava/lang/Object; (8 bytes) @ 0x000001e06e0d9c84 [0x000001e06e0d9b40+0x0000000000000144]
J 6240 c1 com.sun.javafx.application.PlatformImpl.lambda$runLater$11(Ljava/lang/Runnable;Ljava/security/AccessControlContext;)V (41 bytes) @ 0x000001e06dcc8b7c [0x000001e06dcc85a0+0x00000000000005dc]
J 6239 c1 com.sun.javafx.application.PlatformImpl$$Lambda$179+0x000001e00b113640.run()V (12 bytes) @ 0x000001e06da581a4 [0x000001e06da58120+0x0000000000000084]
J 2931 c1 com.sun.glass.ui.InvokeLaterDispatcher$Future.run()V (91 bytes) @ 0x000001e06d968a94 [0x000001e06d968980+0x0000000000000114]
v  ~StubRoutines::call_stub
j  com.sun.glass.ui.win.WinApplication._enterNestedEventLoopImpl()Ljava/lang/Object;+0
j  com.sun.glass.ui.win.WinApplication._enterNestedEventLoop()Ljava/lang/Object;+15
j  com.sun.glass.ui.Application.enterNestedEventLoop()Ljava/lang/Object;+14
j  com.sun.glass.ui.EventLoop.enter()Ljava/lang/Object;+42
j  com.sun.javafx.tk.quantum.QuantumToolkit.enterNestedEventLoop(Ljava/lang/Object;)Ljava/lang/Object;+98
j  javafx.stage.Stage.showAndWait()V+93
j  javafx.scene.control.HeavyweightDialog.showAndWait()V+22
j  javafx.scene.control.Dialog.showAndWait()Ljava/util/Optional;+86
j  com.express.servermanagertool.ui.RemoteFileBrowser.showError(Ljava/lang/String;)V+15
j  com.express.servermanagertool.ui.RemoteFileBrowser.lambda$loadDirectory$27(Ljava/lang/Exception;)V+10
j  com.express.servermanagertool.ui.RemoteFileBrowser$$Lambda$939+0x000001e00b39cf28.run()V+8
J 6707 c1 com.sun.javafx.application.PlatformImpl$$Lambda$180+0x000001e00b116a08.run()Ljava/lang/Object; (8 bytes) @ 0x000001e06e0d9c84 [0x000001e06e0d9b40+0x0000000000000144]
J 6240 c1 com.sun.javafx.application.PlatformImpl.lambda$runLater$11(Ljava/lang/Runnable;Ljava/security/AccessControlContext;)V (41 bytes) @ 0x000001e06dcc8b7c [0x000001e06dcc85a0+0x00000000000005dc]
J 6239 c1 com.sun.javafx.application.PlatformImpl$$Lambda$179+0x000001e00b113640.run()V (12 bytes) @ 0x000001e06da581a4 [0x000001e06da58120+0x0000000000000084]
J 2931 c1 com.sun.glass.ui.InvokeLaterDispatcher$Future.run()V (91 bytes) @ 0x000001e06d968a94 [0x000001e06d968980+0x0000000000000114]
v  ~StubRoutines::call_stub
j  com.sun.glass.ui.win.WinApplication._enterNestedEventLoopImpl()Ljava/lang/Object;+0
j  com.sun.glass.ui.win.WinApplication._enterNestedEventLoop()Ljava/lang/Object;+15
j  com.sun.glass.ui.Application.enterNestedEventLoop()Ljava/lang/Object;+14
j  com.sun.glass.ui.EventLoop.enter()Ljava/lang/Object;+42
j  com.sun.javafx.tk.quantum.QuantumToolkit.enterNestedEventLoop(Ljava/lang/Object;)Ljava/lang/Object;+98
j  javafx.stage.Stage.showAndWait()V+93
j  javafx.scene.control.HeavyweightDialog.showAndWait()V+22
j  javafx.scene.control.Dialog.showAndWait()Ljava/util/Optional;+86
j  com.express.servermanagertool.ui.RemoteFileBrowser.showError(Ljava/lang/String;)V+15
j  com.express.servermanagertool.ui.RemoteFileBrowser.lambda$loadDirectory$27(Ljava/lang/Exception;)V+10
j  com.express.servermanagertool.ui.RemoteFileBrowser$$Lambda$939+0x000001e00b39cf28.run()V+8
J 6707 c1 com.sun.javafx.application.PlatformImpl$$Lambda$180+0x000001e00b116a08.run()Ljava/lang/Object; (8 bytes) @ 0x000001e06e0d9c84 [0x000001e06e0d9b40+0x0000000000000144]
J 6240 c1 com.sun.javafx.application.PlatformImpl.lambda$runLater$11(Ljava/lang/Runnable;Ljava/security/AccessControlContext;)V (41 bytes) @ 0x000001e06dcc8b7c [0x000001e06dcc85a0+0x00000000000005dc]
J 6239 c1 com.sun.javafx.application.PlatformImpl$$Lambda$179+0x000001e00b113640.run()V (12 bytes) @ 0x000001e06da581a4 [0x000001e06da58120+0x0000000000000084]
J 2931 c1 com.sun.glass.ui.InvokeLaterDispatcher$Future.run()V (91 bytes) @ 0x000001e06d968a94 [0x000001e06d968980+0x0000000000000114]
v  ~StubRoutines::call_stub
j  com.sun.glass.ui.win.WinApplication._enterNestedEventLoopImpl()Ljava/lang/Object;+0
j  com.sun.glass.ui.win.WinApplication._enterNestedEventLoop()Ljava/lang/Object;+15
j  com.sun.glass.ui.Application.enterNestedEventLoop()Ljava/lang/Object;+14
j  com.sun.glass.ui.EventLoop.enter()Ljava/lang/Object;+42
j  com.sun.javafx.tk.quantum.QuantumToolkit.enterNestedEventLoop(Ljava/lang/Object;)Ljava/lang/Object;+98
j  javafx.stage.Stage.showAndWait()V+93
j  javafx.scene.control.HeavyweightDialog.showAndWait()V+22
j  javafx.scene.control.Dialog.showAndWait()Ljava/util/Optional;+86
j  com.express.servermanagertool.ui.RemoteFileBrowser.showError(Ljava/lang/String;)V+15
j  com.express.servermanagertool.ui.RemoteFileBrowser.lambda$loadDirectory$27(Ljava/lang/Exception;)V+10
j  com.express.servermanagertool.ui.RemoteFileBrowser$$Lambda$939+0x000001e00b39cf28.run()V+8
J 6707 c1 com.sun.javafx.application.PlatformImpl$$Lambda$180+0x000001e00b116a08.run()Ljava/lang/Object; (8 bytes) @ 0x000001e06e0d9c84 [0x000001e06e0d9b40+0x0000000000000144]
J 6240 c1 com.sun.javafx.application.PlatformImpl.lambda$runLater$11(Ljava/lang/Runnable;Ljava/security/AccessControlContext;)V (41 bytes) @ 0x000001e06dcc8b7c [0x000001e06dcc85a0+0x00000000000005dc]
J 6239 c1 com.sun.javafx.application.PlatformImpl$$Lambda$179+0x000001e00b113640.run()V (12 bytes) @ 0x000001e06da581a4 [0x000001e06da58120+0x0000000000000084]
J 2931 c1 com.sun.glass.ui.InvokeLaterDispatcher$Future.run()V (91 bytes) @ 0x000001e06d968a94 [0x000001e06d968980+0x0000000000000114]
v  ~StubRoutines::call_stub
j  com.sun.glass.ui.win.WinApplication._enterNestedEventLoopImpl()Ljava/lang/Object;+0
j  com.sun.glass.ui.win.WinApplication._enterNestedEventLoop()Ljava/lang/Object;+15
j  com.sun.glass.ui.Application.enterNestedEventLoop()Ljava/lang/Object;+14
j  com.sun.glass.ui.EventLoop.enter()Ljava/lang/Object;+42
j  com.sun.javafx.tk.quantum.QuantumToolkit.enterNestedEventLoop(Ljava/lang/Object;)Ljava/lang/Object;+98
j  javafx.stage.Stage.showAndWait()V+93
j  javafx.scene.control.HeavyweightDialog.showAndWait()V+22
j  javafx.scene.control.Dialog.showAndWait()Ljava/util/Optional;+86
j  com.express.servermanagertool.ui.RemoteFileBrowser.showError(Ljava/lang/String;)V+15
j  com.express.servermanagertool.ui.RemoteFileBrowser.lambda$loadDirectory$27(Ljava/lang/Exception;)V+10
j  com.express.servermanagertool.ui.RemoteFileBrowser$$Lambda$939+0x000001e00b39cf28.run()V+8
j  com.sun.javafx.application.PlatformImpl.lambda$runLater$10(Ljava/lang/Runnable;)Ljava/lang/Void;+1
j  com.sun.javafx.application.PlatformImpl$$Lambda$180+0x000001e00b116a08.run()Ljava/lang/Object;+4
J 6240 c1 com.sun.javafx.application.PlatformImpl.lambda$runLater$11(Ljava/lang/Runnable;Ljava/security/AccessControlContext;)V (41 bytes) @ 0x000001e06dcc8b7c [0x000001e06dcc85a0+0x00000000000005dc]
J 6239 c1 com.sun.javafx.application.PlatformImpl$$Lambda$179+0x000001e00b113640.run()V (12 bytes) @ 0x000001e06da581a4 [0x000001e06da58120+0x0000000000000084]
J 2931 c1 com.sun.glass.ui.InvokeLaterDispatcher$Future.run()V (91 bytes) @ 0x000001e06d968a94 [0x000001e06d968980+0x0000000000000114]
v  ~StubRoutines::call_stub
j  com.sun.glass.ui.win.WinApplication._enterNestedEventLoopImpl()Ljava/lang/Object;+0
j  com.sun.glass.ui.win.WinApplication._enterNestedEventLoop()Ljava/lang/Object;+15
j  com.sun.glass.ui.Application.enterNestedEventLoop()Ljava/lang/Object;+14
j  com.sun.glass.ui.EventLoop.enter()Ljava/lang/Object;+42
j  com.sun.javafx.tk.quantum.QuantumToolkit.enterNestedEventLoop(Ljava/lang/Object;)Ljava/lang/Object;+98
j  javafx.stage.Stage.showAndWait()V+93
j  javafx.scene.control.HeavyweightDialog.showAndWait()V+22
j  javafx.scene.control.Dialog.showAndWait()Ljava/util/Optional;+86
j  com.express.servermanagertool.ui.RemoteFileBrowser.showError(Ljava/lang/String;)V+15
j  com.express.servermanagertool.ui.RemoteFileBrowser.lambda$loadDirectory$27(Ljava/lang/Exception;)V+10
j  com.express.servermanagertool.ui.RemoteFileBrowser$$Lambda$939+0x000001e00b39cf28.run()V+8
j  com.sun.javafx.application.PlatformImpl.lambda$runLater$10(Ljava/lang/Runnable;)Ljava/lang/Void;+1
j  com.sun.javafx.application.PlatformImpl$$Lambda$180+0x000001e00b116a08.run()Ljava/lang/Object;+4
J 6240 c1 com.sun.javafx.application.PlatformImpl.lambda$runLater$11(Ljava/lang/Runnable;Ljava/security/AccessControlContext;)V (41 bytes) @ 0x000001e06dcc8b7c [0x000001e06dcc85a0+0x00000000000005dc]
J 6239 c1 com.sun.javafx.application.PlatformImpl$$Lambda$179+0x000001e00b113640.run()V (12 bytes) @ 0x000001e06da581a4 [0x000001e06da58120+0x0000000000000084]
J 2931 c1 com.sun.glass.ui.InvokeLaterDispatcher$Future.run()V (91 bytes) @ 0x000001e06d968a94 [0x000001e06d968980+0x0000000000000114]
v  ~StubRoutines::call_stub
j  com.sun.glass.ui.win.WinApplication._enterNestedEventLoopImpl()Ljava/lang/Object;+0
j  com.sun.glass.ui.win.WinApplication._enterNestedEventLoop()Ljava/lang/Object;+15
j  com.sun.glass.ui.Application.enterNestedEventLoop()Ljava/lang/Object;+14
j  com.sun.glass.ui.EventLoop.enter()Ljava/lang/Object;+42
j  com.sun.javafx.tk.quantum.QuantumToolkit.enterNestedEventLoop(Ljava/lang/Object;)Ljava/lang/Object;+98
j  javafx.stage.Stage.showAndWait()V+93
j  javafx.scene.control.HeavyweightDialog.showAndWait()V+22
j  javafx.scene.control.Dialog.showAndWait()Ljava/util/Optional;+86
j  com.express.servermanagertool.ui.RemoteFileBrowser.showError(Ljava/lang/String;)V+15
j  com.express.servermanagertool.ui.RemoteFileBrowser.lambda$loadDirectory$27(Ljava/lang/Exception;)V+10
j  com.express.servermanagertool.ui.RemoteFileBrowser$$Lambda$939+0x000001e00b39cf28.run()V+8
j  com.sun.javafx.application.PlatformImpl.lambda$runLater$10(Ljava/lang/Runnable;)Ljava/lang/Void;+1
j  com.sun.javafx.application.PlatformImpl$$Lambda$180+0x000001e00b116a08.run()Ljava/lang/Object;+4
J 6240 c1 com.sun.javafx.application.PlatformImpl.lambda$runLater$11(Ljava/lang/Runnable;Ljava/security/AccessControlContext;)V (41 bytes) @ 0x000001e06dcc8b7c [0x000001e06dcc85a0+0x00000000000005dc]
J 6239 c1 com.sun.javafx.application.PlatformImpl$$Lambda$179+0x000001e00b113640.run()V (12 bytes) @ 0x000001e06da581a4 [0x000001e06da58120+0x0000000000000084]
J 2931 c1 com.sun.glass.ui.InvokeLaterDispatcher$Future.run()V (91 bytes) @ 0x000001e06d968a94 [0x000001e06d968980+0x0000000000000114]
v  ~StubRoutines::call_stub
j  com.sun.glass.ui.win.WinApplication._enterNestedEventLoopImpl()Ljava/lang/Object;+0
j  com.sun.glass.ui.win.WinApplication._enterNestedEventLoop()Ljava/lang/Object;+15
j  com.sun.glass.ui.Application.enterNestedEventLoop()Ljava/lang/Object;+14
j  com.sun.glass.ui.EventLoop.enter()Ljava/lang/Object;+42
j  com.sun.javafx.tk.quantum.QuantumToolkit.enterNestedEventLoop(Ljava/lang/Object;)Ljava/lang/Object;+98
j  javafx.stage.Stage.showAndWait()V+93
j  javafx.scene.control.HeavyweightDialog.showAndWait()V+22
j  javafx.scene.control.Dialog.showAndWait()Ljava/util/Optional;+86
j  com.express.servermanagertool.ui.RemoteFileBrowser.showError(Ljava/lang/String;)V+15
j  com.express.servermanagertool.ui.RemoteFileBrowser.lambda$loadDirectory$27(Ljava/lang/Exception;)V+10
j  com.express.servermanagertool.ui.RemoteFileBrowser$$Lambda$939+0x000001e00b39cf28.run()V+8
j  com.sun.javafx.application.PlatformImpl.lambda$runLater$10(Ljava/lang/Runnable;)Ljava/lang/Void;+1
j  com.sun.javafx.application.PlatformImpl$$Lambda$180+0x000001e00b116a08.run()Ljava/lang/Object;+4
J 6240 c1 com.sun.javafx.application.PlatformImpl.lambda$runLater$11(Ljava/lang/Runnable;Ljava/security/AccessControlContext;)V (41 bytes) @ 0x000001e06dcc8b7c [0x000001e06dcc85a0+0x00000000000005dc]
J 6239 c1 com.sun.javafx.application.PlatformImpl$$Lambda$179+0x000001e00b113640.run()V (12 bytes) @ 0x000001e06da581a4 [0x000001e06da58120+0x0000000000000084]
J 2931 c1 com.sun.glass.ui.InvokeLaterDispatcher$Future.run()V (91 bytes) @ 0x000001e06d968a94 [0x000001e06d968980+0x0000000000000114]
v  ~StubRoutines::call_stub
j  com.sun.glass.ui.win.WinApplication._enterNestedEventLoopImpl()Ljava/lang/Object;+0
j  com.sun.glass.ui.win.WinApplication._enterNestedEventLoop()Ljava/lang/Object;+15
j  com.sun.glass.ui.Application.enterNestedEventLoop()Ljava/lang/Object;+14
j  com.sun.glass.ui.EventLoop.enter()Ljava/lang/Object;+42
j  com.sun.javafx.tk.quantum.QuantumToolkit.enterNestedEventLoop(Ljava/lang/Object;)Ljava/lang/Object;+98
j  javafx.stage.Stage.showAndWait()V+93
j  javafx.scene.control.HeavyweightDialog.showAndWait()V+22
j  javafx.scene.control.Dialog.showAndWait()Ljava/util/Optional;+86
j  com.express.servermanagertool.ui.RemoteFileBrowser.showError(Ljava/lang/String;)V+15
j  com.express.servermanagertool.ui.RemoteFileBrowser.lambda$loadDirectory$27(Ljava/lang/Exception;)V+10
j  com.express.servermanagertool.ui.RemoteFileBrowser$$Lambda$939+0x000001e00b39cf28.run()V+8
j  com.sun.javafx.application.PlatformImpl.lambda$runLater$10(Ljava/lang/Runnable;)Ljava/lang/Void;+1
j  com.sun.javafx.application.PlatformImpl$$Lambda$180+0x000001e00b116a08.run()Ljava/lang/Object;+4
J 6240 c1 com.sun.javafx.application.PlatformImpl.lambda$runLater$11(Ljava/lang/Runnable;Ljava/security/AccessControlContext;)V (41 bytes) @ 0x000001e06dcc8b7c [0x000001e06dcc85a0+0x00000000000005dc]
J 6239 c1 com.sun.javafx.application.PlatformImpl$$Lambda$179+0x000001e00b113640.run()V (12 bytes) @ 0x000001e06da581a4 [0x000001e06da58120+0x0000000000000084]
J 2931 c1 com.sun.glass.ui.InvokeLaterDispatcher$Future.run()V (91 bytes) @ 0x000001e06d968a94 [0x000001e06d968980+0x0000000000000114]
v  ~StubRoutines::call_stub
j  com.sun.glass.ui.win.WinApplication._enterNestedEventLoopImpl()Ljava/lang/Object;+0
j  com.sun.glass.ui.win.WinApplication._enterNestedEventLoop()Ljava/lang/Object;+15
j  com.sun.glass.ui.Application.enterNestedEventLoop()Ljava/lang/Object;+14
j  com.sun.glass.ui.EventLoop.enter()Ljava/lang/Object;+42
j  com.sun.javafx.tk.quantum.QuantumToolkit.enterNestedEventLoop(Ljava/lang/Object;)Ljava/lang/Object;+98
j  javafx.stage.Stage.showAndWait()V+93
j  javafx.scene.control.HeavyweightDialog.showAndWait()V+22
j  javafx.scene.control.Dialog.showAndWait()Ljava/util/Optional;+86
j  com.express.servermanagertool.ui.RemoteFileBrowser.showError(Ljava/lang/String;)V+15
j  com.express.servermanagertool.ui.RemoteFileBrowser.lambda$loadDirectory$27(Ljava/lang/Exception;)V+10
j  com.express.servermanagertool.ui.RemoteFileBrowser$$Lambda$939+0x000001e00b39cf28.run()V+8
j  com.sun.javafx.application.PlatformImpl.lambda$runLater$10(Ljava/lang/Runnable;)Ljava/lang/Void;+1
j  com.sun.javafx.application.PlatformImpl$$Lambda$180+0x000001e00b116a08.run()Ljava/lang/Object;+4
J 6240 c1 com.sun.javafx.application.PlatformImpl.lambda$runLater$11(Ljava/lang/Runnable;Ljava/security/AccessControlContext;)V (41 bytes) @ 0x000001e06dcc8b7c [0x000001e06dcc85a0+0x00000000000005dc]
J 6239 c1 com.sun.javafx.application.PlatformImpl$$Lambda$179+0x000001e00b113640.run()V (12 bytes) @ 0x000001e06da581a4 [0x000001e06da58120+0x0000000000000084]
J 2931 c1 com.sun.glass.ui.InvokeLaterDispatcher$Future.run()V (91 bytes) @ 0x000001e06d968a94 [0x000001e06d968980+0x0000000000000114]
v  ~StubRoutines::call_stub
j  com.sun.glass.ui.win.WinApplication._enterNestedEventLoopImpl()Ljava/lang/Object;+0
j  com.sun.glass.ui.win.WinApplication._enterNestedEventLoop()Ljava/lang/Object;+15
j  com.sun.glass.ui.Application.enterNestedEventLoop()Ljava/lang/Object;+14
j  com.sun.glass.ui.EventLoop.enter()Ljava/lang/Object;+42
j  com.sun.javafx.tk.quantum.QuantumToolkit.enterNestedEventLoop(Ljava/lang/Object;)Ljava/lang/Object;+98
j  javafx.stage.Stage.showAndWait()V+93
j  javafx.scene.control.HeavyweightDialog.showAndWait()V+22
j  javafx.scene.control.Dialog.showAndWait()Ljava/util/Optional;+86
j  com.express.servermanagertool.ui.RemoteFileBrowser.showError(Ljava/lang/String;)V+15
j  com.express.servermanagertool.ui.RemoteFileBrowser.lambda$loadDirectory$27(Ljava/lang/Exception;)V+10
j  com.express.servermanagertool.ui.RemoteFileBrowser$$Lambda$939+0x000001e00b39cf28.run()V+8
j  com.sun.javafx.application.PlatformImpl.lambda$runLater$10(Ljava/lang/Runnable;)Ljava/lang/Void;+1
j  com.sun.javafx.application.PlatformImpl$$Lambda$180+0x000001e00b116a08.run()Ljava/lang/Object;+4
J 6240 c1 com.sun.javafx.application.PlatformImpl.lambda$runLater$11(Ljava/lang/Runnable;Ljava/security/AccessControlContext;)V (41 bytes) @ 0x000001e06dcc8b7c [0x000001e06dcc85a0+0x00000000000005dc]
J 6239 c1 com.sun.javafx.application.PlatformImpl$$Lambda$179+0x000001e00b113640.run()V (12 bytes) @ 0x000001e06da581a4 [0x000001e06da58120+0x0000000000000084]
J 2931 c1 com.sun.glass.ui.InvokeLaterDispatcher$Future.run()V (91 bytes) @ 0x000001e06d968a94 [0x000001e06d968980+0x0000000000000114]
v  ~StubRoutines::call_stub
j  com.sun.glass.ui.win.WinApplication._enterNestedEventLoopImpl()Ljava/lang/Object;+0
j  com.sun.glass.ui.win.WinApplication._enterNestedEventLoop()Ljava/lang/Object;+15
j  com.sun.glass.ui.Application.enterNestedEventLoop()Ljava/lang/Object;+14
j  com.sun.glass.ui.EventLoop.enter()Ljava/lang/Object;+42
j  com.sun.javafx.tk.quantum.QuantumToolkit.enterNestedEventLoop(Ljava/lang/Object;)Ljava/lang/Object;+98
j  javafx.stage.Stage.showAndWait()V+93
j  javafx.scene.control.HeavyweightDialog.showAndWait()V+22
j  javafx.scene.control.Dialog.showAndWait()Ljava/util/Optional;+86
j  com.express.servermanagertool.ui.RemoteFileBrowser.showError(Ljava/lang/String;)V+15
j  com.express.servermanagertool.ui.RemoteFileBrowser.lambda$loadDirectory$27(Ljava/lang/Exception;)V+10
j  com.express.servermanagertool.ui.RemoteFileBrowser$$Lambda$939+0x000001e00b39cf28.run()V+8
j  com.sun.javafx.application.PlatformImpl.lambda$runLater$10(Ljava/lang/Runnable;)Ljava/lang/Void;+1
j  com.sun.javafx.application.PlatformImpl$$Lambda$180+0x000001e00b116a08.run()Ljava/lang/Object;+4
J 6240 c1 com.sun.javafx.application.PlatformImpl.lambda$runLater$11(Ljava/lang/Runnable;Ljava/security/AccessControlContext;)V (41 bytes) @ 0x000001e06dcc8b7c [0x000001e06dcc85a0+0x00000000000005dc]
J 6239 c1 com.sun.javafx.application.PlatformImpl$$Lambda$179+0x000001e00b113640.run()V (12 bytes) @ 0x000001e06da581a4 [0x000001e06da58120+0x0000000000000084]
J 2931 c1 com.sun.glass.ui.InvokeLaterDispatcher$Future.run()V (91 bytes) @ 0x000001e06d968a94 [0x000001e06d968980+0x0000000000000114]
v  ~StubRoutines::call_stub
j  com.sun.glass.ui.win.WinApplication._enterNestedEventLoopImpl()Ljava/lang/Object;+0
j  com.sun.glass.ui.win.WinApplication._enterNestedEventLoop()Ljava/lang/Object;+15
j  com.sun.glass.ui.Application.enterNestedEventLoop()Ljava/lang/Object;+14
j  com.sun.glass.ui.EventLoop.enter()Ljava/lang/Object;+42
j  com.sun.javafx.tk.quantum.QuantumToolkit.enterNestedEventLoop(Ljava/lang/Object;)Ljava/lang/Object;+98
j  javafx.stage.Stage.showAndWait()V+93
j  javafx.scene.control.HeavyweightDialog.showAndWait()V+22
j  javafx.scene.control.Dialog.showAndWait()Ljava/util/Optional;+86
j  com.express.servermanagertool.ui.RemoteFileBrowser.showError(Ljava/lang/String;)V+15
j  com.express.servermanagertool.ui.RemoteFileBrowser.lambda$loadDirectory$27(Ljava/lang/Exception;)V+10
j  com.express.servermanagertool.ui.RemoteFileBrowser$$Lambda$939+0x000001e00b39cf28.run()V+8
j  com.sun.javafx.application.PlatformImpl.lambda$runLater$10(Ljava/lang/Runnable;)Ljava/lang/Void;+1
j  com.sun.javafx.application.PlatformImpl$$Lambda$180+0x000001e00b116a08.run()Ljava/lang/Object;+4
J 6240 c1 com.sun.javafx.application.PlatformImpl.lambda$runLater$11(Ljava/lang/Runnable;Ljava/security/AccessControlContext;)V (41 bytes) @ 0x000001e06dcc8b7c [0x000001e06dcc85a0+0x00000000000005dc]
J 6239 c1 com.sun.javafx.application.PlatformImpl$$Lambda$179+0x000001e00b113640.run()V (12 bytes) @ 0x000001e06da581a4 [0x000001e06da58120+0x0000000000000084]
J 2931 c1 com.sun.glass.ui.InvokeLaterDispatcher$Future.run()V (91 bytes) @ 0x000001e06d968a94 [0x000001e06d968980+0x0000000000000114]
v  ~StubRoutines::call_stub
j  com.sun.glass.ui.win.WinApplication._enterNestedEventLoopImpl()Ljava/lang/Object;+0
j  com.sun.glass.ui.win.WinApplication._enterNestedEventLoop()Ljava/lang/Object;+15
j  com.sun.glass.ui.Application.enterNestedEventLoop()Ljava/lang/Object;+14
j  com.sun.glass.ui.EventLoop.enter()Ljava/lang/Object;+42
j  com.sun.javafx.tk.quantum.QuantumToolkit.enterNestedEventLoop(Ljava/lang/Object;)Ljava/lang/Object;+98
j  javafx.stage.Stage.showAndWait()V+93
j  javafx.scene.control.HeavyweightDialog.showAndWait()V+22
j  javafx.scene.control.Dialog.showAndWait()Ljava/util/Optional;+86
j  com.express.servermanagertool.ui.RemoteFileBrowser.showError(Ljava/lang/String;)V+15
j  com.express.servermanagertool.ui.RemoteFileBrowser.lambda$loadDirectory$27(Ljava/lang/Exception;)V+10
j  com.express.servermanagertool.ui.RemoteFileBrowser$$Lambda$939+0x000001e00b39cf28.run()V+8
j  com.sun.javafx.application.PlatformImpl.lambda$runLater$10(Ljava/lang/Runnable;)Ljava/lang/Void;+1
j  com.sun.javafx.application.PlatformImpl$$Lambda$180+0x000001e00b116a08.run()Ljava/lang/Object;+4
J 6240 c1 com.sun.javafx.application.PlatformImpl.lambda$runLater$11(Ljava/lang/Runnable;Ljava/security/AccessControlContext;)V (41 bytes) @ 0x000001e06dcc8b7c [0x000001e06dcc85a0+0x00000000000005dc]
J 6239 c1 com.sun.javafx.application.PlatformImpl$$Lambda$179+0x000001e00b113640.run()V (12 bytes) @ 0x000001e06da581a4 [0x000001e06da58120+0x0000000000000084]
J 2931 c1 com.sun.glass.ui.InvokeLaterDispatcher$Future.run()V (91 bytes) @ 0x000001e06d968a94 [0x000001e06d968980+0x0000000000000114]
v  ~StubRoutines::call_stub
j  com.sun.glass.ui.win.WinApplication._enterNestedEventLoopImpl()Ljava/lang/Object;+0
j  com.sun.glass.ui.win.WinApplication._enterNestedEventLoop()Ljava/lang/Object;+15
j  com.sun.glass.ui.Application.enterNestedEventLoop()Ljava/lang/Object;+14
j  com.sun.glass.ui.EventLoop.enter()Ljava/lang/Object;+42
j  com.sun.javafx.tk.quantum.QuantumToolkit.enterNestedEventLoop(Ljava/lang/Object;)Ljava/lang/Object;+98
j  javafx.stage.Stage.showAndWait()V+93
j  javafx.scene.control.HeavyweightDialog.showAndWait()V+22
j  javafx.scene.control.Dialog.showAndWait()Ljava/util/Optional;+86
j  com.express.servermanagertool.ui.RemoteFileBrowser.showError(Ljava/lang/String;)V+15
j  com.express.servermanagertool.ui.RemoteFileBrowser.lambda$loadDirectory$27(Ljava/lang/Exception;)V+10
j  com.express.servermanagertool.ui.RemoteFileBrowser$$Lambda$939+0x000001e00b39cf28.run()V+8
j  com.sun.javafx.application.PlatformImpl.lambda$runLater$10(Ljava/lang/Runnable;)Ljava/lang/Void;+1
j  com.sun.javafx.application.PlatformImpl$$Lambda$180+0x000001e00b116a08.run()Ljava/lang/Object;+4
J 6240 c1 com.sun.javafx.application.PlatformImpl.lambda$runLater$11(Ljava/lang/Runnable;Ljava/security/AccessControlContext;)V (41 bytes) @ 0x000001e06dcc8b7c [0x000001e06dcc85a0+0x00000000000005dc]
J 6239 c1 com.sun.javafx.application.PlatformImpl$$Lambda$179+0x000001e00b113640.run()V (12 bytes) @ 0x000001e06da581a4 [0x000001e06da58120+0x0000000000000084]
J 2931 c1 com.sun.glass.ui.InvokeLaterDispatcher$Future.run()V (91 bytes) @ 0x000001e06d968a94 [0x000001e06d968980+0x0000000000000114]
v  ~StubRoutines::call_stub
j  com.sun.glass.ui.win.WinApplication._enterNestedEventLoopImpl()Ljava/lang/Object;+0
j  com.sun.glass.ui.win.WinApplication._enterNestedEventLoop()Ljava/lang/Object;+15
j  com.sun.glass.ui.Application.enterNestedEventLoop()Ljava/lang/Object;+14
j  com.sun.glass.ui.EventLoop.enter()Ljava/lang/Object;+42
j  com.sun.javafx.tk.quantum.QuantumToolkit.enterNestedEventLoop(Ljava/lang/Object;)Ljava/lang/Object;+98
j  javafx.stage.Stage.showAndWait()V+93
j  javafx.scene.control.HeavyweightDialog.showAndWait()V+22
j  javafx.scene.control.Dialog.showAndWait()Ljava/util/Optional;+86
j  com.express.servermanagertool.ui.RemoteFileBrowser.showError(Ljava/lang/String;)V+15
j  com.express.servermanagertool.ui.RemoteFileBrowser.lambda$loadDirectory$27(Ljava/lang/Exception;)V+10
j  com.express.servermanagertool.ui.RemoteFileBrowser$$Lambda$939+0x000001e00b39cf28.run()V+8
j  com.sun.javafx.application.PlatformImpl.lambda$runLater$10(Ljava/lang/Runnable;)Ljava/lang/Void;+1
j  com.sun.javafx.application.PlatformImpl$$Lambda$180+0x000001e00b116a08.run()Ljava/lang/Object;+4
J 6240 c1 com.sun.javafx.application.PlatformImpl.lambda$runLater$11(Ljava/lang/Runnable;Ljava/security/AccessControlContext;)V (41 bytes) @ 0x000001e06dcc8b7c [0x000001e06dcc85a0+0x00000000000005dc]
J 6239 c1 com.sun.javafx.application.PlatformImpl$$Lambda$179+0x000001e00b113640.run()V (12 bytes) @ 0x000001e06da581a4 [0x000001e06da58120+0x0000000000000084]
J 2931 c1 com.sun.glass.ui.InvokeLaterDispatcher$Future.run()V (91 bytes) @ 0x000001e06d968a94 [0x000001e06d968980+0x0000000000000114]
v  ~StubRoutines::call_stub
j  com.sun.glass.ui.win.WinApplication._enterNestedEventLoopImpl()Ljava/lang/Object;+0
j  com.sun.glass.ui.win.WinApplication._enterNestedEventLoop()Ljava/lang/Object;+15
j  com.sun.glass.ui.Application.enterNestedEventLoop()Ljava/lang/Object;+14
j  com.sun.glass.ui.EventLoop.enter()Ljava/lang/Object;+42
j  com.sun.javafx.tk.quantum.QuantumToolkit.enterNestedEventLoop(Ljava/lang/Object;)Ljava/lang/Object;+98
j  javafx.stage.Stage.showAndWait()V+93
j  javafx.scene.control.HeavyweightDialog.showAndWait()V+22
j  javafx.scene.control.Dialog.showAndWait()Ljava/util/Optional;+86
j  com.express.servermanagertool.ui.RemoteFileBrowser.showError(Ljava/lang/String;)V+15
j  com.express.servermanagertool.ui.RemoteFileBrowser.lambda$loadDirectory$27(Ljava/lang/Exception;)V+10
j  com.express.servermanagertool.ui.RemoteFileBrowser$$Lambda$939+0x000001e00b39cf28.run()V+8
j  com.sun.javafx.application.PlatformImpl.lambda$runLater$10(Ljava/lang/Runnable;)Ljava/lang/Void;+1
j  com.sun.javafx.application.PlatformImpl$$Lambda$180+0x000001e00b116a08.run()Ljava/lang/Object;+4
J 6240 c1 com.sun.javafx.application.PlatformImpl.lambda$runLater$11(Ljava/lang/Runnable;Ljava/security/AccessControlContext;)V (41 bytes) @ 0x000001e06dcc8b7c [0x000001e06dcc85a0+0x00000000000005dc]
J 6239 c1 com.sun.javafx.application.PlatformImpl$$Lambda$179+0x000001e00b113640.run()V (12 bytes) @ 0x000001e06da581a4 [0x000001e06da58120+0x0000000000000084]
J 2931 c1 com.sun.glass.ui.InvokeLaterDispatcher$Future.run()V (91 bytes) @ 0x000001e06d968a94 [0x000001e06d968980+0x0000000000000114]
v  ~StubRoutines::call_stub
j  com.sun.glass.ui.win.WinApplication._enterNestedEventLoopImpl()Ljava/lang/Object;+0
j  com.sun.glass.ui.win.WinApplication._enterNestedEventLoop()Ljava/lang/Object;+15
j  com.sun.glass.ui.Application.enterNestedEventLoop()Ljava/lang/Object;+14
j  com.sun.glass.ui.EventLoop.enter()Ljava/lang/Object;+42
j  com.sun.javafx.tk.quantum.QuantumToolkit.enterNestedEventLoop(Ljava/lang/Object;)Ljava/lang/Object;+98
j  javafx.stage.Stage.showAndWait()V+93
j  javafx.scene.control.HeavyweightDialog.showAndWait()V+22
j  javafx.scene.control.Dialog.showAndWait()Ljava/util/Optional;+86
j  com.express.servermanagertool.ui.RemoteFileBrowser.showError(Ljava/lang/String;)V+15
j  com.express.servermanagertool.ui.RemoteFileBrowser.lambda$loadDirectory$27(Ljava/lang/Exception;)V+10
j  com.express.servermanagertool.ui.RemoteFileBrowser$$Lambda$939+0x000001e00b39cf28.run()V+8
j  com.sun.javafx.application.PlatformImpl.lambda$runLater$10(Ljava/lang/Runnable;)Ljava/lang/Void;+1
j  com.sun.javafx.application.PlatformImpl$$Lambda$180+0x000001e00b116a08.run()Ljava/lang/Object;+4
J 6240 c1 com.sun.javafx.application.PlatformImpl.lambda$runLater$11(Ljava/lang/Runnable;Ljava/security/AccessControlContext;)V (41 bytes) @ 0x000001e06dcc8b7c [0x000001e06dcc85a0+0x00000000000005dc]
J 6239 c1 com.sun.javafx.application.PlatformImpl$$Lambda$179+0x000001e00b113640.run()V (12 bytes) @ 0x000001e06da581a4 [0x000001e06da58120+0x0000000000000084]
J 2931 c1 com.sun.glass.ui.InvokeLaterDispatcher$Future.run()V (91 bytes) @ 0x000001e06d968a94 [0x000001e06d968980+0x0000000000000114]
v  ~StubRoutines::call_stub
j  com.sun.glass.ui.win.WinApplication._enterNestedEventLoopImpl()Ljava/lang/Object;+0
j  com.sun.glass.ui.win.WinApplication._enterNestedEventLoop()Ljava/lang/Object;+15
j  com.sun.glass.ui.Application.enterNestedEventLoop()Ljava/lang/Object;+14
j  com.sun.glass.ui.EventLoop.enter()Ljava/lang/Object;+42
j  com.sun.javafx.tk.quantum.QuantumToolkit.enterNestedEventLoop(Ljava/lang/Object;)Ljava/lang/Object;+98
j  javafx.stage.Stage.showAndWait()V+93
j  javafx.scene.control.HeavyweightDialog.showAndWait()V+22
j  javafx.scene.control.Dialog.showAndWait()Ljava/util/Optional;+86
j  com.express.servermanagertool.ui.RemoteFileBrowser.showError(Ljava/lang/String;)V+15
j  com.express.servermanagertool.ui.RemoteFileBrowser.lambda$loadDirectory$27(Ljava/lang/Exception;)V+10
j  com.express.servermanagertool.ui.RemoteFileBrowser$$Lambda$939+0x000001e00b39cf28.run()V+8
j  com.sun.javafx.application.PlatformImpl.lambda$runLater$10(Ljava/lang/Runnable;)Ljava/lang/Void;+1
j  com.sun.javafx.application.PlatformImpl$$Lambda$180+0x000001e00b116a08.run()Ljava/lang/Object;+4
J 6240 c1 com.sun.javafx.application.PlatformImpl.lambda$runLater$11(Ljava/lang/Runnable;Ljava/security/AccessControlContext;)V (41 bytes) @ 0x000001e06dcc8b7c [0x000001e06dcc85a0+0x00000000000005dc]
J 6239 c1 com.sun.javafx.application.PlatformImpl$$Lambda$179+0x000001e00b113640.run()V (12 bytes) @ 0x000001e06da581a4 [0x000001e06da58120+0x0000000000000084]
J 2931 c1 com.sun.glass.ui.InvokeLaterDispatcher$Future.run()V (91 bytes) @ 0x000001e06d968a94 [0x000001e06d968980+0x0000000000000114]
v  ~StubRoutines::call_stub
j  com.sun.glass.ui.win.WinApplication._enterNestedEventLoopImpl()Ljava/lang/Object;+0
j  com.sun.glass.ui.win.WinApplication._enterNestedEventLoop()Ljava/lang/Object;+15
j  com.sun.glass.ui.Application.enterNestedEventLoop()Ljava/lang/Object;+14
j  com.sun.glass.ui.EventLoop.enter()Ljava/lang/Object;+42
j  com.sun.javafx.tk.quantum.QuantumToolkit.enterNestedEventLoop(Ljava/lang/Object;)Ljava/lang/Object;+98
j  javafx.stage.Stage.showAndWait()V+93
j  javafx.scene.control.HeavyweightDialog.showAndWait()V+22
j  javafx.scene.control.Dialog.showAndWait()Ljava/util/Optional;+86
j  com.express.servermanagertool.ui.RemoteFileBrowser.showError(Ljava/lang/String;)V+15
j  com.express.servermanagertool.ui.RemoteFileBrowser.lambda$loadDirectory$27(Ljava/lang/Exception;)V+10
j  com.express.servermanagertool.ui.RemoteFileBrowser$$Lambda$939+0x000001e00b39cf28.run()V+8
j  com.sun.javafx.application.PlatformImpl.lambda$runLater$10(Ljava/lang/Runnable;)Ljava/lang/Void;+1
j  com.sun.javafx.application.PlatformImpl$$Lambda$180+0x000001e00b116a08.run()Ljava/lang/Object;+4
J 6240 c1 com.sun.javafx.application.PlatformImpl.lambda$runLater$11(Ljava/lang/Runnable;Ljava/security/AccessControlContext;)V (41 bytes) @ 0x000001e06dcc8b7c [0x000001e06dcc85a0+0x00000000000005dc]
J 6239 c1 com.sun.javafx.application.PlatformImpl$$Lambda$179+0x000001e00b113640.run()V (12 bytes) @ 0x000001e06da581a4 [0x000001e06da58120+0x0000000000000084]
J 2931 c1 com.sun.glass.ui.InvokeLaterDispatcher$Future.run()V (91 bytes) @ 0x000001e06d968a94 [0x000001e06d968980+0x0000000000000114]
v  ~StubRoutines::call_stub
j  com.sun.glass.ui.win.WinApplication._enterNestedEventLoopImpl()Ljava/lang/Object;+0
j  com.sun.glass.ui.win.WinApplication._enterNestedEventLoop()Ljava/lang/Object;+15
j  com.sun.glass.ui.Application.enterNestedEventLoop()Ljava/lang/Object;+14
j  com.sun.glass.ui.EventLoop.enter()Ljava/lang/Object;+42
j  com.sun.javafx.tk.quantum.QuantumToolkit.enterNestedEventLoop(Ljava/lang/Object;)Ljava/lang/Object;+98
j  javafx.stage.Stage.showAndWait()V+93
j  javafx.scene.control.HeavyweightDialog.showAndWait()V+22
j  javafx.scene.control.Dialog.showAndWait()Ljava/util/Optional;+86
j  com.express.servermanagertool.ui.RemoteFileBrowser.showError(Ljava/lang/String;)V+15
j  com.express.servermanagertool.ui.RemoteFileBrowser.lambda$loadDirectory$27(Ljava/lang/Exception;)V+10
j  com.express.servermanagertool.ui.RemoteFileBrowser$$Lambda$939+0x000001e00b39cf28.run()V+8
j  com.sun.javafx.application.PlatformImpl.lambda$runLater$10(Ljava/lang/Runnable;)Ljava/lang/Void;+1
j  com.sun.javafx.application.PlatformImpl$$Lambda$180+0x000001e00b116a08.run()Ljava/lang/Object;+4
J 6240 c1 com.sun.javafx.application.PlatformImpl.lambda$runLater$11(Ljava/lang/Runnable;Ljava/security/AccessControlContext;)V (41 bytes) @ 0x000001e06dcc8b7c [0x000001e06dcc85a0+0x00000000000005dc]
J 6239 c1 com.sun.javafx.application.PlatformImpl$$Lambda$179+0x000001e00b113640.run()V (12 bytes) @ 0x000001e06da581a4 [0x000001e06da58120+0x0000000000000084]
J 2931 c1 com.sun.glass.ui.InvokeLaterDispatcher$Future.run()V (91 bytes) @ 0x000001e06d968a94 [0x000001e06d968980+0x0000000000000114]
v  ~StubRoutines::call_stub
j  com.sun.glass.ui.win.WinApplication._enterNestedEventLoopImpl()Ljava/lang/Object;+0
j  com.sun.glass.ui.win.WinApplication._enterNestedEventLoop()Ljava/lang/Object;+15
j  com.sun.glass.ui.Application.enterNestedEventLoop()Ljava/lang/Object;+14
j  com.sun.glass.ui.EventLoop.enter()Ljava/lang/Object;+42
j  com.sun.javafx.tk.quantum.QuantumToolkit.enterNestedEventLoop(Ljava/lang/Object;)Ljava/lang/Object;+98
j  javafx.stage.Stage.showAndWait()V+93
j  javafx.scene.control.HeavyweightDialog.showAndWait()V+22
j  javafx.scene.control.Dialog.showAndWait()Ljava/util/Optional;+86
j  com.express.servermanagertool.ui.RemoteFileBrowser.showError(Ljava/lang/String;)V+15
j  com.express.servermanagertool.ui.RemoteFileBrowser.lambda$loadDirectory$27(Ljava/lang/Exception;)V+10
j  com.express.servermanagertool.ui.RemoteFileBrowser$$Lambda$939+0x000001e00b39cf28.run()V+8
j  com.sun.javafx.application.PlatformImpl.lambda$runLater$10(Ljava/lang/Runnable;)Ljava/lang/Void;+1
j  com.sun.javafx.application.PlatformImpl$$Lambda$180+0x000001e00b116a08.run()Ljava/lang/Object;+4
J 6240 c1 com.sun.javafx.application.PlatformImpl.lambda$runLater$11(Ljava/lang/Runnable;Ljava/security/AccessControlContext;)V (41 bytes) @ 0x000001e06dcc8b7c [0x000001e06dcc85a0+0x00000000000005dc]
J 6239 c1 com.sun.javafx.application.PlatformImpl$$Lambda$179+0x000001e00b113640.run()V (12 bytes) @ 0x000001e06da581a4 [0x000001e06da58120+0x0000000000000084]
J 2931 c1 com.sun.glass.ui.InvokeLaterDispatcher$Future.run()V (91 bytes) @ 0x000001e06d968a94 [0x000001e06d968980+0x0000000000000114]
v  ~StubRoutines::call_stub
j  com.sun.glass.ui.win.WinApplication._enterNestedEventLoopImpl()Ljava/lang/Object;+0
j  com.sun.glass.ui.win.WinApplication._enterNestedEventLoop()Ljava/lang/Object;+15
j  com.sun.glass.ui.Application.enterNestedEventLoop()Ljava/lang/Object;+14
j  com.sun.glass.ui.EventLoop.enter()Ljava/lang/Object;+42
j  com.sun.javafx.tk.quantum.QuantumToolkit.enterNestedEventLoop(Ljava/lang/Object;)Ljava/lang/Object;+98
j  javafx.stage.Stage.showAndWait()V+93
j  javafx.scene.control.HeavyweightDialog.showAndWait()V+22
j  javafx.scene.control.Dialog.showAndWait()Ljava/util/Optional;+86
j  com.express.servermanagertool.ui.RemoteFileBrowser.showError(Ljava/lang/String;)V+15
j  com.express.servermanagertool.ui.RemoteFileBrowser.lambda$loadDirectory$27(Ljava/lang/Exception;)V+10
j  com.express.servermanagertool.ui.RemoteFileBrowser$$Lambda$939+0x000001e00b39cf28.run()V+8
j  com.sun.javafx.application.PlatformImpl.lambda$runLater$10(Ljava/lang/Runnable;)Ljava/lang/Void;+1
j  com.sun.javafx.application.PlatformImpl$$Lambda$180+0x000001e00b116a08.run()Ljava/lang/Object;+4
J 6240 c1 com.sun.javafx.application.PlatformImpl.lambda$runLater$11(Ljava/lang/Runnable;Ljava/security/AccessControlContext;)V (41 bytes) @ 0x000001e06dcc8b7c [0x000001e06dcc85a0+0x00000000000005dc]
J 6239 c1 com.sun.javafx.application.PlatformImpl$$Lambda$179+0x000001e00b113640.run()V (12 bytes) @ 0x000001e06da581a4 [0x000001e06da58120+0x0000000000000084]
J 2931 c1 com.sun.glass.ui.InvokeLaterDispatcher$Future.run()V (91 bytes) @ 0x000001e06d968a94 [0x000001e06d968980+0x0000000000000114]
v  ~StubRoutines::call_stub
j  com.sun.glass.ui.win.WinApplication._enterNestedEventLoopImpl()Ljava/lang/Object;+0
j  com.sun.glass.ui.win.WinApplication._enterNestedEventLoop()Ljava/lang/Object;+15
j  com.sun.glass.ui.Application.enterNestedEventLoop()Ljava/lang/Object;+14
j  com.sun.glass.ui.EventLoop.enter()Ljava/lang/Object;+42
j  com.sun.javafx.tk.quantum.QuantumToolkit.enterNestedEventLoop(Ljava/lang/Object;)Ljava/lang/Object;+98
j  javafx.stage.Stage.showAndWait()V+93
j  javafx.scene.control.HeavyweightDialog.showAndWait()V+22
j  javafx.scene.control.Dialog.showAndWait()Ljava/util/Optional;+86
j  com.express.servermanagertool.ui.RemoteFileBrowser.showError(Ljava/lang/String;)V+15
j  com.express.servermanagertool.ui.RemoteFileBrowser.lambda$loadDirectory$27(Ljava/lang/Exception;)V+10
j  com.express.servermanagertool.ui.RemoteFileBrowser$$Lambda$939+0x000001e00b39cf28.run()V+8
j  com.sun.javafx.application.PlatformImpl.lambda$runLater$10(Ljava/lang/Runnable;)Ljava/lang/Void;+1
j  com.sun.javafx.application.PlatformImpl$$Lambda$180+0x000001e00b116a08.run()Ljava/lang/Object;+4
J 6240 c1 com.sun.javafx.application.PlatformImpl.lambda$runLater$11(Ljava/lang/Runnable;Ljava/security/AccessControlContext;)V (41 bytes) @ 0x000001e06dcc8b7c [0x000001e06dcc85a0+0x00000000000005dc]
J 6239 c1 com.sun.javafx.application.PlatformImpl$$Lambda$179+0x000001e00b113640.run()V (12 bytes) @ 0x000001e06da581a4 [0x000001e06da58120+0x0000000000000084]
J 2931 c1 com.sun.glass.ui.InvokeLaterDispatcher$Future.run()V (91 bytes) @ 0x000001e06d968a94 [0x000001e06d968980+0x0000000000000114]
v  ~StubRoutines::call_stub
j  com.sun.glass.ui.win.WinApplication._enterNestedEventLoopImpl()Ljava/lang/Object;+0
j  com.sun.glass.ui.win.WinApplication._enterNestedEventLoop()Ljava/lang/Object;+15
j  com.sun.glass.ui.Application.enterNestedEventLoop()Ljava/lang/Object;+14
j  com.sun.glass.ui.EventLoop.enter()Ljava/lang/Object;+42
j  com.sun.javafx.tk.quantum.QuantumToolkit.enterNestedEventLoop(Ljava/lang/Object;)Ljava/lang/Object;+98
j  javafx.stage.Stage.showAndWait()V+93
j  javafx.scene.control.HeavyweightDialog.showAndWait()V+22
j  javafx.scene.control.Dialog.showAndWait()Ljava/util/Optional;+86
j  com.express.servermanagertool.ui.RemoteFileBrowser.showError(Ljava/lang/String;)V+15
j  com.express.servermanagertool.ui.RemoteFileBrowser.lambda$loadDirectory$27(Ljava/lang/Exception;)V+10
j  com.express.servermanagertool.ui.RemoteFileBrowser$$Lambda$939+0x000001e00b39cf28.run()V+8
j  com.sun.javafx.application.PlatformImpl.lambda$runLater$10(Ljava/lang/Runnable;)Ljava/lang/Void;+1
j  com.sun.javafx.application.PlatformImpl$$Lambda$180+0x000001e00b116a08.run()Ljava/lang/Object;+4
J 6240 c1 com.sun.javafx.application.PlatformImpl.lambda$runLater$11(Ljava/lang/Runnable;Ljava/security/AccessControlContext;)V (41 bytes) @ 0x000001e06dcc8b7c [0x000001e06dcc85a0+0x00000000000005dc]
J 6239 c1 com.sun.javafx.application.PlatformImpl$$Lambda$179+0x000001e00b113640.run()V (12 bytes) @ 0x000001e06da581a4 [0x000001e06da58120+0x0000000000000084]
J 2931 c1 com.sun.glass.ui.InvokeLaterDispatcher$Future.run()V (91 bytes) @ 0x000001e06d968a94 [0x000001e06d968980+0x0000000000000114]
v  ~StubRoutines::call_stub
j  com.sun.glass.ui.win.WinApplication._enterNestedEventLoopImpl()Ljava/lang/Object;+0
j  com.sun.glass.ui.win.WinApplication._enterNestedEventLoop()Ljava/lang/Object;+15
j  com.sun.glass.ui.Application.enterNestedEventLoop()Ljava/lang/Object;+14
j  com.sun.glass.ui.EventLoop.enter()Ljava/lang/Object;+42
j  com.sun.javafx.tk.quantum.QuantumToolkit.enterNestedEventLoop(Ljava/lang/Object;)Ljava/lang/Object;+98
j  javafx.stage.Stage.showAndWait()V+93
j  javafx.scene.control.HeavyweightDialog.showAndWait()V+22
j  javafx.scene.control.Dialog.showAndWait()Ljava/util/Optional;+86
j  com.express.servermanagertool.ui.RemoteFileBrowser.showError(Ljava/lang/String;)V+15
j  com.express.servermanagertool.ui.RemoteFileBrowser.lambda$loadDirectory$27(Ljava/lang/Exception;)V+10
j  com.express.servermanagertool.ui.RemoteFileBrowser$$Lambda$939+0x000001e00b39cf28.run()V+8
j  com.sun.javafx.application.PlatformImpl.lambda$runLater$10(Ljava/lang/Runnable;)Ljava/lang/Void;+1
j  com.sun.javafx.application.PlatformImpl$$Lambda$180+0x000001e00b116a08.run()Ljava/lang/Object;+4
J 6240 c1 com.sun.javafx.application.PlatformImpl.lambda$runLater$11(Ljava/lang/Runnable;Ljava/security/AccessControlContext;)V (41 bytes) @ 0x000001e06dcc8b7c [0x000001e06dcc85a0+0x00000000000005dc]
J 6239 c1 com.sun.javafx.application.PlatformImpl$$Lambda$179+0x000001e00b113640.run()V (12 bytes) @ 0x000001e06da581a4 [0x000001e06da58120+0x0000000000000084]
J 2931 c1 com.sun.glass.ui.InvokeLaterDispatcher$Future.run()V (91 bytes) @ 0x000001e06d968a94 [0x000001e06d968980+0x0000000000000114]
v  ~StubRoutines::call_stub
j  com.sun.glass.ui.win.WinApplication._enterNestedEventLoopImpl()Ljava/lang/Object;+0
j  com.sun.glass.ui.win.WinApplication._enterNestedEventLoop()Ljava/lang/Object;+15
j  com.sun.glass.ui.Application.enterNestedEventLoop()Ljava/lang/Object;+14
j  com.sun.glass.ui.EventLoop.enter()Ljava/lang/Object;+42
j  com.sun.javafx.tk.quantum.QuantumToolkit.enterNestedEventLoop(Ljava/lang/Object;)Ljava/lang/Object;+98
j  javafx.stage.Stage.showAndWait()V+93
j  javafx.scene.control.HeavyweightDialog.showAndWait()V+22
j  javafx.scene.control.Dialog.showAndWait()Ljava/util/Optional;+86
j  com.express.servermanagertool.ui.RemoteFileBrowser.showError(Ljava/lang/String;)V+15
j  com.express.servermanagertool.ui.RemoteFileBrowser.lambda$loadDirectory$27(Ljava/lang/Exception;)V+10
j  com.express.servermanagertool.ui.RemoteFileBrowser$$Lambda$939+0x000001e00b39cf28.run()V+8
j  com.sun.javafx.application.PlatformImpl.lambda$runLater$10(Ljava/lang/Runnable;)Ljava/lang/Void;+1
j  com.sun.javafx.application.PlatformImpl$$Lambda$180+0x000001e00b116a08.run()Ljava/lang/Object;+4
J 6240 c1 com.sun.javafx.application.PlatformImpl.lambda$runLater$11(Ljava/lang/Runnable;Ljava/security/AccessControlContext;)V (41 bytes) @ 0x000001e06dcc8b7c [0x000001e06dcc85a0+0x00000000000005dc]
J 6239 c1 com.sun.javafx.application.PlatformImpl$$Lambda$179+0x000001e00b113640.run()V (12 bytes) @ 0x000001e06da581a4 [0x000001e06da58120+0x0000000000000084]
J 2931 c1 com.sun.glass.ui.InvokeLaterDispatcher$Future.run()V (91 bytes) @ 0x000001e06d968a94 [0x000001e06d968980+0x0000000000000114]
v  ~StubRoutines::call_stub
j  com.sun.glass.ui.win.WinApplication._enterNestedEventLoopImpl()Ljava/lang/Object;+0
j  com.sun.glass.ui.win.WinApplication._enterNestedEventLoop()Ljava/lang/Object;+15
j  com.sun.glass.ui.Application.enterNestedEventLoop()Ljava/lang/Object;+14
j  com.sun.glass.ui.EventLoop.enter()Ljava/lang/Object;+42
j  com.sun.javafx.tk.quantum.QuantumToolkit.enterNestedEventLoop(Ljava/lang/Object;)Ljava/lang/Object;+98
j  javafx.stage.Stage.showAndWait()V+93
j  javafx.scene.control.HeavyweightDialog.showAndWait()V+22
j  javafx.scene.control.Dialog.showAndWait()Ljava/util/Optional;+86
j  com.express.servermanagertool.ui.RemoteFileBrowser.showError(Ljava/lang/String;)V+15
j  com.express.servermanagertool.ui.RemoteFileBrowser.lambda$loadDirectory$27(Ljava/lang/Exception;)V+10
j  com.express.servermanagertool.ui.RemoteFileBrowser$$Lambda$939+0x000001e00b39cf28.run()V+8
j  com.sun.javafx.application.PlatformImpl.lambda$runLater$10(Ljava/lang/Runnable;)Ljava/lang/Void;+1
j  com.sun.javafx.application.PlatformImpl$$Lambda$180+0x000001e00b116a08.run()Ljava/lang/Object;+4
J 6240 c1 com.sun.javafx.application.PlatformImpl.lambda$runLater$11(Ljava/lang/Runnable;Ljava/security/AccessControlContext;)V (41 bytes) @ 0x000001e06dcc8b7c [0x000001e06dcc85a0+0x00000000000005dc]
J 6239 c1 com.sun.javafx.application.PlatformImpl$$Lambda$179+0x000001e00b113640.run()V (12 bytes) @ 0x000001e06da581a4 [0x000001e06da58120+0x0000000000000084]
J 2931 c1 com.sun.glass.ui.InvokeLaterDispatcher$Future.run()V (91 bytes) @ 0x000001e06d968a94 [0x000001e06d968980+0x0000000000000114]
v  ~StubRoutines::call_stub
j  com.sun.glass.ui.win.WinApplication._enterNestedEventLoopImpl()Ljava/lang/Object;+0
j  com.sun.glass.ui.win.WinApplication._enterNestedEventLoop()Ljava/lang/Object;+15
j  com.sun.glass.ui.Application.enterNestedEventLoop()Ljava/lang/Object;+14
j  com.sun.glass.ui.EventLoop.enter()Ljava/lang/Object;+42
j  com.sun.javafx.tk.quantum.QuantumToolkit.enterNestedEventLoop(Ljava/lang/Object;)Ljava/lang/Object;+98
j  javafx.stage.Stage.showAndWait()V+93
j  javafx.scene.control.HeavyweightDialog.showAndWait()V+22
j  javafx.scene.control.Dialog.showAndWait()Ljava/util/Optional;+86
j  com.express.servermanagertool.ui.RemoteFileBrowser.showError(Ljava/lang/String;)V+15
j  com.express.servermanagertool.ui.RemoteFileBrowser.lambda$loadDirectory$27(Ljava/lang/Exception;)V+10
j  com.express.servermanagertool.ui.RemoteFileBrowser$$Lambda$939+0x000001e00b39cf28.run()V+8
j  com.sun.javafx.application.PlatformImpl.lambda$runLater$10(Ljava/lang/Runnable;)Ljava/lang/Void;+1
j  com.sun.javafx.application.PlatformImpl$$Lambda$180+0x000001e00b116a08.run()Ljava/lang/Object;+4
J 6240 c1 com.sun.javafx.application.PlatformImpl.lambda$runLater$11(Ljava/lang/Runnable;Ljava/security/AccessControlContext;)V (41 bytes) @ 0x000001e06dcc8b7c [0x000001e06dcc85a0+0x00000000000005dc]
J 6239 c1 com.sun.javafx.application.PlatformImpl$$Lambda$179+0x000001e00b113640.run()V (12 bytes) @ 0x000001e06da581a4 [0x000001e06da58120+0x0000000000000084]
J 2931 c1 com.sun.glass.ui.InvokeLaterDispatcher$Future.run()V (91 bytes) @ 0x000001e06d968a94 [0x000001e06d968980+0x0000000000000114]
v  ~StubRoutines::call_stub
j  com.sun.glass.ui.win.WinApplication._enterNestedEventLoopImpl()Ljava/lang/Object;+0
j  com.sun.glass.ui.win.WinApplication._enterNestedEventLoop()Ljava/lang/Object;+15
j  com.sun.glass.ui.Application.enterNestedEventLoop()Ljava/lang/Object;+14
j  com.sun.glass.ui.EventLoop.enter()Ljava/lang/Object;+42
j  com.sun.javafx.tk.quantum.QuantumToolkit.enterNestedEventLoop(Ljava/lang/Object;)Ljava/lang/Object;+98
j  javafx.stage.Stage.showAndWait()V+93
j  javafx.scene.control.HeavyweightDialog.showAndWait()V+22
j  javafx.scene.control.Dialog.showAndWait()Ljava/util/Optional;+86
j  com.express.servermanagertool.ui.RemoteFileBrowser.showError(Ljava/lang/String;)V+15
j  com.express.servermanagertool.ui.RemoteFileBrowser.lambda$loadDirectory$27(Ljava/lang/Exception;)V+10
j  com.express.servermanagertool.ui.RemoteFileBrowser$$Lambda$939+0x000001e00b39cf28.run()V+8
j  com.sun.javafx.application.PlatformImpl.lambda$runLater$10(Ljava/lang/Runnable;)Ljava/lang/Void;+1
j  com.sun.javafx.application.PlatformImpl$$Lambda$180+0x000001e00b116a08.run()Ljava/lang/Object;+4
J 6240 c1 com.sun.javafx.application.PlatformImpl.lambda$runLater$11(Ljava/lang/Runnable;Ljava/security/AccessControlContext;)V (41 bytes) @ 0x000001e06dcc8b7c [0x000001e06dcc85a0+0x00000000000005dc]
J 6239 c1 com.sun.javafx.application.PlatformImpl$$Lambda$179+0x000001e00b113640.run()V (12 bytes) @ 0x000001e06da581a4 [0x000001e06da58120+0x0000000000000084]
J 2931 c1 com.sun.glass.ui.InvokeLaterDispatcher$Future.run()V (91 bytes) @ 0x000001e06d968a94 [0x000001e06d968980+0x0000000000000114]
v  ~StubRoutines::call_stub
j  com.sun.glass.ui.win.WinApplication._enterNestedEventLoopImpl()Ljava/lang/Object;+0
j  com.sun.glass.ui.win.WinApplication._enterNestedEventLoop()Ljava/lang/Object;+15
j  com.sun.glass.ui.Application.enterNestedEventLoop()Ljava/lang/Object;+14
j  com.sun.glass.ui.EventLoop.enter()Ljava/lang/Object;+42
j  com.sun.javafx.tk.quantum.QuantumToolkit.enterNestedEventLoop(Ljava/lang/Object;)Ljava/lang/Object;+98
j  javafx.stage.Stage.showAndWait()V+93
j  javafx.scene.control.HeavyweightDialog.showAndWait()V+22
j  javafx.scene.control.Dialog.showAndWait()Ljava/util/Optional;+86
j  com.express.servermanagertool.ui.RemoteFileBrowser.showError(Ljava/lang/String;)V+15
j  com.express.servermanagertool.ui.RemoteFileBrowser.lambda$loadDirectory$27(Ljava/lang/Exception;)V+10
j  com.express.servermanagertool.ui.RemoteFileBrowser$$Lambda$939+0x000001e00b39cf28.run()V+8
j  com.sun.javafx.application.PlatformImpl.lambda$runLater$10(Ljava/lang/Runnable;)Ljava/lang/Void;+1
j  com.sun.javafx.application.PlatformImpl$$Lambda$180+0x000001e00b116a08.run()Ljava/lang/Object;+4
J 6240 c1 com.sun.javafx.application.PlatformImpl.lambda$runLater$11(Ljava/lang/Runnable;Ljava/security/AccessControlContext;)V (41 bytes) @ 0x000001e06dcc8b7c [0x000001e06dcc85a0+0x00000000000005dc]
J 6239 c1 com.sun.javafx.application.PlatformImpl$$Lambda$179+0x000001e00b113640.run()V (12 bytes) @ 0x000001e06da581a4 [0x000001e06da58120+0x0000000000000084]
J 2931 c1 com.sun.glass.ui.InvokeLaterDispatcher$Future.run()V (91 bytes) @ 0x000001e06d968a94 [0x000001e06d968980+0x0000000000000114]
v  ~StubRoutines::call_stub
j  com.sun.glass.ui.win.WinApplication._enterNestedEventLoopImpl()Ljava/lang/Object;+0
j  com.sun.glass.ui.win.WinApplication._enterNestedEventLoop()Ljava/lang/Object;+15
j  com.sun.glass.ui.Application.enterNestedEventLoop()Ljava/lang/Object;+14
j  com.sun.glass.ui.EventLoop.enter()Ljava/lang/Object;+42
j  com.sun.javafx.tk.quantum.QuantumToolkit.enterNestedEventLoop(Ljava/lang/Object;)Ljava/lang/Object;+98
j  javafx.stage.Stage.showAndWait()V+93
j  javafx.scene.control.HeavyweightDialog.showAndWait()V+22
j  javafx.scene.control.Dialog.showAndWait()Ljava/util/Optional;+86
j  com.express.servermanagertool.ui.RemoteFileBrowser.showError(Ljava/lang/String;)V+15
j  com.express.servermanagertool.ui.RemoteFileBrowser.lambda$loadDirectory$27(Ljava/lang/Exception;)V+10
j  com.express.servermanagertool.ui.RemoteFileBrowser$$Lambda$939+0x000001e00b39cf28.run()V+8
j  com.sun.javafx.application.PlatformImpl.lambda$runLater$10(Ljava/lang/Runnable;)Ljava/lang/Void;+1
j  com.sun.javafx.application.PlatformImpl$$Lambda$180+0x000001e00b116a08.run()Ljava/lang/Object;+4
J 6240 c1 com.sun.javafx.application.PlatformImpl.lambda$runLater$11(Ljava/lang/Runnable;Ljava/security/AccessControlContext;)V (41 bytes) @ 0x000001e06dcc8b7c [0x000001e06dcc85a0+0x00000000000005dc]
J 6239 c1 com.sun.javafx.application.PlatformImpl$$Lambda$179+0x000001e00b113640.run()V (12 bytes) @ 0x000001e06da581a4 [0x000001e06da58120+0x0000000000000084]
J 2931 c1 com.sun.glass.ui.InvokeLaterDispatcher$Future.run()V (91 bytes) @ 0x000001e06d968a94 [0x000001e06d968980+0x0000000000000114]
v  ~StubRoutines::call_stub
j  com.sun.glass.ui.win.WinApplication._enterNestedEventLoopImpl()Ljava/lang/Object;+0
j  com.sun.glass.ui.win.WinApplication._enterNestedEventLoop()Ljava/lang/Object;+15
j  com.sun.glass.ui.Application.enterNestedEventLoop()Ljava/lang/Object;+14
j  com.sun.glass.ui.EventLoop.enter()Ljava/lang/Object;+42
j  com.sun.javafx.tk.quantum.QuantumToolkit.enterNestedEventLoop(Ljava/lang/Object;)Ljava/lang/Object;+98
j  javafx.stage.Stage.showAndWait()V+93
j  javafx.scene.control.HeavyweightDialog.showAndWait()V+22
j  javafx.scene.control.Dialog.showAndWait()Ljava/util/Optional;+86
j  com.express.servermanagertool.ui.RemoteFileBrowser.showError(Ljava/lang/String;)V+15
j  com.express.servermanagertool.ui.RemoteFileBrowser.lambda$loadDirectory$27(Ljava/lang/Exception;)V+10
j  com.express.servermanagertool.ui.RemoteFileBrowser$$Lambda$939+0x000001e00b39cf28.run()V+8
j  com.sun.javafx.application.PlatformImpl.lambda$runLater$10(Ljava/lang/Runnable;)Ljava/lang/Void;+1
j  com.sun.javafx.application.PlatformImpl$$Lambda$180+0x000001e00b116a08.run()Ljava/lang/Object;+4
J 6240 c1 com.sun.javafx.application.PlatformImpl.lambda$runLater$11(Ljava/lang/Runnable;Ljava/security/AccessControlContext;)V (41 bytes) @ 0x000001e06dcc8b7c [0x000001e06dcc85a0+0x00000000000005dc]
J 6239 c1 com.sun.javafx.application.PlatformImpl$$Lambda$179+0x000001e00b113640.run()V (12 bytes) @ 0x000001e06da581a4 [0x000001e06da58120+0x0000000000000084]
J 2931 c1 com.sun.glass.ui.InvokeLaterDispatcher$Future.run()V (91 bytes) @ 0x000001e06d968a94 [0x000001e06d968980+0x0000000000000114]
v  ~StubRoutines::call_stub
j  com.sun.glass.ui.win.WinApplication._enterNestedEventLoopImpl()Ljava/lang/Object;+0
j  com.sun.glass.ui.win.WinApplication._enterNestedEventLoop()Ljava/lang/Object;+15
j  com.sun.glass.ui.Application.enterNestedEventLoop()Ljava/lang/Object;+14
j  com.sun.glass.ui.EventLoop.enter()Ljava/lang/Object;+42
j  com.sun.javafx.tk.quantum.QuantumToolkit.enterNestedEventLoop(Ljava/lang/Object;)Ljava/lang/Object;+98
j  javafx.stage.Stage.showAndWait()V+93
j  javafx.scene.control.HeavyweightDialog.showAndWait()V+22
j  javafx.scene.control.Dialog.showAndWait()Ljava/util/Optional;+86
j  com.express.servermanagertool.ui.RemoteFileBrowser.showError(Ljava/lang/String;)V+15
j  com.express.servermanagertool.ui.RemoteFileBrowser.lambda$loadDirectory$27(Ljava/lang/Exception;)V+10
j  com.express.servermanagertool.ui.RemoteFileBrowser$$Lambda$939+0x000001e00b39cf28.run()V+8
j  com.sun.javafx.application.PlatformImpl.lambda$runLater$10(Ljava/lang/Runnable;)Ljava/lang/Void;+1
j  com.sun.javafx.application.PlatformImpl$$Lambda$180+0x000001e00b116a08.run()Ljava/lang/Object;+4
J 6240 c1 com.sun.javafx.application.PlatformImpl.lambda$runLater$11(Ljava/lang/Runnable;Ljava/security/AccessControlContext;)V (41 bytes) @ 0x000001e06dcc8b7c [0x000001e06dcc85a0+0x00000000000005dc]
J 6239 c1 com.sun.javafx.application.PlatformImpl$$Lambda$179+0x000001e00b113640.run()V (12 bytes) @ 0x000001e06da581a4 [0x000001e06da58120+0x0000000000000084]
J 2931 c1 com.sun.glass.ui.InvokeLaterDispatcher$Future.run()V (91 bytes) @ 0x000001e06d968a94 [0x000001e06d968980+0x0000000000000114]
v  ~StubRoutines::call_stub
j  com.sun.glass.ui.win.WinApplication._enterNestedEventLoopImpl()Ljava/lang/Object;+0
j  com.sun.glass.ui.win.WinApplication._enterNestedEventLoop()Ljava/lang/Object;+15
j  com.sun.glass.ui.Application.enterNestedEventLoop()Ljava/lang/Object;+14
j  com.sun.glass.ui.EventLoop.enter()Ljava/lang/Object;+42
j  com.sun.javafx.tk.quantum.QuantumToolkit.enterNestedEventLoop(Ljava/lang/Object;)Ljava/lang/Object;+98
j  javafx.stage.Stage.showAndWait()V+93
j  javafx.scene.control.HeavyweightDialog.showAndWait()V+22
j  javafx.scene.control.Dialog.showAndWait()Ljava/util/Optional;+86
j  com.express.servermanagertool.ui.RemoteFileBrowser.showError(Ljava/lang/String;)V+15
j  com.express.servermanagertool.ui.RemoteFileBrowser.lambda$loadDirectory$27(Ljava/lang/Exception;)V+10
j  com.express.servermanagertool.ui.RemoteFileBrowser$$Lambda$939+0x000001e00b39cf28.run()V+8
j  com.sun.javafx.application.PlatformImpl.lambda$runLater$10(Ljava/lang/Runnable;)Ljava/lang/Void;+1
j  com.sun.javafx.application.PlatformImpl$$Lambda$180+0x000001e00b116a08.run()Ljava/lang/Object;+4
J 6240 c1 com.sun.javafx.application.PlatformImpl.lambda$runLater$11(Ljava/lang/Runnable;Ljava/security/AccessControlContext;)V (41 bytes) @ 0x000001e06dcc8b7c [0x000001e06dcc85a0+0x00000000000005dc]
J 6239 c1 com.sun.javafx.application.PlatformImpl$$Lambda$179+0x000001e00b113640.run()V (12 bytes) @ 0x000001e06da581a4 [0x000001e06da58120+0x0000000000000084]
J 2931 c1 com.sun.glass.ui.InvokeLaterDispatcher$Future.run()V (91 bytes) @ 0x000001e06d968a94 [0x000001e06d968980+0x0000000000000114]
v  ~StubRoutines::call_stub
j  com.sun.glass.ui.win.WinApplication._enterNestedEventLoopImpl()Ljava/lang/Object;+0
j  com.sun.glass.ui.win.WinApplication._enterNestedEventLoop()Ljava/lang/Object;+15
j  com.sun.glass.ui.Application.enterNestedEventLoop()Ljava/lang/Object;+14
j  com.sun.glass.ui.EventLoop.enter()Ljava/lang/Object;+42
j  com.sun.javafx.tk.quantum.QuantumToolkit.enterNestedEventLoop(Ljava/lang/Object;)Ljava/lang/Object;+98
j  javafx.stage.Stage.showAndWait()V+93
j  javafx.scene.control.HeavyweightDialog.showAndWait()V+22
j  javafx.scene.control.Dialog.showAndWait()Ljava/util/Optional;+86
j  com.express.servermanagertool.ui.RemoteFileBrowser.showError(Ljava/lang/String;)V+15
j  com.express.servermanagertool.ui.RemoteFileBrowser.lambda$loadDirectory$27(Ljava/lang/Exception;)V+10
j  com.express.servermanagertool.ui.RemoteFileBrowser$$Lambda$939+0x000001e00b39cf28.run()V+8
j  com.sun.javafx.application.PlatformImpl.lambda$runLater$10(Ljava/lang/Runnable;)Ljava/lang/Void;+1
j  com.sun.javafx.application.PlatformImpl$$Lambda$180+0x000001e00b116a08.run()Ljava/lang/Object;+4
J 6240 c1 com.sun.javafx.application.PlatformImpl.lambda$runLater$11(Ljava/lang/Runnable;Ljava/security/AccessControlContext;)V (41 bytes) @ 0x000001e06dcc8b7c [0x000001e06dcc85a0+0x00000000000005dc]
J 6239 c1 com.sun.javafx.application.PlatformImpl$$Lambda$179+0x000001e00b113640.run()V (12 bytes) @ 0x000001e06da581a4 [0x000001e06da58120+0x0000000000000084]
J 2931 c1 com.sun.glass.ui.InvokeLaterDispatcher$Future.run()V (91 bytes) @ 0x000001e06d968a94 [0x000001e06d968980+0x0000000000000114]
v  ~StubRoutines::call_stub
j  com.sun.glass.ui.win.WinApplication._enterNestedEventLoopImpl()Ljava/lang/Object;+0
j  com.sun.glass.ui.win.WinApplication._enterNestedEventLoop()Ljava/lang/Object;+15
j  com.sun.glass.ui.Application.enterNestedEventLoop()Ljava/lang/Object;+14
j  com.sun.glass.ui.EventLoop.enter()Ljava/lang/Object;+42
j  com.sun.javafx.tk.quantum.QuantumToolkit.enterNestedEventLoop(Ljava/lang/Object;)Ljava/lang/Object;+98
j  javafx.stage.Stage.showAndWait()V+93
j  javafx.scene.control.HeavyweightDialog.showAndWait()V+22
j  javafx.scene.control.Dialog.showAndWait()Ljava/util/Optional;+86
j  com.express.servermanagertool.ui.RemoteFileBrowser.showError(Ljava/lang/String;)V+15
j  com.express.servermanagertool.ui.RemoteFileBrowser.lambda$loadDirectory$27(Ljava/lang/Exception;)V+10
j  com.express.servermanagertool.ui.RemoteFileBrowser$$Lambda$939+0x000001e00b39cf28.run()V+8
j  com.sun.javafx.application.PlatformImpl.lambda$runLater$10(Ljava/lang/Runnable;)Ljava/lang/Void;+1
j  com.sun.javafx.application.PlatformImpl$$Lambda$180+0x000001e00b116a08.run()Ljava/lang/Object;+4
J 6240 c1 com.sun.javafx.application.PlatformImpl.lambda$runLater$11(Ljava/lang/Runnable;Ljava/security/AccessControlContext;)V (41 bytes) @ 0x000001e06dcc8b7c [0x000001e06dcc85a0+0x00000000000005dc]
J 6239 c1 com.sun.javafx.application.PlatformImpl$$Lambda$179+0x000001e00b113640.run()V (12 bytes) @ 0x000001e06da581a4 [0x000001e06da58120+0x0000000000000084]
J 2931 c1 com.sun.glass.ui.InvokeLaterDispatcher$Future.run()V (91 bytes) @ 0x000001e06d968a94 [0x000001e06d968980+0x0000000000000114]
v  ~StubRoutines::call_stub
j  com.sun.glass.ui.win.WinApplication._enterNestedEventLoopImpl()Ljava/lang/Object;+0
j  com.sun.glass.ui.win.WinApplication._enterNestedEventLoop()Ljava/lang/Object;+15
j  com.sun.glass.ui.Application.enterNestedEventLoop()Ljava/lang/Object;+14
j  com.sun.glass.ui.EventLoop.enter()Ljava/lang/Object;+42
j  com.sun.javafx.tk.quantum.QuantumToolkit.enterNestedEventLoop(Ljava/lang/Object;)Ljava/lang/Object;+98
j  javafx.stage.Stage.showAndWait()V+93
j  javafx.scene.control.HeavyweightDialog.showAndWait()V+22
j  javafx.scene.control.Dialog.showAndWait()Ljava/util/Optional;+86
j  com.express.servermanagertool.ui.RemoteFileBrowser.showError(Ljava/lang/String;)V+15
j  com.express.servermanagertool.ui.RemoteFileBrowser.lambda$loadDirectory$27(Ljava/lang/Exception;)V+10
j  com.express.servermanagertool.ui.RemoteFileBrowser$$Lambda$939+0x000001e00b39cf28.run()V+8
j  com.sun.javafx.application.PlatformImpl.lambda$runLater$10(Ljava/lang/Runnable;)Ljava/lang/Void;+1
j  com.sun.javafx.application.PlatformImpl$$Lambda$180+0x000001e00b116a08.run()Ljava/lang/Object;+4
J 6240 c1 com.sun.javafx.application.PlatformImpl.lambda$runLater$11(Ljava/lang/Runnable;Ljava/security/AccessControlContext;)V (41 bytes) @ 0x000001e06dcc8b7c [0x000001e06dcc85a0+0x00000000000005dc]
J 6239 c1 com.sun.javafx.application.PlatformImpl$$Lambda$179+0x000001e00b113640.run()V (12 bytes) @ 0x000001e06da581a4 [0x000001e06da58120+0x0000000000000084]
J 2931 c1 com.sun.glass.ui.InvokeLaterDispatcher$Future.run()V (91 bytes) @ 0x000001e06d968a94 [0x000001e06d968980+0x0000000000000114]
v  ~StubRoutines::call_stub
j  com.sun.glass.ui.win.WinApplication._enterNestedEventLoopImpl()Ljava/lang/Object;+0
j  com.sun.glass.ui.win.WinApplication._enterNestedEventLoop()Ljava/lang/Object;+15
j  com.sun.glass.ui.Application.enterNestedEventLoop()Ljava/lang/Object;+14
j  com.sun.glass.ui.EventLoop.enter()Ljava/lang/Object;+42
j  com.sun.javafx.tk.quantum.QuantumToolkit.enterNestedEventLoop(Ljava/lang/Object;)Ljava/lang/Object;+98
j  javafx.stage.Stage.showAndWait()V+93
j  javafx.scene.control.HeavyweightDialog.showAndWait()V+22
j  javafx.scene.control.Dialog.showAndWait()Ljava/util/Optional;+86
j  com.express.servermanagertool.ui.RemoteFileBrowser.showError(Ljava/lang/String;)V+15
j  com.express.servermanagertool.ui.RemoteFileBrowser.lambda$loadDirectory$27(Ljava/lang/Exception;)V+10
j  com.express.servermanagertool.ui.RemoteFileBrowser$$Lambda$939+0x000001e00b39cf28.run()V+8
j  com.sun.javafx.application.PlatformImpl.lambda$runLater$10(Ljava/lang/Runnable;)Ljava/lang/Void;+1
j  com.sun.javafx.application.PlatformImpl$$Lambda$180+0x000001e00b116a08.run()Ljava/lang/Object;+4
J 6240 c1 com.sun.javafx.application.PlatformImpl.lambda$runLater$11(Ljava/lang/Runnable;Ljava/security/AccessControlContext;)V (41 bytes) @ 0x000001e06dcc8b7c [0x000001e06dcc85a0+0x00000000000005dc]
J 6239 c1 com.sun.javafx.application.PlatformImpl$$Lambda$179+0x000001e00b113640.run()V (12 bytes) @ 0x000001e06da581a4 [0x000001e06da58120+0x0000000000000084]
J 2931 c1 com.sun.glass.ui.InvokeLaterDispatcher$Future.run()V (91 bytes) @ 0x000001e06d968a94 [0x000001e06d968980+0x0000000000000114]
v  ~StubRoutines::call_stub
j  com.sun.glass.ui.win.WinApplication._enterNestedEventLoopImpl()Ljava/lang/Object;+0
j  com.sun.glass.ui.win.WinApplication._enterNestedEventLoop()Ljava/lang/Object;+15
j  com.sun.glass.ui.Application.enterNestedEventLoop()Ljava/lang/Object;+14
j  com.sun.glass.ui.EventLoop.enter()Ljava/lang/Object;+42
j  com.sun.javafx.tk.quantum.QuantumToolkit.enterNestedEventLoop(Ljava/lang/Object;)Ljava/lang/Object;+98
j  javafx.stage.Stage.showAndWait()V+93
j  javafx.scene.control.HeavyweightDialog.showAndWait()V+22
j  javafx.scene.control.Dialog.showAndWait()Ljava/util/Optional;+86
j  com.express.servermanagertool.ui.RemoteFileBrowser.showError(Ljava/lang/String;)V+15
j  com.express.servermanagertool.ui.RemoteFileBrowser.lambda$loadDirectory$27(Ljava/lang/Exception;)V+10
j  com.express.servermanagertool.ui.RemoteFileBrowser$$Lambda$939+0x000001e00b39cf28.run()V+8
j  com.sun.javafx.application.PlatformImpl.lambda$runLater$10(Ljava/lang/Runnable;)Ljava/lang/Void;+1
j  com.sun.javafx.application.PlatformImpl$$Lambda$180+0x000001e00b116a08.run()Ljava/lang/Object;+4
J 6240 c1 com.sun.javafx.application.PlatformImpl.lambda$runLater$11(Ljava/lang/Runnable;Ljava/security/AccessControlContext;)V (41 bytes) @ 0x000001e06dcc8b7c [0x000001e06dcc85a0+0x00000000000005dc]
J 6239 c1 com.sun.javafx.application.PlatformImpl$$Lambda$179+0x000001e00b113640.run()V (12 bytes) @ 0x000001e06da581a4 [0x000001e06da58120+0x0000000000000084]
J 2931 c1 com.sun.glass.ui.InvokeLaterDispatcher$Future.run()V (91 bytes) @ 0x000001e06d968a94 [0x000001e06d968980+0x0000000000000114]
v  ~StubRoutines::call_stub
j  com.sun.glass.ui.win.WinApplication._enterNestedEventLoopImpl()Ljava/lang/Object;+0
j  com.sun.glass.ui.win.WinApplication._enterNestedEventLoop()Ljava/lang/Object;+15
j  com.sun.glass.ui.Application.enterNestedEventLoop()Ljava/lang/Object;+14
j  com.sun.glass.ui.EventLoop.enter()Ljava/lang/Object;+42
j  com.sun.javafx.tk.quantum.QuantumToolkit.enterNestedEventLoop(Ljava/lang/Object;)Ljava/lang/Object;+98
j  javafx.stage.Stage.showAndWait()V+93
j  javafx.scene.control.HeavyweightDialog.showAndWait()V+22
j  javafx.scene.control.Dialog.showAndWait()Ljava/util/Optional;+86
j  com.express.servermanagertool.ui.RemoteFileBrowser.showError(Ljava/lang/String;)V+15
j  com.express.servermanagertool.ui.RemoteFileBrowser.lambda$loadDirectory$27(Ljava/lang/Exception;)V+10
j  com.express.servermanagertool.ui.RemoteFileBrowser$$Lambda$939+0x000001e00b39cf28.run()V+8
j  com.sun.javafx.application.PlatformImpl.lambda$runLater$10(Ljava/lang/Runnable;)Ljava/lang/Void;+1
j  com.sun.javafx.application.PlatformImpl$$Lambda$180+0x000001e00b116a08.run()Ljava/lang/Object;+4
J 6240 c1 com.sun.javafx.application.PlatformImpl.lambda$runLater$11(Ljava/lang/Runnable;Ljava/security/AccessControlContext;)V (41 bytes) @ 0x000001e06dcc8b7c [0x000001e06dcc85a0+0x00000000000005dc]
J 6239 c1 com.sun.javafx.application.PlatformImpl$$Lambda$179+0x000001e00b113640.run()V (12 bytes) @ 0x000001e06da581a4 [0x000001e06da58120+0x0000000000000084]
J 2931 c1 com.sun.glass.ui.InvokeLaterDispatcher$Future.run()V (91 bytes) @ 0x000001e06d968a94 [0x000001e06d968980+0x0000000000000114]
v  ~StubRoutines::call_stub
j  com.sun.glass.ui.win.WinApplication._enterNestedEventLoopImpl()Ljava/lang/Object;+0
j  com.sun.glass.ui.win.WinApplication._enterNestedEventLoop()Ljava/lang/Object;+15
j  com.sun.glass.ui.Application.enterNestedEventLoop()Ljava/lang/Object;+14
j  com.sun.glass.ui.EventLoop.enter()Ljava/lang/Object;+42
j  com.sun.javafx.tk.quantum.QuantumToolkit.enterNestedEventLoop(Ljava/lang/Object;)Ljava/lang/Object;+98
j  javafx.stage.Stage.showAndWait()V+93
j  javafx.scene.control.HeavyweightDialog.showAndWait()V+22
j  javafx.scene.control.Dialog.showAndWait()Ljava/util/Optional;+86
j  com.express.servermanagertool.ui.RemoteFileBrowser.showError(Ljava/lang/String;)V+15
j  com.express.servermanagertool.ui.RemoteFileBrowser.lambda$loadDirectory$27(Ljava/lang/Exception;)V+10
j  com.express.servermanagertool.ui.RemoteFileBrowser$$Lambda$939+0x000001e00b39cf28.run()V+8
j  com.sun.javafx.application.PlatformImpl.lambda$runLater$10(Ljava/lang/Runnable;)Ljava/lang/Void;+1
j  com.sun.javafx.application.PlatformImpl$$Lambda$180+0x000001e00b116a08.run()Ljava/lang/Object;+4
J 6240 c1 com.sun.javafx.application.PlatformImpl.lambda$runLater$11(Ljava/lang/Runnable;Ljava/security/AccessControlContext;)V (41 bytes) @ 0x000001e06dcc8b7c [0x000001e06dcc85a0+0x00000000000005dc]
J 6239 c1 com.sun.javafx.application.PlatformImpl$$Lambda$179+0x000001e00b113640.run()V (12 bytes) @ 0x000001e06da581a4 [0x000001e06da58120+0x0000000000000084]
J 2931 c1 com.sun.glass.ui.InvokeLaterDispatcher$Future.run()V (91 bytes) @ 0x000001e06d968a94 [0x000001e06d968980+0x0000000000000114]
v  ~StubRoutines::call_stub
j  com.sun.glass.ui.win.WinApplication._enterNestedEventLoopImpl()Ljava/lang/Object;+0
j  com.sun.glass.ui.win.WinApplication._enterNestedEventLoop()Ljava/lang/Object;+15
j  com.sun.glass.ui.Application.enterNestedEventLoop()Ljava/lang/Object;+14
j  com.sun.glass.ui.EventLoop.enter()Ljava/lang/Object;+42
j  com.sun.javafx.tk.quantum.QuantumToolkit.enterNestedEventLoop(Ljava/lang/Object;)Ljava/lang/Object;+98
j  javafx.stage.Stage.showAndWait()V+93
j  javafx.scene.control.HeavyweightDialog.showAndWait()V+22
j  javafx.scene.control.Dialog.showAndWait()Ljava/util/Optional;+86
j  com.express.servermanagertool.ui.RemoteFileBrowser.showError(Ljava/lang/String;)V+15
j  com.express.servermanagertool.ui.RemoteFileBrowser.lambda$loadDirectory$27(Ljava/lang/Exception;)V+10
j  com.express.servermanagertool.ui.RemoteFileBrowser$$Lambda$939+0x000001e00b39cf28.run()V+8
j  com.sun.javafx.application.PlatformImpl.lambda$runLater$10(Ljava/lang/Runnable;)Ljava/lang/Void;+1
j  com.sun.javafx.application.PlatformImpl$$Lambda$180+0x000001e00b116a08.run()Ljava/lang/Object;+4
J 6240 c1 com.sun.javafx.application.PlatformImpl.lambda$runLater$11(Ljava/lang/Runnable;Ljava/security/AccessControlContext;)V (41 bytes) @ 0x000001e06dcc8b7c [0x000001e06dcc85a0+0x00000000000005dc]
J 6239 c1 com.sun.javafx.application.PlatformImpl$$Lambda$179+0x000001e00b113640.run()V (12 bytes) @ 0x000001e06da581a4 [0x000001e06da58120+0x0000000000000084]
J 2931 c1 com.sun.glass.ui.InvokeLaterDispatcher$Future.run()V (91 bytes) @ 0x000001e06d968a94 [0x000001e06d968980+0x0000000000000114]
v  ~StubRoutines::call_stub
j  com.sun.glass.ui.win.WinApplication._enterNestedEventLoopImpl()Ljava/lang/Object;+0
j  com.sun.glass.ui.win.WinApplication._enterNestedEventLoop()Ljava/lang/Object;+15
j  com.sun.glass.ui.Application.enterNestedEventLoop()Ljava/lang/Object;+14
j  com.sun.glass.ui.EventLoop.enter()Ljava/lang/Object;+42
j  com.sun.javafx.tk.quantum.QuantumToolkit.enterNestedEventLoop(Ljava/lang/Object;)Ljava/lang/Object;+98
j  javafx.stage.Stage.showAndWait()V+93
j  javafx.scene.control.HeavyweightDialog.showAndWait()V+22
j  javafx.scene.control.Dialog.showAndWait()Ljava/util/Optional;+86
j  com.express.servermanagertool.ui.RemoteFileBrowser.showError(Ljava/lang/String;)V+15
j  com.express.servermanagertool.ui.RemoteFileBrowser.lambda$loadDirectory$27(Ljava/lang/Exception;)V+10
j  com.express.servermanagertool.ui.RemoteFileBrowser$$Lambda$939+0x000001e00b39cf28.run()V+8
j  com.sun.javafx.application.PlatformImpl.lambda$runLater$10(Ljava/lang/Runnable;)Ljava/lang/Void;+1
j  com.sun.javafx.application.PlatformImpl$$Lambda$180+0x000001e00b116a08.run()Ljava/lang/Object;+4
J 6240 c1 com.sun.javafx.application.PlatformImpl.lambda$runLater$11(Ljava/lang/Runnable;Ljava/security/AccessControlContext;)V (41 bytes) @ 0x000001e06dcc8b7c [0x000001e06dcc85a0+0x00000000000005dc]
J 6239 c1 com.sun.javafx.application.PlatformImpl$$Lambda$179+0x000001e00b113640.run()V (12 bytes) @ 0x000001e06da581a4 [0x000001e06da58120+0x0000000000000084]
J 2931 c1 com.sun.glass.ui.InvokeLaterDispatcher$Future.run()V (91 bytes) @ 0x000001e06d968a94 [0x000001e06d968980+0x0000000000000114]
v  ~StubRoutines::call_stub
j  com.sun.glass.ui.win.WinApplication._enterNestedEventLoopImpl()Ljava/lang/Object;+0
j  com.sun.glass.ui.win.WinApplication._enterNestedEventLoop()Ljava/lang/Object;+15
j  com.sun.glass.ui.Application.enterNestedEventLoop()Ljava/lang/Object;+14
j  com.sun.glass.ui.EventLoop.enter()Ljava/lang/Object;+42
j  com.sun.javafx.tk.quantum.QuantumToolkit.enterNestedEventLoop(Ljava/lang/Object;)Ljava/lang/Object;+98
j  javafx.stage.Stage.showAndWait()V+93
j  javafx.scene.control.HeavyweightDialog.showAndWait()V+22
j  javafx.scene.control.Dialog.showAndWait()Ljava/util/Optional;+86
j  com.express.servermanagertool.ui.RemoteFileBrowser.showError(Ljava/lang/String;)V+15
j  com.express.servermanagertool.ui.RemoteFileBrowser.lambda$loadDirectory$27(Ljava/lang/Exception;)V+10
j  com.express.servermanagertool.ui.RemoteFileBrowser$$Lambda$939+0x000001e00b39cf28.run()V+8
j  com.sun.javafx.application.PlatformImpl.lambda$runLater$10(Ljava/lang/Runnable;)Ljava/lang/Void;+1
j  com.sun.javafx.application.PlatformImpl$$Lambda$180+0x000001e00b116a08.run()Ljava/lang/Object;+4
J 2800 c1 java.security.AccessController.doPrivileged(Ljava/security/PrivilegedAction;Ljava/security/AccessControlContext;)Ljava/lang/Object; java.base@17.0.12 (17 bytes) @ 0x000001e06d930adc [0x000001e06d930900+0x00000000000001dc]
j  com.sun.javafx.application.PlatformImpl.lambda$runLater$11(Ljava/lang/Runnable;Ljava/security/AccessControlContext;)V+7
j  com.sun.javafx.application.PlatformImpl$$Lambda$179+0x000001e00b113640.run()V+8
J 2931 c1 com.sun.glass.ui.InvokeLaterDispatcher$Future.run()V (91 bytes) @ 0x000001e06d968a94 [0x000001e06d968980+0x0000000000000114]
v  ~StubRoutines::call_stub
j  com.sun.glass.ui.win.WinApplication._enterNestedEventLoopImpl()Ljava/lang/Object;+0
j  com.sun.glass.ui.win.WinApplication._enterNestedEventLoop()Ljava/lang/Object;+15
j  com.sun.glass.ui.Application.enterNestedEventLoop()Ljava/lang/Object;+14
j  com.sun.glass.ui.EventLoop.enter()Ljava/lang/Object;+42
j  com.sun.javafx.tk.quantum.QuantumToolkit.enterNestedEventLoop(Ljava/lang/Object;)Ljava/lang/Object;+98
j  javafx.stage.Stage.showAndWait()V+93
j  javafx.scene.control.HeavyweightDialog.showAndWait()V+22
j  javafx.scene.control.Dialog.showAndWait()Ljava/util/Optional;+86
j  com.express.servermanagertool.ui.RemoteFileBrowser.showError(Ljava/lang/String;)V+15
j  com.express.servermanagertool.ui.RemoteFileBrowser.lambda$loadDirectory$27(Ljava/lang/Exception;)V+10
j  com.express.servermanagertool.ui.RemoteFileBrowser$$Lambda$939+0x000001e00b39cf28.run()V+8
j  com.sun.javafx.application.PlatformImpl.lambda$runLater$10(Ljava/lang/Runnable;)Ljava/lang/Void;+1
j  com.sun.javafx.application.PlatformImpl$$Lambda$180+0x000001e00b116a08.run()Ljava/lang/Object;+4
J 2800 c1 java.security.AccessController.doPrivileged(Ljava/security/PrivilegedAction;Ljava/security/AccessControlContext;)Ljava/lang/Object; java.base@17.0.12 (17 bytes) @ 0x000001e06d930adc [0x000001e06d930900+0x00000000000001dc]
j  com.sun.javafx.application.PlatformImpl.lambda$runLater$11(Ljava/lang/Runnable;Ljava/security/AccessControlContext;)V+7
j  com.sun.javafx.application.PlatformImpl$$Lambda$179+0x000001e00b113640.run()V+8
J 2931 c1 com.sun.glass.ui.InvokeLaterDispatcher$Future.run()V (91 bytes) @ 0x000001e06d968a94 [0x000001e06d968980+0x0000000000000114]
v  ~StubRoutines::call_stub
j  com.sun.glass.ui.win.WinApplication._enterNestedEventLoopImpl()Ljava/lang/Object;+0
j  com.sun.glass.ui.win.WinApplication._enterNestedEventLoop()Ljava/lang/Object;+15
j  com.sun.glass.ui.Application.enterNestedEventLoop()Ljava/lang/Object;+14
j  com.sun.glass.ui.EventLoop.enter()Ljava/lang/Object;+42
j  com.sun.javafx.tk.quantum.QuantumToolkit.enterNestedEventLoop(Ljava/lang/Object;)Ljava/lang/Object;+98
j  javafx.stage.Stage.showAndWait()V+93
j  javafx.scene.control.HeavyweightDialog.showAndWait()V+22
j  javafx.scene.control.Dialog.showAndWait()Ljava/util/Optional;+86
j  com.express.servermanagertool.ui.RemoteFileBrowser.showError(Ljava/lang/String;)V+15
j  com.express.servermanagertool.ui.RemoteFileBrowser.lambda$loadDirectory$27(Ljava/lang/Exception;)V+10
j  com.express.servermanagertool.ui.RemoteFileBrowser$$Lambda$939+0x000001e00b39cf28.run()V+8
j  com.sun.javafx.application.PlatformImpl.lambda$runLater$10(Ljava/lang/Runnable;)Ljava/lang/Void;+1
j  com.sun.javafx.application.PlatformImpl$$Lambda$180+0x000001e00b116a08.run()Ljava/lang/Object;+4
J 2800 c1 java.security.AccessController.doPrivileged(Ljava/security/PrivilegedAction;Ljava/security/AccessControlContext;)Ljava/lang/Object; java.base@17.0.12 (17 bytes) @ 0x000001e06d930adc [0x000001e06d930900+0x00000000000001dc]
j  com.sun.javafx.application.PlatformImpl.lambda$runLater$11(Ljava/lang/Runnable;Ljava/security/AccessControlContext;)V+7
j  com.sun.javafx.application.PlatformImpl$$Lambda$179+0x000001e00b113640.run()V+8
J 2931 c1 com.sun.glass.ui.InvokeLaterDispatcher$Future.run()V (91 bytes) @ 0x000001e06d968a94 [0x000001e06d968980+0x0000000000000114]
v  ~StubRoutines::call_stub
j  com.sun.glass.ui.win.WinApplication._enterNestedEventLoopImpl()Ljava/lang/Object;+0
j  com.sun.glass.ui.win.WinApplication._enterNestedEventLoop()Ljava/lang/Object;+15
j  com.sun.glass.ui.Application.enterNestedEventLoop()Ljava/lang/Object;+14
j  com.sun.glass.ui.EventLoop.enter()Ljava/lang/Object;+42
j  com.sun.javafx.tk.quantum.QuantumToolkit.enterNestedEventLoop(Ljava/lang/Object;)Ljava/lang/Object;+98
j  javafx.stage.Stage.showAndWait()V+93
j  javafx.scene.control.HeavyweightDialog.showAndWait()V+22
j  javafx.scene.control.Dialog.showAndWait()Ljava/util/Optional;+86
j  com.express.servermanagertool.ui.RemoteFileBrowser.showError(Ljava/lang/String;)V+15
j  com.express.servermanagertool.ui.RemoteFileBrowser.lambda$loadDirectory$27(Ljava/lang/Exception;)V+10
j  com.express.servermanagertool.ui.RemoteFileBrowser$$Lambda$939+0x000001e00b39cf28.run()V+8
j  com.sun.javafx.application.PlatformImpl.lambda$runLater$10(Ljava/lang/Runnable;)Ljava/lang/Void;+1
j  com.sun.javafx.application.PlatformImpl$$Lambda$180+0x000001e00b116a08.run()Ljava/lang/Object;+4
J 2800 c1 java.security.AccessController.doPrivileged(Ljava/security/PrivilegedAction;Ljava/security/AccessControlContext;)Ljava/lang/Object; java.base@17.0.12 (17 bytes) @ 0x000001e06d930adc [0x000001e06d930900+0x00000000000001dc]
j  com.sun.javafx.application.PlatformImpl.lambda$runLater$11(Ljava/lang/Runnable;Ljava/security/AccessControlContext;)V+7
j  com.sun.javafx.application.PlatformImpl$$Lambda$179+0x000001e00b113640.run()V+8
J 2931 c1 com.sun.glass.ui.InvokeLaterDispatcher$Future.run()V (91 bytes) @ 0x000001e06d968a94 [0x000001e06d968980+0x0000000000000114]
v  ~StubRoutines::call_stub
j  com.sun.glass.ui.win.WinApplication._enterNestedEventLoopImpl()Ljava/lang/Object;+0
j  com.sun.glass.ui.win.WinApplication._enterNestedEventLoop()Ljava/lang/Object;+15
j  com.sun.glass.ui.Application.enterNestedEventLoop()Ljava/lang/Object;+14
j  com.sun.glass.ui.EventLoop.enter()Ljava/lang/Object;+42
j  com.sun.javafx.tk.quantum.QuantumToolkit.enterNestedEventLoop(Ljava/lang/Object;)Ljava/lang/Object;+98
j  javafx.stage.Stage.showAndWait()V+93
j  javafx.scene.control.HeavyweightDialog.showAndWait()V+22
j  javafx.scene.control.Dialog.showAndWait()Ljava/util/Optional;+86
j  com.express.servermanagertool.ui.RemoteFileBrowser.showError(Ljava/lang/String;)V+15
j  com.express.servermanagertool.ui.RemoteFileBrowser.lambda$loadDirectory$27(Ljava/lang/Exception;)V+10
j  com.express.servermanagertool.ui.RemoteFileBrowser$$Lambda$939+0x000001e00b39cf28.run()V+8
j  com.sun.javafx.application.PlatformImpl.lambda$runLater$10(Ljava/lang/Runnable;)Ljava/lang/Void;+1
j  com.sun.javafx.application.PlatformImpl$$Lambda$180+0x000001e00b116a08.run()Ljava/lang/Object;+4
J 2800 c1 java.security.AccessController.doPrivileged(Ljava/security/PrivilegedAction;Ljava/security/AccessControlContext;)Ljava/lang/Object; java.base@17.0.12 (17 bytes) @ 0x000001e06d930adc [0x000001e06d930900+0x00000000000001dc]
j  com.sun.javafx.application.PlatformImpl.lambda$runLater$11(Ljava/lang/Runnable;Ljava/security/AccessControlContext;)V+7
j  com.sun.javafx.application.PlatformImpl$$Lambda$179+0x000001e00b113640.run()V+8
J 2931 c1 com.sun.glass.ui.InvokeLaterDispatcher$Future.run()V (91 bytes) @ 0x000001e06d968a94 [0x000001e06d968980+0x0000000000000114]
v  ~StubRoutines::call_stub
j  com.sun.glass.ui.win.WinApplication._enterNestedEventLoopImpl()Ljava/lang/Object;+0
j  com.sun.glass.ui.win.WinApplication._enterNestedEventLoop()Ljava/lang/Object;+15
j  com.sun.glass.ui.Application.enterNestedEventLoop()Ljava/lang/Object;+14
j  com.sun.glass.ui.EventLoop.enter()Ljava/lang/Object;+42
j  com.sun.javafx.tk.quantum.QuantumToolkit.enterNestedEventLoop(Ljava/lang/Object;)Ljava/lang/Object;+98
j  javafx.stage.Stage.showAndWait()V+93
j  javafx.scene.control.HeavyweightDialog.showAndWait()V+22
j  javafx.scene.control.Dialog.showAndWait()Ljava/util/Optional;+86
j  com.express.servermanagertool.ui.RemoteFileBrowser.showError(Ljava/lang/String;)V+15
j  com.express.servermanagertool.ui.RemoteFileBrowser.lambda$loadDirectory$27(Ljava/lang/Exception;)V+10
j  com.express.servermanagertool.ui.RemoteFileBrowser$$Lambda$939+0x000001e00b39cf28.run()V+8
j  com.sun.javafx.application.PlatformImpl.lambda$runLater$10(Ljava/lang/Runnable;)Ljava/lang/Void;+1
j  com.sun.javafx.application.PlatformImpl$$Lambda$180+0x000001e00b116a08.run()Ljava/lang/Object;+4
J 2800 c1 java.security.AccessController.doPrivileged(Ljava/security/PrivilegedAction;Ljava/security/AccessControlContext;)Ljava/lang/Object; java.base@17.0.12 (17 bytes) @ 0x000001e06d930adc [0x000001e06d930900+0x00000000000001dc]
j  com.sun.javafx.application.PlatformImpl.lambda$runLater$11(Ljava/lang/Runnable;Ljava/security/AccessControlContext;)V+7
j  com.sun.javafx.application.PlatformImpl$$Lambda$179+0x000001e00b113640.run()V+8
J 2931 c1 com.sun.glass.ui.InvokeLaterDispatcher$Future.run()V (91 bytes) @ 0x000001e06d968a94 [0x000001e06d968980+0x0000000000000114]
v  ~StubRoutines::call_stub
j  com.sun.glass.ui.win.WinApplication._enterNestedEventLoopImpl()Ljava/lang/Object;+0
j  com.sun.glass.ui.win.WinApplication._enterNestedEventLoop()Ljava/lang/Object;+15
j  com.sun.glass.ui.Application.enterNestedEventLoop()Ljava/lang/Object;+14
j  com.sun.glass.ui.EventLoop.enter()Ljava/lang/Object;+42
j  com.sun.javafx.tk.quantum.QuantumToolkit.enterNestedEventLoop(Ljava/lang/Object;)Ljava/lang/Object;+98
j  javafx.stage.Stage.showAndWait()V+93
j  javafx.scene.control.HeavyweightDialog.showAndWait()V+22
j  javafx.scene.control.Dialog.showAndWait()Ljava/util/Optional;+86
j  com.express.servermanagertool.ui.RemoteFileBrowser.showError(Ljava/lang/String;)V+15
j  com.express.servermanagertool.ui.RemoteFileBrowser.lambda$loadDirectory$27(Ljava/lang/Exception;)V+10
j  com.express.servermanagertool.ui.RemoteFileBrowser$$Lambda$939+0x000001e00b39cf28.run()V+8
j  com.sun.javafx.application.PlatformImpl.lambda$runLater$10(Ljava/lang/Runnable;)Ljava/lang/Void;+1
j  com.sun.javafx.application.PlatformImpl$$Lambda$180+0x000001e00b116a08.run()Ljava/lang/Object;+4
J 2800 c1 java.security.AccessController.doPrivileged(Ljava/security/PrivilegedAction;Ljava/security/AccessControlContext;)Ljava/lang/Object; java.base@17.0.12 (17 bytes) @ 0x000001e06d930adc [0x000001e06d930900+0x00000000000001dc]
j  com.sun.javafx.application.PlatformImpl.lambda$runLater$11(Ljava/lang/Runnable;Ljava/security/AccessControlContext;)V+7
j  com.sun.javafx.application.PlatformImpl$$Lambda$179+0x000001e00b113640.run()V+8
J 2931 c1 com.sun.glass.ui.InvokeLaterDispatcher$Future.run()V (91 bytes) @ 0x000001e06d968a94 [0x000001e06d968980+0x0000000000000114]
v  ~StubRoutines::call_stub
j  com.sun.glass.ui.win.WinApplication._enterNestedEventLoopImpl()Ljava/lang/Object;+0
j  com.sun.glass.ui.win.WinApplication._enterNestedEventLoop()Ljava/lang/Object;+15
j  com.sun.glass.ui.Application.enterNestedEventLoop()Ljava/lang/Object;+14
j  com.sun.glass.ui.EventLoop.enter()Ljava/lang/Object;+42
j  com.sun.javafx.tk.quantum.QuantumToolkit.enterNestedEventLoop(Ljava/lang/Object;)Ljava/lang/Object;+98
j  javafx.stage.Stage.showAndWait()V+93
j  javafx.scene.control.HeavyweightDialog.showAndWait()V+22
j  javafx.scene.control.Dialog.showAndWait()Ljava/util/Optional;+86
j  com.express.servermanagertool.ui.RemoteFileBrowser.showError(Ljava/lang/String;)V+15
j  com.express.servermanagertool.ui.RemoteFileBrowser.lambda$loadDirectory$27(Ljava/lang/Exception;)V+10
j  com.express.servermanagertool.ui.RemoteFileBrowser$$Lambda$939+0x000001e00b39cf28.run()V+8
j  com.sun.javafx.application.PlatformImpl.lambda$runLater$10(Ljava/lang/Runnable;)Ljava/lang/Void;+1
j  com.sun.javafx.application.PlatformImpl$$Lambda$180+0x000001e00b116a08.run()Ljava/lang/Object;+4
J 2800 c1 java.security.AccessController.doPrivileged(Ljava/security/PrivilegedAction;Ljava/security/AccessControlContext;)Ljava/lang/Object; java.base@17.0.12 (17 bytes) @ 0x000001e06d930adc [0x000001e06d930900+0x00000000000001dc]
j  com.sun.javafx.application.PlatformImpl.lambda$runLater$11(Ljava/lang/Runnable;Ljava/security/AccessControlContext;)V+7
j  com.sun.javafx.application.PlatformImpl$$Lambda$179+0x000001e00b113640.run()V+8
J 2931 c1 com.sun.glass.ui.InvokeLaterDispatcher$Future.run()V (91 bytes) @ 0x000001e06d968a94 [0x000001e06d968980+0x0000000000000114]
v  ~StubRoutines::call_stub
j  com.sun.glass.ui.win.WinApplication._enterNestedEventLoopImpl()Ljava/lang/Object;+0
j  com.sun.glass.ui.win.WinApplication._enterNestedEventLoop()Ljava/lang/Object;+15
j  com.sun.glass.ui.Application.enterNestedEventLoop()Ljava/lang/Object;+14
j  com.sun.glass.ui.EventLoop.enter()Ljava/lang/Object;+42
j  com.sun.javafx.tk.quantum.QuantumToolkit.enterNestedEventLoop(Ljava/lang/Object;)Ljava/lang/Object;+98
j  javafx.stage.Stage.showAndWait()V+93
j  javafx.scene.control.HeavyweightDialog.showAndWait()V+22
j  javafx.scene.control.Dialog.showAndWait()Ljava/util/Optional;+86
j  com.express.servermanagertool.ui.RemoteFileBrowser.showError(Ljava/lang/String;)V+15
j  com.express.servermanagertool.ui.RemoteFileBrowser.lambda$loadDirectory$27(Ljava/lang/Exception;)V+10
j  com.express.servermanagertool.ui.RemoteFileBrowser$$Lambda$939+0x000001e00b39cf28.run()V+8
j  com.sun.javafx.application.PlatformImpl.lambda$runLater$10(Ljava/lang/Runnable;)Ljava/lang/Void;+1
j  com.sun.javafx.application.PlatformImpl$$Lambda$180+0x000001e00b116a08.run()Ljava/lang/Object;+4
J 2800 c1 java.security.AccessController.doPrivileged(Ljava/security/PrivilegedAction;Ljava/security/AccessControlContext;)Ljava/lang/Object; java.base@17.0.12 (17 bytes) @ 0x000001e06d930adc [0x000001e06d930900+0x00000000000001dc]
j  com.sun.javafx.application.PlatformImpl.lambda$runLater$11(Ljava/lang/Runnable;Ljava/security/AccessControlContext;)V+7
j  com.sun.javafx.application.PlatformImpl$$Lambda$179+0x000001e00b113640.run()V+8
J 2931 c1 com.sun.glass.ui.InvokeLaterDispatcher$Future.run()V (91 bytes) @ 0x000001e06d968a94 [0x000001e06d968980+0x0000000000000114]
v  ~StubRoutines::call_stub
j  com.sun.glass.ui.win.WinApplication._enterNestedEventLoopImpl()Ljava/lang/Object;+0
j  com.sun.glass.ui.win.WinApplication._enterNestedEventLoop()Ljava/lang/Object;+15
j  com.sun.glass.ui.Application.enterNestedEventLoop()Ljava/lang/Object;+14
j  com.sun.glass.ui.EventLoop.enter()Ljava/lang/Object;+42
j  com.sun.javafx.tk.quantum.QuantumToolkit.enterNestedEventLoop(Ljava/lang/Object;)Ljava/lang/Object;+98
j  javafx.stage.Stage.showAndWait()V+93
j  javafx.scene.control.HeavyweightDialog.showAndWait()V+22
j  javafx.scene.control.Dialog.showAndWait()Ljava/util/Optional;+86
j  com.express.servermanagertool.ui.RemoteFileBrowser.showError(Ljava/lang/String;)V+15
j  com.express.servermanagertool.ui.RemoteFileBrowser.lambda$loadDirectory$27(Ljava/lang/Exception;)V+10
j  com.express.servermanagertool.ui.RemoteFileBrowser$$Lambda$939+0x000001e00b39cf28.run()V+8
j  com.sun.javafx.application.PlatformImpl.lambda$runLater$10(Ljava/lang/Runnable;)Ljava/lang/Void;+1
j  com.sun.javafx.application.PlatformImpl$$Lambda$180+0x000001e00b116a08.run()Ljava/lang/Object;+4
J 2800 c1 java.security.AccessController.doPrivileged(Ljava/security/PrivilegedAction;Ljava/security/AccessControlContext;)Ljava/lang/Object; java.base@17.0.12 (17 bytes) @ 0x000001e06d930adc [0x000001e06d930900+0x00000000000001dc]
j  com.sun.javafx.application.PlatformImpl.lambda$runLater$11(Ljava/lang/Runnable;Ljava/security/AccessControlContext;)V+7
j  com.sun.javafx.application.PlatformImpl$$Lambda$179+0x000001e00b113640.run()V+8
J 2931 c1 com.sun.glass.ui.InvokeLaterDispatcher$Future.run()V (91 bytes) @ 0x000001e06d968a94 [0x000001e06d968980+0x0000000000000114]
v  ~StubRoutines::call_stub
j  com.sun.glass.ui.win.WinApplication._enterNestedEventLoopImpl()Ljava/lang/Object;+0
j  com.sun.glass.ui.win.WinApplication._enterNestedEventLoop()Ljava/lang/Object;+15
j  com.sun.glass.ui.Application.enterNestedEventLoop()Ljava/lang/Object;+14
j  com.sun.glass.ui.EventLoop.enter()Ljava/lang/Object;+42
j  com.sun.javafx.tk.quantum.QuantumToolkit.enterNestedEventLoop(Ljava/lang/Object;)Ljava/lang/Object;+98
j  javafx.stage.Stage.showAndWait()V+93
j  javafx.scene.control.HeavyweightDialog.showAndWait()V+22
j  javafx.scene.control.Dialog.showAndWait()Ljava/util/Optional;+86
j  com.express.servermanagertool.ui.RemoteFileBrowser.showError(Ljava/lang/String;)V+15
j  com.express.servermanagertool.ui.RemoteFileBrowser.lambda$loadDirectory$27(Ljava/lang/Exception;)V+10
j  com.express.servermanagertool.ui.RemoteFileBrowser$$Lambda$939+0x000001e00b39cf28.run()V+8
j  com.sun.javafx.application.PlatformImpl.lambda$runLater$10(Ljava/lang/Runnable;)Ljava/lang/Void;+1
j  com.sun.javafx.application.PlatformImpl$$Lambda$180+0x000001e00b116a08.run()Ljava/lang/Object;+4
J 2800 c1 java.security.AccessController.doPrivileged(Ljava/security/PrivilegedAction;Ljava/security/AccessControlContext;)Ljava/lang/Object; java.base@17.0.12 (17 bytes) @ 0x000001e06d930adc [0x000001e06d930900+0x00000000000001dc]
j  com.sun.javafx.application.PlatformImpl.lambda$runLater$11(Ljava/lang/Runnable;Ljava/security/AccessControlContext;)V+7
j  com.sun.javafx.application.PlatformImpl$$Lambda$179+0x000001e00b113640.run()V+8
J 2931 c1 com.sun.glass.ui.InvokeLaterDispatcher$Future.run()V (91 bytes) @ 0x000001e06d968a94 [0x000001e06d968980+0x0000000000000114]
v  ~StubRoutines::call_stub
j  com.sun.glass.ui.win.WinApplication._enterNestedEventLoopImpl()Ljava/lang/Object;+0
j  com.sun.glass.ui.win.WinApplication._enterNestedEventLoop()Ljava/lang/Object;+15
j  com.sun.glass.ui.Application.enterNestedEventLoop()Ljava/lang/Object;+14
j  com.sun.glass.ui.EventLoop.enter()Ljava/lang/Object;+42
j  com.sun.javafx.tk.quantum.QuantumToolkit.enterNestedEventLoop(Ljava/lang/Object;)Ljava/lang/Object;+98
j  javafx.stage.Stage.showAndWait()V+93
j  javafx.scene.control.HeavyweightDialog.showAndWait()V+22
j  javafx.scene.control.Dialog.showAndWait()Ljava/util/Optional;+86
j  com.express.servermanagertool.ui.RemoteFileBrowser.showError(Ljava/lang/String;)V+15
j  com.express.servermanagertool.ui.RemoteFileBrowser.lambda$loadDirectory$27(Ljava/lang/Exception;)V+10
j  com.express.servermanagertool.ui.RemoteFileBrowser$$Lambda$939+0x000001e00b39cf28.run()V+8
j  com.sun.javafx.application.PlatformImpl.lambda$runLater$10(Ljava/lang/Runnable;)Ljava/lang/Void;+1
j  com.sun.javafx.application.PlatformImpl$$Lambda$180+0x000001e00b116a08.run()Ljava/lang/Object;+4
J 2800 c1 java.security.AccessController.doPrivileged(Ljava/security/PrivilegedAction;Ljava/security/AccessControlContext;)Ljava/lang/Object; java.base@17.0.12 (17 bytes) @ 0x000001e06d930adc [0x000001e06d930900+0x00000000000001dc]
j  com.sun.javafx.application.PlatformImpl.lambda$runLater$11(Ljava/lang/Runnable;Ljava/security/AccessControlContext;)V+7
j  com.sun.javafx.application.PlatformImpl$$Lambda$179+0x000001e00b113640.run()V+8
J 2931 c1 com.sun.glass.ui.InvokeLaterDispatcher$Future.run()V (91 bytes) @ 0x000001e06d968a94 [0x000001e06d968980+0x0000000000000114]
v  ~StubRoutines::call_stub
j  com.sun.glass.ui.win.WinApplication._enterNestedEventLoopImpl()Ljava/lang/Object;+0
j  com.sun.glass.ui.win.WinApplication._enterNestedEventLoop()Ljava/lang/Object;+15
j  com.sun.glass.ui.Application.enterNestedEventLoop()Ljava/lang/Object;+14
j  com.sun.glass.ui.EventLoop.enter()Ljava/lang/Object;+42
j  com.sun.javafx.tk.quantum.QuantumToolkit.enterNestedEventLoop(Ljava/lang/Object;)Ljava/lang/Object;+98
j  javafx.stage.Stage.showAndWait()V+93
j  javafx.scene.control.HeavyweightDialog.showAndWait()V+22
j  javafx.scene.control.Dialog.showAndWait()Ljava/util/Optional;+86
j  com.express.servermanagertool.ui.RemoteFileBrowser.showError(Ljava/lang/String;)V+15
j  com.express.servermanagertool.ui.RemoteFileBrowser.lambda$loadDirectory$27(Ljava/lang/Exception;)V+10
j  com.express.servermanagertool.ui.RemoteFileBrowser$$Lambda$939+0x000001e00b39cf28.run()V+8
j  com.sun.javafx.application.PlatformImpl.lambda$runLater$10(Ljava/lang/Runnable;)Ljava/lang/Void;+1
j  com.sun.javafx.application.PlatformImpl$$Lambda$180+0x000001e00b116a08.run()Ljava/lang/Object;+4
J 2800 c1 java.security.AccessController.doPrivileged(Ljava/security/PrivilegedAction;Ljava/security/AccessControlContext;)Ljava/lang/Object; java.base@17.0.12 (17 bytes) @ 0x000001e06d930adc [0x000001e06d930900+0x00000000000001dc]
j  com.sun.javafx.application.PlatformImpl.lambda$runLater$11(Ljava/lang/Runnable;Ljava/security/AccessControlContext;)V+7
j  com.sun.javafx.application.PlatformImpl$$Lambda$179+0x000001e00b113640.run()V+8
J 2931 c1 com.sun.glass.ui.InvokeLaterDispatcher$Future.run()V (91 bytes) @ 0x000001e06d968a94 [0x000001e06d968980+0x0000000000000114]
v  ~StubRoutines::call_stub
j  com.sun.glass.ui.win.WinApplication._enterNestedEventLoopImpl()Ljava/lang/Object;+0
j  com.sun.glass.ui.win.WinApplication._enterNestedEventLoop()Ljava/lang/Object;+15
j  com.sun.glass.ui.Application.enterNestedEventLoop()Ljava/lang/Object;+14
j  com.sun.glass.ui.EventLoop.enter()Ljava/lang/Object;+42
j  com.sun.javafx.tk.quantum.QuantumToolkit.enterNestedEventLoop(Ljava/lang/Object;)Ljava/lang/Object;+98
j  javafx.stage.Stage.showAndWait()V+93
j  javafx.scene.control.HeavyweightDialog.showAndWait()V+22
j  javafx.scene.control.Dialog.showAndWait()Ljava/util/Optional;+86
j  com.express.servermanagertool.ui.RemoteFileBrowser.showError(Ljava/lang/String;)V+15
j  com.express.servermanagertool.ui.RemoteFileBrowser.lambda$loadDirectory$27(Ljava/lang/Exception;)V+10
j  com.express.servermanagertool.ui.RemoteFileBrowser$$Lambda$939+0x000001e00b39cf28.run()V+8
j  com.sun.javafx.application.PlatformImpl.lambda$runLater$10(Ljava/lang/Runnable;)Ljava/lang/Void;+1
j  com.sun.javafx.application.PlatformImpl$$Lambda$180+0x000001e00b116a08.run()Ljava/lang/Object;+4
J 2800 c1 java.security.AccessController.doPrivileged(Ljava/security/PrivilegedAction;Ljava/security/AccessControlContext;)Ljava/lang/Object; java.base@17.0.12 (17 bytes) @ 0x000001e06d930adc [0x000001e06d930900+0x00000000000001dc]
j  com.sun.javafx.application.PlatformImpl.lambda$runLater$11(Ljava/lang/Runnable;Ljava/security/AccessControlContext;)V+7
j  com.sun.javafx.application.PlatformImpl$$Lambda$179+0x000001e00b113640.run()V+8
J 2931 c1 com.sun.glass.ui.InvokeLaterDispatcher$Future.run()V (91 bytes) @ 0x000001e06d968a94 [0x000001e06d968980+0x0000000000000114]
v  ~StubRoutines::call_stub
j  com.sun.glass.ui.win.WinApplication._enterNestedEventLoopImpl()Ljava/lang/Object;+0
j  com.sun.glass.ui.win.WinApplication._enterNestedEventLoop()Ljava/lang/Object;+15
j  com.sun.glass.ui.Application.enterNestedEventLoop()Ljava/lang/Object;+14
j  com.sun.glass.ui.EventLoop.enter()Ljava/lang/Object;+42
j  com.sun.javafx.tk.quantum.QuantumToolkit.enterNestedEventLoop(Ljava/lang/Object;)Ljava/lang/Object;+98
j  javafx.stage.Stage.showAndWait()V+93
j  javafx.scene.control.HeavyweightDialog.showAndWait()V+22
j  javafx.scene.control.Dialog.showAndWait()Ljava/util/Optional;+86
j  com.express.servermanagertool.ui.RemoteFileBrowser.showError(Ljava/lang/String;)V+15
j  com.express.servermanagertool.ui.RemoteFileBrowser.lambda$loadDirectory$27(Ljava/lang/Exception;)V+10
j  com.express.servermanagertool.ui.RemoteFileBrowser$$Lambda$939+0x000001e00b39cf28.run()V+8
j  com.sun.javafx.application.PlatformImpl.lambda$runLater$10(Ljava/lang/Runnable;)Ljava/lang/Void;+1
j  com.sun.javafx.application.PlatformImpl$$Lambda$180+0x000001e00b116a08.run()Ljava/lang/Object;+4
J 2800 c1 java.security.AccessController.doPrivileged(Ljava/security/PrivilegedAction;Ljava/security/AccessControlContext;)Ljava/lang/Object; java.base@17.0.12 (17 bytes) @ 0x000001e06d930adc [0x000001e06d930900+0x00000000000001dc]
j  com.sun.javafx.application.PlatformImpl.lambda$runLater$11(Ljava/lang/Runnable;Ljava/security/AccessControlContext;)V+7
j  com.sun.javafx.application.PlatformImpl$$Lambda$179+0x000001e00b113640.run()V+8
J 2931 c1 com.sun.glass.ui.InvokeLaterDispatcher$Future.run()V (91 bytes) @ 0x000001e06d968a94 [0x000001e06d968980+0x0000000000000114]
v  ~StubRoutines::call_stub
j  com.sun.glass.ui.win.WinApplication._enterNestedEventLoopImpl()Ljava/lang/Object;+0
j  com.sun.glass.ui.win.WinApplication._enterNestedEventLoop()Ljava/lang/Object;+15
j  com.sun.glass.ui.Application.enterNestedEventLoop()Ljava/lang/Object;+14
j  com.sun.glass.ui.EventLoop.enter()Ljava/lang/Object;+42
j  com.sun.javafx.tk.quantum.QuantumToolkit.enterNestedEventLoop(Ljava/lang/Object;)Ljava/lang/Object;+98
j  javafx.stage.Stage.showAndWait()V+93
j  javafx.scene.control.HeavyweightDialog.showAndWait()V+22
j  javafx.scene.control.Dialog.showAndWait()Ljava/util/Optional;+86
j  com.express.servermanagertool.ui.RemoteFileBrowser.showError(Ljava/lang/String;)V+15
j  com.express.servermanagertool.ui.RemoteFileBrowser.lambda$loadDirectory$27(Ljava/lang/Exception;)V+10
j  com.express.servermanagertool.ui.RemoteFileBrowser$$Lambda$939+0x000001e00b39cf28.run()V+8
j  com.sun.javafx.application.PlatformImpl.lambda$runLater$10(Ljava/lang/Runnable;)Ljava/lang/Void;+1
j  com.sun.javafx.application.PlatformImpl$$Lambda$180+0x000001e00b116a08.run()Ljava/lang/Object;+4
J 2800 c1 java.security.AccessController.doPrivileged(Ljava/security/PrivilegedAction;Ljava/security/AccessControlContext;)Ljava/lang/Object; java.base@17.0.12 (17 bytes) @ 0x000001e06d930adc [0x000001e06d930900+0x00000000000001dc]
j  com.sun.javafx.application.PlatformImpl.lambda$runLater$11(Ljava/lang/Runnable;Ljava/security/AccessControlContext;)V+7
j  com.sun.javafx.application.PlatformImpl$$Lambda$179+0x000001e00b113640.run()V+8
J 2931 c1 com.sun.glass.ui.InvokeLaterDispatcher$Future.run()V (91 bytes) @ 0x000001e06d968a94 [0x000001e06d968980+0x0000000000000114]
v  ~StubRoutines::call_stub
j  com.sun.glass.ui.win.WinApplication._enterNestedEventLoopImpl()Ljava/lang/Object;+0
j  com.sun.glass.ui.win.WinApplication._enterNestedEventLoop()Ljava/lang/Object;+15
j  com.sun.glass.ui.Application.enterNestedEventLoop()Ljava/lang/Object;+14
j  com.sun.glass.ui.EventLoop.enter()Ljava/lang/Object;+42
j  com.sun.javafx.tk.quantum.QuantumToolkit.enterNestedEventLoop(Ljava/lang/Object;)Ljava/lang/Object;+98
j  javafx.stage.Stage.showAndWait()V+93
j  javafx.scene.control.HeavyweightDialog.showAndWait()V+22
j  javafx.scene.control.Dialog.showAndWait()Ljava/util/Optional;+86
j  com.express.servermanagertool.ui.RemoteFileBrowser.showError(Ljava/lang/String;)V+15
j  com.express.servermanagertool.ui.RemoteFileBrowser.lambda$loadDirectory$27(Ljava/lang/Exception;)V+10
j  com.express.servermanagertool.ui.RemoteFileBrowser$$Lambda$939+0x000001e00b39cf28.run()V+8
j  com.sun.javafx.application.PlatformImpl.lambda$runLater$10(Ljava/lang/Runnable;)Ljava/lang/Void;+1
j  com.sun.javafx.application.PlatformImpl$$Lambda$180+0x000001e00b116a08.run()Ljava/lang/Object;+4
J 2800 c1 java.security.AccessController.doPrivileged(Ljava/security/PrivilegedAction;Ljava/security/AccessControlContext;)Ljava/lang/Object; java.base@17.0.12 (17 bytes) @ 0x000001e06d930adc [0x000001e06d930900+0x00000000000001dc]
j  com.sun.javafx.application.PlatformImpl.lambda$runLater$11(Ljava/lang/Runnable;Ljava/security/AccessControlContext;)V+7
j  com.sun.javafx.application.PlatformImpl$$Lambda$179+0x000001e00b113640.run()V+8
J 2931 c1 com.sun.glass.ui.InvokeLaterDispatcher$Future.run()V (91 bytes) @ 0x000001e06d968a94 [0x000001e06d968980+0x0000000000000114]
v  ~StubRoutines::call_stub
j  com.sun.glass.ui.win.WinApplication._enterNestedEventLoopImpl()Ljava/lang/Object;+0
j  com.sun.glass.ui.win.WinApplication._enterNestedEventLoop()Ljava/lang/Object;+15
j  com.sun.glass.ui.Application.enterNestedEventLoop()Ljava/lang/Object;+14
j  com.sun.glass.ui.EventLoop.enter()Ljava/lang/Object;+42
j  com.sun.javafx.tk.quantum.QuantumToolkit.enterNestedEventLoop(Ljava/lang/Object;)Ljava/lang/Object;+98
j  javafx.stage.Stage.showAndWait()V+93
j  javafx.scene.control.HeavyweightDialog.showAndWait()V+22
j  javafx.scene.control.Dialog.showAndWait()Ljava/util/Optional;+86
j  com.express.servermanagertool.ui.RemoteFileBrowser.showError(Ljava/lang/String;)V+15
j  com.express.servermanagertool.ui.RemoteFileBrowser.lambda$loadDirectory$27(Ljava/lang/Exception;)V+10
j  com.express.servermanagertool.ui.RemoteFileBrowser$$Lambda$939+0x000001e00b39cf28.run()V+8
j  com.sun.javafx.application.PlatformImpl.lambda$runLater$10(Ljava/lang/Runnable;)Ljava/lang/Void;+1
j  com.sun.javafx.application.PlatformImpl$$Lambda$180+0x000001e00b116a08.run()Ljava/lang/Object;+4
J 2800 c1 java.security.AccessController.doPrivileged(Ljava/security/PrivilegedAction;Ljava/security/AccessControlContext;)Ljava/lang/Object; java.base@17.0.12 (17 bytes) @ 0x000001e06d930adc [0x000001e06d930900+0x00000000000001dc]
j  com.sun.javafx.application.PlatformImpl.lambda$runLater$11(Ljava/lang/Runnable;Ljava/security/AccessControlContext;)V+7
j  com.sun.javafx.application.PlatformImpl$$Lambda$179+0x000001e00b113640.run()V+8
J 2931 c1 com.sun.glass.ui.InvokeLaterDispatcher$Future.run()V (91 bytes) @ 0x000001e06d968a94 [0x000001e06d968980+0x0000000000000114]
v  ~StubRoutines::call_stub
j  com.sun.glass.ui.win.WinApplication._enterNestedEventLoopImpl()Ljava/lang/Object;+0
j  com.sun.glass.ui.win.WinApplication._enterNestedEventLoop()Ljava/lang/Object;+15
j  com.sun.glass.ui.Application.enterNestedEventLoop()Ljava/lang/Object;+14
j  com.sun.glass.ui.EventLoop.enter()Ljava/lang/Object;+42
j  com.sun.javafx.tk.quantum.QuantumToolkit.enterNestedEventLoop(Ljava/lang/Object;)Ljava/lang/Object;+98
j  javafx.stage.Stage.showAndWait()V+93
j  javafx.scene.control.HeavyweightDialog.showAndWait()V+22
j  javafx.scene.control.Dialog.showAndWait()Ljava/util/Optional;+86
j  com.express.servermanagertool.ui.RemoteFileBrowser.showError(Ljava/lang/String;)V+15
j  com.express.servermanagertool.ui.RemoteFileBrowser.lambda$loadDirectory$27(Ljava/lang/Exception;)V+10
j  com.express.servermanagertool.ui.RemoteFileBrowser$$Lambda$939+0x000001e00b39cf28.run()V+8
j  com.sun.javafx.application.PlatformImpl.lambda$runLater$10(Ljava/lang/Runnable;)Ljava/lang/Void;+1
j  com.sun.javafx.application.PlatformImpl$$Lambda$180+0x000001e00b116a08.run()Ljava/lang/Object;+4
J 2800 c1 java.security.AccessController.doPrivileged(Ljava/security/PrivilegedAction;Ljava/security/AccessControlContext;)Ljava/lang/Object; java.base@17.0.12 (17 bytes) @ 0x000001e06d930adc [0x000001e06d930900+0x00000000000001dc]
j  com.sun.javafx.application.PlatformImpl.lambda$runLater$11(Ljava/lang/Runnable;Ljava/security/AccessControlContext;)V+7
j  com.sun.javafx.application.PlatformImpl$$Lambda$179+0x000001e00b113640.run()V+8
J 2931 c1 com.sun.glass.ui.InvokeLaterDispatcher$Future.run()V (91 bytes) @ 0x000001e06d968a94 [0x000001e06d968980+0x0000000000000114]
v  ~StubRoutines::call_stub
j  com.sun.glass.ui.win.WinApplication._enterNestedEventLoopImpl()Ljava/lang/Object;+0
j  com.sun.glass.ui.win.WinApplication._enterNestedEventLoop()Ljava/lang/Object;+15
j  com.sun.glass.ui.Application.enterNestedEventLoop()Ljava/lang/Object;+14
j  com.sun.glass.ui.EventLoop.enter()Ljava/lang/Object;+42
j  com.sun.javafx.tk.quantum.QuantumToolkit.enterNestedEventLoop(Ljava/lang/Object;)Ljava/lang/Object;+98
j  javafx.stage.Stage.showAndWait()V+93
j  javafx.scene.control.HeavyweightDialog.showAndWait()V+22
j  javafx.scene.control.Dialog.showAndWait()Ljava/util/Optional;+86
j  com.express.servermanagertool.ui.RemoteFileBrowser.showError(Ljava/lang/String;)V+15
j  com.express.servermanagertool.ui.RemoteFileBrowser.lambda$loadDirectory$27(Ljava/lang/Exception;)V+10
j  com.express.servermanagertool.ui.RemoteFileBrowser$$Lambda$939+0x000001e00b39cf28.run()V+8
j  com.sun.javafx.application.PlatformImpl.lambda$runLater$10(Ljava/lang/Runnable;)Ljava/lang/Void;+1
j  com.sun.javafx.application.PlatformImpl$$Lambda$180+0x000001e00b116a08.run()Ljava/lang/Object;+4
J 2800 c1 java.security.AccessController.doPrivileged(Ljava/security/PrivilegedAction;Ljava/security/AccessControlContext;)Ljava/lang/Object; java.base@17.0.12 (17 bytes) @ 0x000001e06d930adc [0x000001e06d930900+0x00000000000001dc]
j  com.sun.javafx.application.PlatformImpl.lambda$runLater$11(Ljava/lang/Runnable;Ljava/security/AccessControlContext;)V+7
j  com.sun.javafx.application.PlatformImpl$$Lambda$179+0x000001e00b113640.run()V+8
J 2931 c1 com.sun.glass.ui.InvokeLaterDispatcher$Future.run()V (91 bytes) @ 0x000001e06d968a94 [0x000001e06d968980+0x0000000000000114]
v  ~StubRoutines::call_stub
j  com.sun.glass.ui.win.WinApplication._enterNestedEventLoopImpl()Ljava/lang/Object;+0
j  com.sun.glass.ui.win.WinApplication._enterNestedEventLoop()Ljava/lang/Object;+15
j  com.sun.glass.ui.Application.enterNestedEventLoop()Ljava/lang/Object;+14
j  com.sun.glass.ui.EventLoop.enter()Ljava/lang/Object;+42
j  com.sun.javafx.tk.quantum.QuantumToolkit.enterNestedEventLoop(Ljava/lang/Object;)Ljava/lang/Object;+98
j  javafx.stage.Stage.showAndWait()V+93
j  javafx.scene.control.HeavyweightDialog.showAndWait()V+22
j  javafx.scene.control.Dialog.showAndWait()Ljava/util/Optional;+86
j  com.express.servermanagertool.ui.RemoteFileBrowser.showError(Ljava/lang/String;)V+15
j  com.express.servermanagertool.ui.RemoteFileBrowser.lambda$loadDirectory$27(Ljava/lang/Exception;)V+10
j  com.express.servermanagertool.ui.RemoteFileBrowser$$Lambda$939+0x000001e00b39cf28.run()V+8
j  com.sun.javafx.application.PlatformImpl.lambda$runLater$10(Ljava/lang/Runnable;)Ljava/lang/Void;+1
j  com.sun.javafx.application.PlatformImpl$$Lambda$180+0x000001e00b116a08.run()Ljava/lang/Object;+4
J 2800 c1 java.security.AccessController.doPrivileged(Ljava/security/PrivilegedAction;Ljava/security/AccessControlContext;)Ljava/lang/Object; java.base@17.0.12 (17 bytes) @ 0x000001e06d930adc [0x000001e06d930900+0x00000000000001dc]
j  com.sun.javafx.application.PlatformImpl.lambda$runLater$11(Ljava/lang/Runnable;Ljava/security/AccessControlContext;)V+7
j  com.sun.javafx.application.PlatformImpl$$Lambda$179+0x000001e00b113640.run()V+8
J 2931 c1 com.sun.glass.ui.InvokeLaterDispatcher$Future.run()V (91 bytes) @ 0x000001e06d968a94 [0x000001e06d968980+0x0000000000000114]
v  ~StubRoutines::call_stub
j  com.sun.glass.ui.win.WinApplication._enterNestedEventLoopImpl()Ljava/lang/Object;+0
j  com.sun.glass.ui.win.WinApplication._enterNestedEventLoop()Ljava/lang/Object;+15
j  com.sun.glass.ui.Application.enterNestedEventLoop()Ljava/lang/Object;+14
j  com.sun.glass.ui.EventLoop.enter()Ljava/lang/Object;+42
j  com.sun.javafx.tk.quantum.QuantumToolkit.enterNestedEventLoop(Ljava/lang/Object;)Ljava/lang/Object;+98
j  javafx.stage.Stage.showAndWait()V+93
j  javafx.scene.control.HeavyweightDialog.showAndWait()V+22
j  javafx.scene.control.Dialog.showAndWait()Ljava/util/Optional;+86
j  com.express.servermanagertool.ui.RemoteFileBrowser.showError(Ljava/lang/String;)V+15
j  com.express.servermanagertool.ui.RemoteFileBrowser.lambda$loadDirectory$27(Ljava/lang/Exception;)V+10
j  com.express.servermanagertool.ui.RemoteFileBrowser$$Lambda$939+0x000001e00b39cf28.run()V+8
j  com.sun.javafx.application.PlatformImpl.lambda$runLater$10(Ljava/lang/Runnable;)Ljava/lang/Void;+1
j  com.sun.javafx.application.PlatformImpl$$Lambda$180+0x000001e00b116a08.run()Ljava/lang/Object;+4
J 2800 c1 java.security.AccessController.doPrivileged(Ljava/security/PrivilegedAction;Ljava/security/AccessControlContext;)Ljava/lang/Object; java.base@17.0.12 (17 bytes) @ 0x000001e06d930adc [0x000001e06d930900+0x00000000000001dc]
j  com.sun.javafx.application.PlatformImpl.lambda$runLater$11(Ljava/lang/Runnable;Ljava/security/AccessControlContext;)V+7
j  com.sun.javafx.application.PlatformImpl$$Lambda$179+0x000001e00b113640.run()V+8
J 2931 c1 com.sun.glass.ui.InvokeLaterDispatcher$Future.run()V (91 bytes) @ 0x000001e06d968a94 [0x000001e06d968980+0x0000000000000114]
v  ~StubRoutines::call_stub
j  com.sun.glass.ui.win.WinApplication._enterNestedEventLoopImpl()Ljava/lang/Object;+0
j  com.sun.glass.ui.win.WinApplication._enterNestedEventLoop()Ljava/lang/Object;+15
j  com.sun.glass.ui.Application.enterNestedEventLoop()Ljava/lang/Object;+14
j  com.sun.glass.ui.EventLoop.enter()Ljava/lang/Object;+42
j  com.sun.javafx.tk.quantum.QuantumToolkit.enterNestedEventLoop(Ljava/lang/Object;)Ljava/lang/Object;+98
j  javafx.stage.Stage.showAndWait()V+93
j  javafx.scene.control.HeavyweightDialog.showAndWait()V+22
j  javafx.scene.control.Dialog.showAndWait()Ljava/util/Optional;+86
j  com.express.servermanagertool.ui.RemoteFileBrowser.showError(Ljava/lang/String;)V+15
j  com.express.servermanagertool.ui.RemoteFileBrowser.lambda$loadDirectory$27(Ljava/lang/Exception;)V+10
j  com.express.servermanagertool.ui.RemoteFileBrowser$$Lambda$939+0x000001e00b39cf28.run()V+8
j  com.sun.javafx.application.PlatformImpl.lambda$runLater$10(Ljava/lang/Runnable;)Ljava/lang/Void;+1
j  com.sun.javafx.application.PlatformImpl$$Lambda$180+0x000001e00b116a08.run()Ljava/lang/Object;+4
J 2800 c1 java.security.AccessController.doPrivileged(Ljava/security/PrivilegedAction;Ljava/security/AccessControlContext;)Ljava/lang/Object; java.base@17.0.12 (17 bytes) @ 0x000001e06d930adc [0x000001e06d930900+0x00000000000001dc]
j  com.sun.javafx.application.PlatformImpl.lambda$runLater$11(Ljava/lang/Runnable;Ljava/security/AccessControlContext;)V+7
j  com.sun.javafx.application.PlatformImpl$$Lambda$179+0x000001e00b113640.run()V+8
J 2931 c1 com.sun.glass.ui.InvokeLaterDispatcher$Future.run()V (91 bytes) @ 0x000001e06d968a94 [0x000001e06d968980+0x0000000000000114]
v  ~StubRoutines::call_stub
j  com.sun.glass.ui.win.WinApplication._enterNestedEventLoopImpl()Ljava/lang/Object;+0
j  com.sun.glass.ui.win.WinApplication._enterNestedEventLoop()Ljava/lang/Object;+15
j  com.sun.glass.ui.Application.enterNestedEventLoop()Ljava/lang/Object;+14
j  com.sun.glass.ui.EventLoop.enter()Ljava/lang/Object;+42
j  com.sun.javafx.tk.quantum.QuantumToolkit.enterNestedEventLoop(Ljava/lang/Object;)Ljava/lang/Object;+98
j  javafx.stage.Stage.showAndWait()V+93
j  javafx.scene.control.HeavyweightDialog.showAndWait()V+22
j  javafx.scene.control.Dialog.showAndWait()Ljava/util/Optional;+86
j  com.express.servermanagertool.ui.RemoteFileBrowser.showError(Ljava/lang/String;)V+15
j  com.express.servermanagertool.ui.RemoteFileBrowser.lambda$loadDirectory$27(Ljava/lang/Exception;)V+10
j  com.express.servermanagertool.ui.RemoteFileBrowser$$Lambda$939+0x000001e00b39cf28.run()V+8
j  com.sun.javafx.application.PlatformImpl.lambda$runLater$10(Ljava/lang/Runnable;)Ljava/lang/Void;+1
j  com.sun.javafx.application.PlatformImpl$$Lambda$180+0x000001e00b116a08.run()Ljava/lang/Object;+4
J 2800 c1 java.security.AccessController.doPrivileged(Ljava/security/PrivilegedAction;Ljava/security/AccessControlContext;)Ljava/lang/Object; java.base@17.0.12 (17 bytes) @ 0x000001e06d930adc [0x000001e06d930900+0x00000000000001dc]
j  com.sun.javafx.application.PlatformImpl.lambda$runLater$11(Ljava/lang/Runnable;Ljava/security/AccessControlContext;)V+7
j  com.sun.javafx.application.PlatformImpl$$Lambda$179+0x000001e00b113640.run()V+8
J 2931 c1 com.sun.glass.ui.InvokeLaterDispatcher$Future.run()V (91 bytes) @ 0x000001e06d968a94 [0x000001e06d968980+0x0000000000000114]
v  ~StubRoutines::call_stub
j  com.sun.glass.ui.win.WinApplication._enterNestedEventLoopImpl()Ljava/lang/Object;+0
j  com.sun.glass.ui.win.WinApplication._enterNestedEventLoop()Ljava/lang/Object;+15
j  com.sun.glass.ui.Application.enterNestedEventLoop()Ljava/lang/Object;+14
j  com.sun.glass.ui.EventLoop.enter()Ljava/lang/Object;+42
j  com.sun.javafx.tk.quantum.QuantumToolkit.enterNestedEventLoop(Ljava/lang/Object;)Ljava/lang/Object;+98
j  javafx.stage.Stage.showAndWait()V+93
j  javafx.scene.control.HeavyweightDialog.showAndWait()V+22
j  javafx.scene.control.Dialog.showAndWait()Ljava/util/Optional;+86
j  com.express.servermanagertool.ui.RemoteFileBrowser.showError(Ljava/lang/String;)V+15
j  com.express.servermanagertool.ui.RemoteFileBrowser.lambda$loadDirectory$27(Ljava/lang/Exception;)V+10
j  com.express.servermanagertool.ui.RemoteFileBrowser$$Lambda$939+0x000001e00b39cf28.run()V+8
j  com.sun.javafx.application.PlatformImpl.lambda$runLater$10(Ljava/lang/Runnable;)Ljava/lang/Void;+1
j  com.sun.javafx.application.PlatformImpl$$Lambda$180+0x000001e00b116a08.run()Ljava/lang/Object;+4
J 2800 c1 java.security.AccessController.doPrivileged(Ljava/security/PrivilegedAction;Ljava/security/AccessControlContext;)Ljava/lang/Object; java.base@17.0.12 (17 bytes) @ 0x000001e06d930adc [0x000001e06d930900+0x00000000000001dc]
j  com.sun.javafx.application.PlatformImpl.lambda$runLater$11(Ljava/lang/Runnable;Ljava/security/AccessControlContext;)V+7
j  com.sun.javafx.application.PlatformImpl$$Lambda$179+0x000001e00b113640.run()V+8
J 2931 c1 com.sun.glass.ui.InvokeLaterDispatcher$Future.run()V (91 bytes) @ 0x000001e06d968a94 [0x000001e06d968980+0x0000000000000114]
v  ~StubRoutines::call_stub
j  com.sun.glass.ui.win.WinApplication._enterNestedEventLoopImpl()Ljava/lang/Object;+0
j  com.sun.glass.ui.win.WinApplication._enterNestedEventLoop()Ljava/lang/Object;+15
j  com.sun.glass.ui.Application.enterNestedEventLoop()Ljava/lang/Object;+14
j  com.sun.glass.ui.EventLoop.enter()Ljava/lang/Object;+42
j  com.sun.javafx.tk.quantum.QuantumToolkit.enterNestedEventLoop(Ljava/lang/Object;)Ljava/lang/Object;+98
j  javafx.stage.Stage.showAndWait()V+93
j  javafx.scene.control.HeavyweightDialog.showAndWait()V+22
j  javafx.scene.control.Dialog.showAndWait()Ljava/util/Optional;+86
j  com.express.servermanagertool.ui.RemoteFileBrowser.showError(Ljava/lang/String;)V+15
j  com.express.servermanagertool.ui.RemoteFileBrowser.lambda$loadDirectory$27(Ljava/lang/Exception;)V+10
j  com.express.servermanagertool.ui.RemoteFileBrowser$$Lambda$939+0x000001e00b39cf28.run()V+8
j  com.sun.javafx.application.PlatformImpl.lambda$runLater$10(Ljava/lang/Runnable;)Ljava/lang/Void;+1
j  com.sun.javafx.application.PlatformImpl$$Lambda$180+0x000001e00b116a08.run()Ljava/lang/Object;+4
J 2800 c1 java.security.AccessController.doPrivileged(Ljava/security/PrivilegedAction;Ljava/security/AccessControlContext;)Ljava/lang/Object; java.base@17.0.12 (17 bytes) @ 0x000001e06d930adc [0x000001e06d930900+0x00000000000001dc]
j  com.sun.javafx.application.PlatformImpl.lambda$runLater$11(Ljava/lang/Runnable;Ljava/security/AccessControlContext;)V+7
j  com.sun.javafx.application.PlatformImpl$$Lambda$179+0x000001e00b113640.run()V+8
J 2931 c1 com.sun.glass.ui.InvokeLaterDispatcher$Future.run()V (91 bytes) @ 0x000001e06d968a94 [0x000001e06d968980+0x0000000000000114]
v  ~StubRoutines::call_stub
j  com.sun.glass.ui.win.WinApplication._enterNestedEventLoopImpl()Ljava/lang/Object;+0
j  com.sun.glass.ui.win.WinApplication._enterNestedEventLoop()Ljava/lang/Object;+15
j  com.sun.glass.ui.Application.enterNestedEventLoop()Ljava/lang/Object;+14
j  com.sun.glass.ui.EventLoop.enter()Ljava/lang/Object;+42
j  com.sun.javafx.tk.quantum.QuantumToolkit.enterNestedEventLoop(Ljava/lang/Object;)Ljava/lang/Object;+98
j  javafx.stage.Stage.showAndWait()V+93
j  javafx.scene.control.HeavyweightDialog.showAndWait()V+22
j  javafx.scene.control.Dialog.showAndWait()Ljava/util/Optional;+86
j  com.express.servermanagertool.ui.RemoteFileBrowser.showError(Ljava/lang/String;)V+15
j  com.express.servermanagertool.ui.RemoteFileBrowser.lambda$loadDirectory$27(Ljava/lang/Exception;)V+10
j  com.express.servermanagertool.ui.RemoteFileBrowser$$Lambda$939+0x000001e00b39cf28.run()V+8
j  com.sun.javafx.application.PlatformImpl.lambda$runLater$10(Ljava/lang/Runnable;)Ljava/lang/Void;+1
j  com.sun.javafx.application.PlatformImpl$$Lambda$180+0x000001e00b116a08.run()Ljava/lang/Object;+4
J 2800 c1 java.security.AccessController.doPrivileged(Ljava/security/PrivilegedAction;Ljava/security/AccessControlContext;)Ljava/lang/Object; java.base@17.0.12 (17 bytes) @ 0x000001e06d930adc [0x000001e06d930900+0x00000000000001dc]
j  com.sun.javafx.application.PlatformImpl.lambda$runLater$11(Ljava/lang/Runnable;Ljava/security/AccessControlContext;)V+7
j  com.sun.javafx.application.PlatformImpl$$Lambda$179+0x000001e00b113640.run()V+8
J 2931 c1 com.sun.glass.ui.InvokeLaterDispatcher$Future.run()V (91 bytes) @ 0x000001e06d968a94 [0x000001e06d968980+0x0000000000000114]
v  ~StubRoutines::call_stub
j  com.sun.glass.ui.win.WinApplication._enterNestedEventLoopImpl()Ljava/lang/Object;+0
j  com.sun.glass.ui.win.WinApplication._enterNestedEventLoop()Ljava/lang/Object;+15
j  com.sun.glass.ui.Application.enterNestedEventLoop()Ljava/lang/Object;+14
j  com.sun.glass.ui.EventLoop.enter()Ljava/lang/Object;+42
j  com.sun.javafx.tk.quantum.QuantumToolkit.enterNestedEventLoop(Ljava/lang/Object;)Ljava/lang/Object;+98
j  javafx.stage.Stage.showAndWait()V+93
j  javafx.scene.control.HeavyweightDialog.showAndWait()V+22
j  javafx.scene.control.Dialog.showAndWait()Ljava/util/Optional;+86
j  com.express.servermanagertool.ui.RemoteFileBrowser.showError(Ljava/lang/String;)V+15
j  com.express.servermanagertool.ui.RemoteFileBrowser.lambda$loadDirectory$27(Ljava/lang/Exception;)V+10
j  com.express.servermanagertool.ui.RemoteFileBrowser$$Lambda$939+0x000001e00b39cf28.run()V+8
j  com.sun.javafx.application.PlatformImpl.lambda$runLater$10(Ljava/lang/Runnable;)Ljava/lang/Void;+1
j  com.sun.javafx.application.PlatformImpl$$Lambda$180+0x000001e00b116a08.run()Ljava/lang/Object;+4
J 2800 c1 java.security.AccessController.doPrivileged(Ljava/security/PrivilegedAction;Ljava/security/AccessControlContext;)Ljava/lang/Object; java.base@17.0.12 (17 bytes) @ 0x000001e06d930adc [0x000001e06d930900+0x00000000000001dc]
j  com.sun.javafx.application.PlatformImpl.lambda$runLater$11(Ljava/lang/Runnable;Ljava/security/AccessControlContext;)V+7
j  com.sun.javafx.application.PlatformImpl$$Lambda$179+0x000001e00b113640.run()V+8
J 2931 c1 com.sun.glass.ui.InvokeLaterDispatcher$Future.run()V (91 bytes) @ 0x000001e06d968a94 [0x000001e06d968980+0x0000000000000114]
v  ~StubRoutines::call_stub
j  com.sun.glass.ui.win.WinApplication._enterNestedEventLoopImpl()Ljava/lang/Object;+0
j  com.sun.glass.ui.win.WinApplication._enterNestedEventLoop()Ljava/lang/Object;+15
j  com.sun.glass.ui.Application.enterNestedEventLoop()Ljava/lang/Object;+14
j  com.sun.glass.ui.EventLoop.enter()Ljava/lang/Object;+42
j  com.sun.javafx.tk.quantum.QuantumToolkit.enterNestedEventLoop(Ljava/lang/Object;)Ljava/lang/Object;+98
j  javafx.stage.Stage.showAndWait()V+93
j  javafx.scene.control.HeavyweightDialog.showAndWait()V+22
j  javafx.scene.control.Dialog.showAndWait()Ljava/util/Optional;+86
j  com.express.servermanagertool.ui.RemoteFileBrowser.showError(Ljava/lang/String;)V+15
j  com.express.servermanagertool.ui.RemoteFileBrowser.lambda$loadDirectory$27(Ljava/lang/Exception;)V+10
j  com.express.servermanagertool.ui.RemoteFileBrowser$$Lambda$939+0x000001e00b39cf28.run()V+8
j  com.sun.javafx.application.PlatformImpl.lambda$runLater$10(Ljava/lang/Runnable;)Ljava/lang/Void;+1
j  com.sun.javafx.application.PlatformImpl$$Lambda$180+0x000001e00b116a08.run()Ljava/lang/Object;+4
J 2800 c1 java.security.AccessController.doPrivileged(Ljava/security/PrivilegedAction;Ljava/security/AccessControlContext;)Ljava/lang/Object; java.base@17.0.12 (17 bytes) @ 0x000001e06d930adc [0x000001e06d930900+0x00000000000001dc]
j  com.sun.javafx.application.PlatformImpl.lambda$runLater$11(Ljava/lang/Runnable;Ljava/security/AccessControlContext;)V+7
j  com.sun.javafx.application.PlatformImpl$$Lambda$179+0x000001e00b113640.run()V+8
J 2931 c1 com.sun.glass.ui.InvokeLaterDispatcher$Future.run()V (91 bytes) @ 0x000001e06d968a94 [0x000001e06d968980+0x0000000000000114]
v  ~StubRoutines::call_stub
j  com.sun.glass.ui.win.WinApplication._enterNestedEventLoopImpl()Ljava/lang/Object;+0
j  com.sun.glass.ui.win.WinApplication._enterNestedEventLoop()Ljava/lang/Object;+15
j  com.sun.glass.ui.Application.enterNestedEventLoop()Ljava/lang/Object;+14
j  com.sun.glass.ui.EventLoop.enter()Ljava/lang/Object;+42
j  com.sun.javafx.tk.quantum.QuantumToolkit.enterNestedEventLoop(Ljava/lang/Object;)Ljava/lang/Object;+98
j  javafx.stage.Stage.showAndWait()V+93
j  javafx.scene.control.HeavyweightDialog.showAndWait()V+22
j  javafx.scene.control.Dialog.showAndWait()Ljava/util/Optional;+86
j  com.express.servermanagertool.ui.RemoteFileBrowser.showError(Ljava/lang/String;)V+15
j  com.express.servermanagertool.ui.RemoteFileBrowser.lambda$loadDirectory$27(Ljava/lang/Exception;)V+10
j  com.express.servermanagertool.ui.RemoteFileBrowser$$Lambda$939+0x000001e00b39cf28.run()V+8
j  com.sun.javafx.application.PlatformImpl.lambda$runLater$10(Ljava/lang/Runnable;)Ljava/lang/Void;+1
j  com.sun.javafx.application.PlatformImpl$$Lambda$180+0x000001e00b116a08.run()Ljava/lang/Object;+4
J 2800 c1 java.security.AccessController.doPrivileged(Ljava/security/PrivilegedAction;Ljava/security/AccessControlContext;)Ljava/lang/Object; java.base@17.0.12 (17 bytes) @ 0x000001e06d930adc [0x000001e06d930900+0x00000000000001dc]
j  com.sun.javafx.application.PlatformImpl.lambda$runLater$11(Ljava/lang/Runnable;Ljava/security/AccessControlContext;)V+7
j  com.sun.javafx.application.PlatformImpl$$Lambda$179+0x000001e00b113640.run()V+8
J 2931 c1 com.sun.glass.ui.InvokeLaterDispatcher$Future.run()V (91 bytes) @ 0x000001e06d968a94 [0x000001e06d968980+0x0000000000000114]
v  ~StubRoutines::call_stub
j  com.sun.glass.ui.win.WinApplication._enterNestedEventLoopImpl()Ljava/lang/Object;+0
j  com.sun.glass.ui.win.WinApplication._enterNestedEventLoop()Ljava/lang/Object;+15
j  com.sun.glass.ui.Application.enterNestedEventLoop()Ljava/lang/Object;+14
j  com.sun.glass.ui.EventLoop.enter()Ljava/lang/Object;+42
j  com.sun.javafx.tk.quantum.QuantumToolkit.enterNestedEventLoop(Ljava/lang/Object;)Ljava/lang/Object;+98
j  javafx.stage.Stage.showAndWait()V+93
j  javafx.scene.control.HeavyweightDialog.showAndWait()V+22
j  javafx.scene.control.Dialog.showAndWait()Ljava/util/Optional;+86
j  com.express.servermanagertool.ui.RemoteFileBrowser.showError(Ljava/lang/String;)V+15
j  com.express.servermanagertool.ui.RemoteFileBrowser.lambda$loadDirectory$27(Ljava/lang/Exception;)V+10
j  com.express.servermanagertool.ui.RemoteFileBrowser$$Lambda$939+0x000001e00b39cf28.run()V+8
j  com.sun.javafx.application.PlatformImpl.lambda$runLater$10(Ljava/lang/Runnable;)Ljava/lang/Void;+1
j  com.sun.javafx.application.PlatformImpl$$Lambda$180+0x000001e00b116a08.run()Ljava/lang/Object;+4
J 2800 c1 java.security.AccessController.doPrivileged(Ljava/security/PrivilegedAction;Ljava/security/AccessControlContext;)Ljava/lang/Object; java.base@17.0.12 (17 bytes) @ 0x000001e06d930adc [0x000001e06d930900+0x00000000000001dc]
j  com.sun.javafx.application.PlatformImpl.lambda$runLater$11(Ljava/lang/Runnable;Ljava/security/AccessControlContext;)V+7
j  com.sun.javafx.application.PlatformImpl$$Lambda$179+0x000001e00b113640.run()V+8
J 2931 c1 com.sun.glass.ui.InvokeLaterDispatcher$Future.run()V (91 bytes) @ 0x000001e06d968a94 [0x000001e06d968980+0x0000000000000114]
v  ~StubRoutines::call_stub
j  com.sun.glass.ui.win.WinApplication._enterNestedEventLoopImpl()Ljava/lang/Object;+0
j  com.sun.glass.ui.win.WinApplication._enterNestedEventLoop()Ljava/lang/Object;+15
j  com.sun.glass.ui.Application.enterNestedEventLoop()Ljava/lang/Object;+14
j  com.sun.glass.ui.EventLoop.enter()Ljava/lang/Object;+42
j  com.sun.javafx.tk.quantum.QuantumToolkit.enterNestedEventLoop(Ljava/lang/Object;)Ljava/lang/Object;+98
j  javafx.stage.Stage.showAndWait()V+93
j  javafx.scene.control.HeavyweightDialog.showAndWait()V+22
j  javafx.scene.control.Dialog.showAndWait()Ljava/util/Optional;+86
j  com.express.servermanagertool.ui.RemoteFileBrowser.showError(Ljava/lang/String;)V+15
j  com.express.servermanagertool.ui.RemoteFileBrowser.lambda$loadDirectory$27(Ljava/lang/Exception;)V+10
j  com.express.servermanagertool.ui.RemoteFileBrowser$$Lambda$939+0x000001e00b39cf28.run()V+8
j  com.sun.javafx.application.PlatformImpl.lambda$runLater$10(Ljava/lang/Runnable;)Ljava/lang/Void;+1
j  com.sun.javafx.application.PlatformImpl$$Lambda$180+0x000001e00b116a08.run()Ljava/lang/Object;+4
J 2800 c1 java.security.AccessController.doPrivileged(Ljava/security/PrivilegedAction;Ljava/security/AccessControlContext;)Ljava/lang/Object; java.base@17.0.12 (17 bytes) @ 0x000001e06d930adc [0x000001e06d930900+0x00000000000001dc]
j  com.sun.javafx.application.PlatformImpl.lambda$runLater$11(Ljava/lang/Runnable;Ljava/security/AccessControlContext;)V+7
j  com.sun.javafx.application.PlatformImpl$$Lambda$179+0x000001e00b113640.run()V+8
J 2931 c1 com.sun.glass.ui.InvokeLaterDispatcher$Future.run()V (91 bytes) @ 0x000001e06d968a94 [0x000001e06d968980+0x0000000000000114]
v  ~StubRoutines::call_stub
j  com.sun.glass.ui.win.WinApplication._enterNestedEventLoopImpl()Ljava/lang/Object;+0
j  com.sun.glass.ui.win.WinApplication._enterNestedEventLoop()Ljava/lang/Object;+15
j  com.sun.glass.ui.Application.enterNestedEventLoop()Ljava/lang/Object;+14
j  com.sun.glass.ui.EventLoop.enter()Ljava/lang/Object;+42
j  com.sun.javafx.tk.quantum.QuantumToolkit.enterNestedEventLoop(Ljava/lang/Object;)Ljava/lang/Object;+98
j  javafx.stage.Stage.showAndWait()V+93
j  javafx.scene.control.HeavyweightDialog.showAndWait()V+22
j  javafx.scene.control.Dialog.showAndWait()Ljava/util/Optional;+86
j  com.express.servermanagertool.ui.RemoteFileBrowser.showError(Ljava/lang/String;)V+15
j  com.express.servermanagertool.ui.RemoteFileBrowser.lambda$loadDirectory$27(Ljava/lang/Exception;)V+10
j  com.express.servermanagertool.ui.RemoteFileBrowser$$Lambda$939+0x000001e00b39cf28.run()V+8
j  com.sun.javafx.application.PlatformImpl.lambda$runLater$10(Ljava/lang/Runnable;)Ljava/lang/Void;+1
j  com.sun.javafx.application.PlatformImpl$$Lambda$180+0x000001e00b116a08.run()Ljava/lang/Object;+4
J 2800 c1 java.security.AccessController.doPrivileged(Ljava/security/PrivilegedAction;Ljava/security/AccessControlContext;)Ljava/lang/Object; java.base@17.0.12 (17 bytes) @ 0x000001e06d930adc [0x000001e06d930900+0x00000000000001dc]
j  com.sun.javafx.application.PlatformImpl.lambda$runLater$11(Ljava/lang/Runnable;Ljava/security/AccessControlContext;)V+7
j  com.sun.javafx.application.PlatformImpl$$Lambda$179+0x000001e00b113640.run()V+8
J 2931 c1 com.sun.glass.ui.InvokeLaterDispatcher$Future.run()V (91 bytes) @ 0x000001e06d968a94 [0x000001e06d968980+0x0000000000000114]
v  ~StubRoutines::call_stub
j  com.sun.glass.ui.win.WinApplication._enterNestedEventLoopImpl()Ljava/lang/Object;+0
j  com.sun.glass.ui.win.WinApplication._enterNestedEventLoop()Ljava/lang/Object;+15
j  com.sun.glass.ui.Application.enterNestedEventLoop()Ljava/lang/Object;+14
j  com.sun.glass.ui.EventLoop.enter()Ljava/lang/Object;+42
j  com.sun.javafx.tk.quantum.QuantumToolkit.enterNestedEventLoop(Ljava/lang/Object;)Ljava/lang/Object;+98
j  javafx.stage.Stage.showAndWait()V+93
j  javafx.scene.control.HeavyweightDialog.showAndWait()V+22
j  javafx.scene.control.Dialog.showAndWait()Ljava/util/Optional;+86
j  com.express.servermanagertool.ui.RemoteFileBrowser.showError(Ljava/lang/String;)V+15
j  com.express.servermanagertool.ui.RemoteFileBrowser.lambda$loadDirectory$27(Ljava/lang/Exception;)V+10
j  com.express.servermanagertool.ui.RemoteFileBrowser$$Lambda$939+0x000001e00b39cf28.run()V+8
j  com.sun.javafx.application.PlatformImpl.lambda$runLater$10(Ljava/lang/Runnable;)Ljava/lang/Void;+1
j  com.sun.javafx.application.PlatformImpl$$Lambda$180+0x000001e00b116a08.run()Ljava/lang/Object;+4
J 2800 c1 java.security.AccessController.doPrivileged(Ljava/security/PrivilegedAction;Ljava/security/AccessControlContext;)Ljava/lang/Object; java.base@17.0.12 (17 bytes) @ 0x000001e06d930adc [0x000001e06d930900+0x00000000000001dc]
j  com.sun.javafx.application.PlatformImpl.lambda$runLater$11(Ljava/lang/Runnable;Ljava/security/AccessControlContext;)V+7
j  com.sun.javafx.application.PlatformImpl$$Lambda$179+0x000001e00b113640.run()V+8
J 2931 c1 com.sun.glass.ui.InvokeLaterDispatcher$Future.run()V (91 bytes) @ 0x000001e06d968a94 [0x000001e06d968980+0x0000000000000114]
v  ~StubRoutines::call_stub
j  com.sun.glass.ui.win.WinApplication._enterNestedEventLoopImpl()Ljava/lang/Object;+0
j  com.sun.glass.ui.win.WinApplication._enterNestedEventLoop()Ljava/lang/Object;+15
j  com.sun.glass.ui.Application.enterNestedEventLoop()Ljava/lang/Object;+14
j  com.sun.glass.ui.EventLoop.enter()Ljava/lang/Object;+42
j  com.sun.javafx.tk.quantum.QuantumToolkit.enterNestedEventLoop(Ljava/lang/Object;)Ljava/lang/Object;+98
j  javafx.stage.Stage.showAndWait()V+93
j  javafx.scene.control.HeavyweightDialog.showAndWait()V+22
j  javafx.scene.control.Dialog.showAndWait()Ljava/util/Optional;+86
j  com.express.servermanagertool.ui.RemoteFileBrowser.showError(Ljava/lang/String;)V+15
j  com.express.servermanagertool.ui.RemoteFileBrowser.lambda$loadDirectory$27(Ljava/lang/Exception;)V+10
j  com.express.servermanagertool.ui.RemoteFileBrowser$$Lambda$939+0x000001e00b39cf28.run()V+8
j  com.sun.javafx.application.PlatformImpl.lambda$runLater$10(Ljava/lang/Runnable;)Ljava/lang/Void;+1
j  com.sun.javafx.application.PlatformImpl$$Lambda$180+0x000001e00b116a08.run()Ljava/lang/Object;+4
J 2800 c1 java.security.AccessController.doPrivileged(Ljava/security/PrivilegedAction;Ljava/security/AccessControlContext;)Ljava/lang/Object; java.base@17.0.12 (17 bytes) @ 0x000001e06d930adc [0x000001e06d930900+0x00000000000001dc]
j  com.sun.javafx.application.PlatformImpl.lambda$runLater$11(Ljava/lang/Runnable;Ljava/security/AccessControlContext;)V+7
j  com.sun.javafx.application.PlatformImpl$$Lambda$179+0x000001e00b113640.run()V+8
J 2931 c1 com.sun.glass.ui.InvokeLaterDispatcher$Future.run()V (91 bytes) @ 0x000001e06d968a94 [0x000001e06d968980+0x0000000000000114]
v  ~StubRoutines::call_stub
j  com.sun.glass.ui.win.WinApplication._enterNestedEventLoopImpl()Ljava/lang/Object;+0
j  com.sun.glass.ui.win.WinApplication._enterNestedEventLoop()Ljava/lang/Object;+15
j  com.sun.glass.ui.Application.enterNestedEventLoop()Ljava/lang/Object;+14
j  com.sun.glass.ui.EventLoop.enter()Ljava/lang/Object;+42
j  com.sun.javafx.tk.quantum.QuantumToolkit.enterNestedEventLoop(Ljava/lang/Object;)Ljava/lang/Object;+98
j  javafx.stage.Stage.showAndWait()V+93
j  javafx.scene.control.HeavyweightDialog.showAndWait()V+22
j  javafx.scene.control.Dialog.showAndWait()Ljava/util/Optional;+86
j  com.express.servermanagertool.ui.RemoteFileBrowser.showError(Ljava/lang/String;)V+15
j  com.express.servermanagertool.ui.RemoteFileBrowser.lambda$loadDirectory$27(Ljava/lang/Exception;)V+10
j  com.express.servermanagertool.ui.RemoteFileBrowser$$Lambda$939+0x000001e00b39cf28.run()V+8
j  com.sun.javafx.application.PlatformImpl.lambda$runLater$10(Ljava/lang/Runnable;)Ljava/lang/Void;+1
j  com.sun.javafx.application.PlatformImpl$$Lambda$180+0x000001e00b116a08.run()Ljava/lang/Object;+4
J 2800 c1 java.security.AccessController.doPrivileged(Ljava/security/PrivilegedAction;Ljava/security/AccessControlContext;)Ljava/lang/Object; java.base@17.0.12 (17 bytes) @ 0x000001e06d930adc [0x000001e06d930900+0x00000000000001dc]
j  com.sun.javafx.application.PlatformImpl.lambda$runLater$11(Ljava/lang/Runnable;Ljava/security/AccessControlContext;)V+7
j  com.sun.javafx.application.PlatformImpl$$Lambda$179+0x000001e00b113640.run()V+8
J 2931 c1 com.sun.glass.ui.InvokeLaterDispatcher$Future.run()V (91 bytes) @ 0x000001e06d968a94 [0x000001e06d968980+0x0000000000000114]
v  ~StubRoutines::call_stub
j  com.sun.glass.ui.win.WinApplication._enterNestedEventLoopImpl()Ljava/lang/Object;+0
j  com.sun.glass.ui.win.WinApplication._enterNestedEventLoop()Ljava/lang/Object;+15
j  com.sun.glass.ui.Application.enterNestedEventLoop()Ljava/lang/Object;+14
j  com.sun.glass.ui.EventLoop.enter()Ljava/lang/Object;+42
j  com.sun.javafx.tk.quantum.QuantumToolkit.enterNestedEventLoop(Ljava/lang/Object;)Ljava/lang/Object;+98
j  javafx.stage.Stage.showAndWait()V+93
j  javafx.scene.control.HeavyweightDialog.showAndWait()V+22
j  javafx.scene.control.Dialog.showAndWait()Ljava/util/Optional;+86
j  com.express.servermanagertool.ui.RemoteFileBrowser.showError(Ljava/lang/String;)V+15
j  com.express.servermanagertool.ui.RemoteFileBrowser.lambda$loadDirectory$27(Ljava/lang/Exception;)V+10
j  com.express.servermanagertool.ui.RemoteFileBrowser$$Lambda$939+0x000001e00b39cf28.run()V+8
j  com.sun.javafx.application.PlatformImpl.lambda$runLater$10(Ljava/lang/Runnable;)Ljava/lang/Void;+1
j  com.sun.javafx.application.PlatformImpl$$Lambda$180+0x000001e00b116a08.run()Ljava/lang/Object;+4
J 2800 c1 java.security.AccessController.doPrivileged(Ljava/security/PrivilegedAction;Ljava/security/AccessControlContext;)Ljava/lang/Object; java.base@17.0.12 (17 bytes) @ 0x000001e06d930adc [0x000001e06d930900+0x00000000000001dc]
j  com.sun.javafx.application.PlatformImpl.lambda$runLater$11(Ljava/lang/Runnable;Ljava/security/AccessControlContext;)V+7
j  com.sun.javafx.application.PlatformImpl$$Lambda$179+0x000001e00b113640.run()V+8
J 2931 c1 com.sun.glass.ui.InvokeLaterDispatcher$Future.run()V (91 bytes) @ 0x000001e06d968a94 [0x000001e06d968980+0x0000000000000114]
v  ~StubRoutines::call_stub
j  com.sun.glass.ui.win.WinApplication._enterNestedEventLoopImpl()Ljava/lang/Object;+0
j  com.sun.glass.ui.win.WinApplication._enterNestedEventLoop()Ljava/lang/Object;+15
j  com.sun.glass.ui.Application.enterNestedEventLoop()Ljava/lang/Object;+14
j  com.sun.glass.ui.EventLoop.enter()Ljava/lang/Object;+42
j  com.sun.javafx.tk.quantum.QuantumToolkit.enterNestedEventLoop(Ljava/lang/Object;)Ljava/lang/Object;+98
j  javafx.stage.Stage.showAndWait()V+93
j  javafx.scene.control.HeavyweightDialog.showAndWait()V+22
j  javafx.scene.control.Dialog.showAndWait()Ljava/util/Optional;+86
j  com.express.servermanagertool.ui.RemoteFileBrowser.showError(Ljava/lang/String;)V+15
j  com.express.servermanagertool.ui.RemoteFileBrowser.lambda$loadDirectory$27(Ljava/lang/Exception;)V+10
j  com.express.servermanagertool.ui.RemoteFileBrowser$$Lambda$939+0x000001e00b39cf28.run()V+8
j  com.sun.javafx.application.PlatformImpl.lambda$runLater$10(Ljava/lang/Runnable;)Ljava/lang/Void;+1
j  com.sun.javafx.application.PlatformImpl$$Lambda$180+0x000001e00b116a08.run()Ljava/lang/Object;+4
J 2800 c1 java.security.AccessController.doPrivileged(Ljava/security/PrivilegedAction;Ljava/security/AccessControlContext;)Ljava/lang/Object; java.base@17.0.12 (17 bytes) @ 0x000001e06d930adc [0x000001e06d930900+0x00000000000001dc]
j  com.sun.javafx.application.PlatformImpl.lambda$runLater$11(Ljava/lang/Runnable;Ljava/security/AccessControlContext;)V+7
j  com.sun.javafx.application.PlatformImpl$$Lambda$179+0x000001e00b113640.run()V+8
J 2931 c1 com.sun.glass.ui.InvokeLaterDispatcher$Future.run()V (91 bytes) @ 0x000001e06d968a94 [0x000001e06d968980+0x0000000000000114]
v  ~StubRoutines::call_stub
j  com.sun.glass.ui.win.WinApplication._enterNestedEventLoopImpl()Ljava/lang/Object;+0
j  com.sun.glass.ui.win.WinApplication._enterNestedEventLoop()Ljava/lang/Object;+15
j  com.sun.glass.ui.Application.enterNestedEventLoop()Ljava/lang/Object;+14
j  com.sun.glass.ui.EventLoop.enter()Ljava/lang/Object;+42
j  com.sun.javafx.tk.quantum.QuantumToolkit.enterNestedEventLoop(Ljava/lang/Object;)Ljava/lang/Object;+98
j  javafx.stage.Stage.showAndWait()V+93
j  javafx.scene.control.HeavyweightDialog.showAndWait()V+22
j  javafx.scene.control.Dialog.showAndWait()Ljava/util/Optional;+86
j  com.express.servermanagertool.ui.RemoteFileBrowser.showError(Ljava/lang/String;)V+15
j  com.express.servermanagertool.ui.RemoteFileBrowser.lambda$loadDirectory$27(Ljava/lang/Exception;)V+10
j  com.express.servermanagertool.ui.RemoteFileBrowser$$Lambda$939+0x000001e00b39cf28.run()V+8
j  com.sun.javafx.application.PlatformImpl.lambda$runLater$10(Ljava/lang/Runnable;)Ljava/lang/Void;+1
j  com.sun.javafx.application.PlatformImpl$$Lambda$180+0x000001e00b116a08.run()Ljava/lang/Object;+4
J 2800 c1 java.security.AccessController.doPrivileged(Ljava/security/PrivilegedAction;Ljava/security/AccessControlContext;)Ljava/lang/Object; java.base@17.0.12 (17 bytes) @ 0x000001e06d930adc [0x000001e06d930900+0x00000000000001dc]
j  com.sun.javafx.application.PlatformImpl.lambda$runLater$11(Ljava/lang/Runnable;Ljava/security/AccessControlContext;)V+7
j  com.sun.javafx.application.PlatformImpl$$Lambda$179+0x000001e00b113640.run()V+8
J 2931 c1 com.sun.glass.ui.InvokeLaterDispatcher$Future.run()V (91 bytes) @ 0x000001e06d968a94 [0x000001e06d968980+0x0000000000000114]
v  ~StubRoutines::call_stub
j  com.sun.glass.ui.win.WinApplication._enterNestedEventLoopImpl()Ljava/lang/Object;+0
j  com.sun.glass.ui.win.WinApplication._enterNestedEventLoop()Ljava/lang/Object;+15
j  com.sun.glass.ui.Application.enterNestedEventLoop()Ljava/lang/Object;+14
j  com.sun.glass.ui.EventLoop.enter()Ljava/lang/Object;+42
j  com.sun.javafx.tk.quantum.QuantumToolkit.enterNestedEventLoop(Ljava/lang/Object;)Ljava/lang/Object;+98
j  javafx.stage.Stage.showAndWait()V+93
j  javafx.scene.control.HeavyweightDialog.showAndWait()V+22
j  javafx.scene.control.Dialog.showAndWait()Ljava/util/Optional;+86
j  com.express.servermanagertool.ui.RemoteFileBrowser.showError(Ljava/lang/String;)V+15
j  com.express.servermanagertool.ui.RemoteFileBrowser.lambda$loadDirectory$27(Ljava/lang/Exception;)V+10
j  com.express.servermanagertool.ui.RemoteFileBrowser$$Lambda$939+0x000001e00b39cf28.run()V+8
j  com.sun.javafx.application.PlatformImpl.lambda$runLater$10(Ljava/lang/Runnable;)Ljava/lang/Void;+1
j  com.sun.javafx.application.PlatformImpl$$Lambda$180+0x000001e00b116a08.run()Ljava/lang/Object;+4
J 2800 c1 java.security.AccessController.doPrivileged(Ljava/security/PrivilegedAction;Ljava/security/AccessControlContext;)Ljava/lang/Object; java.base@17.0.12 (17 bytes) @ 0x000001e06d930adc [0x000001e06d930900+0x00000000000001dc]
j  com.sun.javafx.application.PlatformImpl.lambda$runLater$11(Ljava/lang/Runnable;Ljava/security/AccessControlContext;)V+7
j  com.sun.javafx.application.PlatformImpl$$Lambda$179+0x000001e00b113640.run()V+8
J 2931 c1 com.sun.glass.ui.InvokeLaterDispatcher$Future.run()V (91 bytes) @ 0x000001e06d968a94 [0x000001e06d968980+0x0000000000000114]
v  ~StubRoutines::call_stub
j  com.sun.glass.ui.win.WinApplication._enterNestedEventLoopImpl()Ljava/lang/Object;+0
j  com.sun.glass.ui.win.WinApplication._enterNestedEventLoop()Ljava/lang/Object;+15
j  com.sun.glass.ui.Application.enterNestedEventLoop()Ljava/lang/Object;+14
j  com.sun.glass.ui.EventLoop.enter()Ljava/lang/Object;+42
j  com.sun.javafx.tk.quantum.QuantumToolkit.enterNestedEventLoop(Ljava/lang/Object;)Ljava/lang/Object;+98
j  javafx.stage.Stage.showAndWait()V+93
j  javafx.scene.control.HeavyweightDialog.showAndWait()V+22
j  javafx.scene.control.Dialog.showAndWait()Ljava/util/Optional;+86
j  com.express.servermanagertool.ui.RemoteFileBrowser.showError(Ljava/lang/String;)V+15
j  com.express.servermanagertool.ui.RemoteFileBrowser.lambda$loadDirectory$27(Ljava/lang/Exception;)V+10
j  com.express.servermanagertool.ui.RemoteFileBrowser$$Lambda$939+0x000001e00b39cf28.run()V+8
j  com.sun.javafx.application.PlatformImpl.lambda$runLater$10(Ljava/lang/Runnable;)Ljava/lang/Void;+1
j  com.sun.javafx.application.PlatformImpl$$Lambda$180+0x000001e00b116a08.run()Ljava/lang/Object;+4
J 2800 c1 java.security.AccessController.doPrivileged(Ljava/security/PrivilegedAction;Ljava/security/AccessControlContext;)Ljava/lang/Object; java.base@17.0.12 (17 bytes) @ 0x000001e06d930adc [0x000001e06d930900+0x00000000000001dc]
j  com.sun.javafx.application.PlatformImpl.lambda$runLater$11(Ljava/lang/Runnable;Ljava/security/AccessControlContext;)V+7
j  com.sun.javafx.application.PlatformImpl$$Lambda$179+0x000001e00b113640.run()V+8
J 2931 c1 com.sun.glass.ui.InvokeLaterDispatcher$Future.run()V (91 bytes) @ 0x000001e06d968a94 [0x000001e06d968980+0x0000000000000114]
v  ~StubRoutines::call_stub
j  com.sun.glass.ui.win.WinApplication._enterNestedEventLoopImpl()Ljava/lang/Object;+0
j  com.sun.glass.ui.win.WinApplication._enterNestedEventLoop()Ljava/lang/Object;+15
j  com.sun.glass.ui.Application.enterNestedEventLoop()Ljava/lang/Object;+14
j  com.sun.glass.ui.EventLoop.enter()Ljava/lang/Object;+42
j  com.sun.javafx.tk.quantum.QuantumToolkit.enterNestedEventLoop(Ljava/lang/Object;)Ljava/lang/Object;+98
j  javafx.stage.Stage.showAndWait()V+93
j  javafx.scene.control.HeavyweightDialog.showAndWait()V+22
j  javafx.scene.control.Dialog.showAndWait()Ljava/util/Optional;+86
j  com.express.servermanagertool.ui.RemoteFileBrowser.showError(Ljava/lang/String;)V+15
j  com.express.servermanagertool.ui.RemoteFileBrowser.lambda$loadDirectory$27(Ljava/lang/Exception;)V+10
j  com.express.servermanagertool.ui.RemoteFileBrowser$$Lambda$939+0x000001e00b39cf28.run()V+8
j  com.sun.javafx.application.PlatformImpl.lambda$runLater$10(Ljava/lang/Runnable;)Ljava/lang/Void;+1
j  com.sun.javafx.application.PlatformImpl$$Lambda$180+0x000001e00b116a08.run()Ljava/lang/Object;+4
J 2800 c1 java.security.AccessController.doPrivileged(Ljava/security/PrivilegedAction;Ljava/security/AccessControlContext;)Ljava/lang/Object; java.base@17.0.12 (17 bytes) @ 0x000001e06d930adc [0x000001e06d930900+0x00000000000001dc]
j  com.sun.javafx.application.PlatformImpl.lambda$runLater$11(Ljava/lang/Runnable;Ljava/security/AccessControlContext;)V+7
j  com.sun.javafx.application.PlatformImpl$$Lambda$179+0x000001e00b113640.run()V+8
J 2931 c1 com.sun.glass.ui.InvokeLaterDispatcher$Future.run()V (91 bytes) @ 0x000001e06d968a94 [0x000001e06d968980+0x0000000000000114]
v  ~StubRoutines::call_stub
j  com.sun.glass.ui.win.WinApplication._enterNestedEventLoopImpl()Ljava/lang/Object;+0
j  com.sun.glass.ui.win.WinApplication._enterNestedEventLoop()Ljava/lang/Object;+15
j  com.sun.glass.ui.Application.enterNestedEventLoop()Ljava/lang/Object;+14
j  com.sun.glass.ui.EventLoop.enter()Ljava/lang/Object;+42
j  com.sun.javafx.tk.quantum.QuantumToolkit.enterNestedEventLoop(Ljava/lang/Object;)Ljava/lang/Object;+98
j  javafx.stage.Stage.showAndWait()V+93
j  javafx.scene.control.HeavyweightDialog.showAndWait()V+22
j  javafx.scene.control.Dialog.showAndWait()Ljava/util/Optional;+86
j  com.express.servermanagertool.ui.RemoteFileBrowser.showError(Ljava/lang/String;)V+15
j  com.express.servermanagertool.ui.RemoteFileBrowser.lambda$loadDirectory$27(Ljava/lang/Exception;)V+10
j  com.express.servermanagertool.ui.RemoteFileBrowser$$Lambda$939+0x000001e00b39cf28.run()V+8
j  com.sun.javafx.application.PlatformImpl.lambda$runLater$10(Ljava/lang/Runnable;)Ljava/lang/Void;+1
j  com.sun.javafx.application.PlatformImpl$$Lambda$180+0x000001e00b116a08.run()Ljava/lang/Object;+4
J 2800 c1 java.security.AccessController.doPrivileged(Ljava/security/PrivilegedAction;Ljava/security/AccessControlContext;)Ljava/lang/Object; java.base@17.0.12 (17 bytes) @ 0x000001e06d930adc [0x000001e06d930900+0x00000000000001dc]
j  com.sun.javafx.application.PlatformImpl.lambda$runLater$11(Ljava/lang/Runnable;Ljava/security/AccessControlContext;)V+7
j  com.sun.javafx.application.PlatformImpl$$Lambda$179+0x000001e00b113640.run()V+8
J 2931 c1 com.sun.glass.ui.InvokeLaterDispatcher$Future.run()V (91 bytes) @ 0x000001e06d968a94 [0x000001e06d968980+0x0000000000000114]
v  ~StubRoutines::call_stub
j  com.sun.glass.ui.win.WinApplication._enterNestedEventLoopImpl()Ljava/lang/Object;+0
j  com.sun.glass.ui.win.WinApplication._enterNestedEventLoop()Ljava/lang/Object;+15
j  com.sun.glass.ui.Application.enterNestedEventLoop()Ljava/lang/Object;+14
j  com.sun.glass.ui.EventLoop.enter()Ljava/lang/Object;+42
j  com.sun.javafx.tk.quantum.QuantumToolkit.enterNestedEventLoop(Ljava/lang/Object;)Ljava/lang/Object;+98
j  javafx.stage.Stage.showAndWait()V+93
j  javafx.scene.control.HeavyweightDialog.showAndWait()V+22
j  javafx.scene.control.Dialog.showAndWait()Ljava/util/Optional;+86
j  com.express.servermanagertool.ui.RemoteFileBrowser.showError(Ljava/lang/String;)V+15
j  com.express.servermanagertool.ui.RemoteFileBrowser.lambda$loadDirectory$27(Ljava/lang/Exception;)V+10
j  com.express.servermanagertool.ui.RemoteFileBrowser$$Lambda$939+0x000001e00b39cf28.run()V+8
j  com.sun.javafx.application.PlatformImpl.lambda$runLater$10(Ljava/lang/Runnable;)Ljava/lang/Void;+1
j  com.sun.javafx.application.PlatformImpl$$Lambda$180+0x000001e00b116a08.run()Ljava/lang/Object;+4
J 2800 c1 java.security.AccessController.doPrivileged(Ljava/security/PrivilegedAction;Ljava/security/AccessControlContext;)Ljava/lang/Object; java.base@17.0.12 (17 bytes) @ 0x000001e06d930adc [0x000001e06d930900+0x00000000000001dc]
j  com.sun.javafx.application.PlatformImpl.lambda$runLater$11(Ljava/lang/Runnable;Ljava/security/AccessControlContext;)V+7
j  com.sun.javafx.application.PlatformImpl$$Lambda$179+0x000001e00b113640.run()V+8
J 2931 c1 com.sun.glass.ui.InvokeLaterDispatcher$Future.run()V (91 bytes) @ 0x000001e06d968a94 [0x000001e06d968980+0x0000000000000114]
v  ~StubRoutines::call_stub
j  com.sun.glass.ui.win.WinApplication._enterNestedEventLoopImpl()Ljava/lang/Object;+0
j  com.sun.glass.ui.win.WinApplication._enterNestedEventLoop()Ljava/lang/Object;+15
j  com.sun.glass.ui.Application.enterNestedEventLoop()Ljava/lang/Object;+14
j  com.sun.glass.ui.EventLoop.enter()Ljava/lang/Object;+42
j  com.sun.javafx.tk.quantum.QuantumToolkit.enterNestedEventLoop(Ljava/lang/Object;)Ljava/lang/Object;+98
j  javafx.stage.Stage.showAndWait()V+93
j  javafx.scene.control.HeavyweightDialog.showAndWait()V+22
j  javafx.scene.control.Dialog.showAndWait()Ljava/util/Optional;+86
j  com.express.servermanagertool.ui.RemoteFileBrowser.showError(Ljava/lang/String;)V+15
j  com.express.servermanagertool.ui.RemoteFileBrowser.lambda$loadDirectory$27(Ljava/lang/Exception;)V+10
j  com.express.servermanagertool.ui.RemoteFileBrowser$$Lambda$939+0x000001e00b39cf28.run()V+8
j  com.sun.javafx.application.PlatformImpl.lambda$runLater$10(Ljava/lang/Runnable;)Ljava/lang/Void;+1
j  com.sun.javafx.application.PlatformImpl$$Lambda$180+0x000001e00b116a08.run()Ljava/lang/Object;+4
J 2800 c1 java.security.AccessController.doPrivileged(Ljava/security/PrivilegedAction;Ljava/security/AccessControlContext;)Ljava/lang/Object; java.base@17.0.12 (17 bytes) @ 0x000001e06d930adc [0x000001e06d930900+0x00000000000001dc]
j  com.sun.javafx.application.PlatformImpl.lambda$runLater$11(Ljava/lang/Runnable;Ljava/security/AccessControlContext;)V+7
j  com.sun.javafx.application.PlatformImpl$$Lambda$179+0x000001e00b113640.run()V+8
J 2931 c1 com.sun.glass.ui.InvokeLaterDispatcher$Future.run()V (91 bytes) @ 0x000001e06d968a94 [0x000001e06d968980+0x0000000000000114]
v  ~StubRoutines::call_stub
j  com.sun.glass.ui.win.WinApplication._enterNestedEventLoopImpl()Ljava/lang/Object;+0
j  com.sun.glass.ui.win.WinApplication._enterNestedEventLoop()Ljava/lang/Object;+15
j  com.sun.glass.ui.Application.enterNestedEventLoop()Ljava/lang/Object;+14
j  com.sun.glass.ui.EventLoop.enter()Ljava/lang/Object;+42
j  com.sun.javafx.tk.quantum.QuantumToolkit.enterNestedEventLoop(Ljava/lang/Object;)Ljava/lang/Object;+98
j  javafx.stage.Stage.showAndWait()V+93
j  javafx.scene.control.HeavyweightDialog.showAndWait()V+22
j  javafx.scene.control.Dialog.showAndWait()Ljava/util/Optional;+86
j  com.express.servermanagertool.ui.RemoteFileBrowser.showError(Ljava/lang/String;)V+15
j  com.express.servermanagertool.ui.RemoteFileBrowser.lambda$loadDirectory$27(Ljava/lang/Exception;)V+10
j  com.express.servermanagertool.ui.RemoteFileBrowser$$Lambda$939+0x000001e00b39cf28.run()V+8
j  com.sun.javafx.application.PlatformImpl.lambda$runLater$10(Ljava/lang/Runnable;)Ljava/lang/Void;+1
j  com.sun.javafx.application.PlatformImpl$$Lambda$180+0x000001e00b116a08.run()Ljava/lang/Object;+4
J 2800 c1 java.security.AccessController.doPrivileged(Ljava/security/PrivilegedAction;Ljava/security/AccessControlContext;)Ljava/lang/Object; java.base@17.0.12 (17 bytes) @ 0x000001e06d930adc [0x000001e06d930900+0x00000000000001dc]
j  com.sun.javafx.application.PlatformImpl.lambda$runLater$11(Ljava/lang/Runnable;Ljava/security/AccessControlContext;)V+7
j  com.sun.javafx.application.PlatformImpl$$Lambda$179+0x000001e00b113640.run()V+8
J 2931 c1 com.sun.glass.ui.InvokeLaterDispatcher$Future.run()V (91 bytes) @ 0x000001e06d968a94 [0x000001e06d968980+0x0000000000000114]
v  ~StubRoutines::call_stub
j  com.sun.glass.ui.win.WinApplication._enterNestedEventLoopImpl()Ljava/lang/Object;+0
j  com.sun.glass.ui.win.WinApplication._enterNestedEventLoop()Ljava/lang/Object;+15
j  com.sun.glass.ui.Application.enterNestedEventLoop()Ljava/lang/Object;+14
j  com.sun.glass.ui.EventLoop.enter()Ljava/lang/Object;+42
j  com.sun.javafx.tk.quantum.QuantumToolkit.enterNestedEventLoop(Ljava/lang/Object;)Ljava/lang/Object;+98
j  javafx.stage.Stage.showAndWait()V+93
j  javafx.scene.control.HeavyweightDialog.showAndWait()V+22
j  javafx.scene.control.Dialog.showAndWait()Ljava/util/Optional;+86
j  com.express.servermanagertool.ui.RemoteFileBrowser.showError(Ljava/lang/String;)V+15
j  com.express.servermanagertool.ui.RemoteFileBrowser.lambda$loadDirectory$27(Ljava/lang/Exception;)V+10
j  com.express.servermanagertool.ui.RemoteFileBrowser$$Lambda$939+0x000001e00b39cf28.run()V+8
j  com.sun.javafx.application.PlatformImpl.lambda$runLater$10(Ljava/lang/Runnable;)Ljava/lang/Void;+1
j  com.sun.javafx.application.PlatformImpl$$Lambda$180+0x000001e00b116a08.run()Ljava/lang/Object;+4
J 2800 c1 java.security.AccessController.doPrivileged(Ljava/security/PrivilegedAction;Ljava/security/AccessControlContext;)Ljava/lang/Object; java.base@17.0.12 (17 bytes) @ 0x000001e06d930adc [0x000001e06d930900+0x00000000000001dc]
j  com.sun.javafx.application.PlatformImpl.lambda$runLater$11(Ljava/lang/Runnable;Ljava/security/AccessControlContext;)V+7
j  com.sun.javafx.application.PlatformImpl$$Lambda$179+0x000001e00b113640.run()V+8
J 2931 c1 com.sun.glass.ui.InvokeLaterDispatcher$Future.run()V (91 bytes) @ 0x000001e06d968a94 [0x000001e06d968980+0x0000000000000114]
v  ~StubRoutines::call_stub
j  com.sun.glass.ui.win.WinApplication._enterNestedEventLoopImpl()Ljava/lang/Object;+0
j  com.sun.glass.ui.win.WinApplication._enterNestedEventLoop()Ljava/lang/Object;+15
j  com.sun.glass.ui.Application.enterNestedEventLoop()Ljava/lang/Object;+14
j  com.sun.glass.ui.EventLoop.enter()Ljava/lang/Object;+42
j  com.sun.javafx.tk.quantum.QuantumToolkit.enterNestedEventLoop(Ljava/lang/Object;)Ljava/lang/Object;+98
j  javafx.stage.Stage.showAndWait()V+93
j  javafx.scene.control.HeavyweightDialog.showAndWait()V+22
j  javafx.scene.control.Dialog.showAndWait()Ljava/util/Optional;+86
j  com.express.servermanagertool.ui.RemoteFileBrowser.showError(Ljava/lang/String;)V+15
j  com.express.servermanagertool.ui.RemoteFileBrowser.lambda$loadDirectory$27(Ljava/lang/Exception;)V+10
j  com.express.servermanagertool.ui.RemoteFileBrowser$$Lambda$939+0x000001e00b39cf28.run()V+8
j  com.sun.javafx.application.PlatformImpl.lambda$runLater$10(Ljava/lang/Runnable;)Ljava/lang/Void;+1
j  com.sun.javafx.application.PlatformImpl$$Lambda$180+0x000001e00b116a08.run()Ljava/lang/Object;+4
J 2800 c1 java.security.AccessController.doPrivileged(Ljava/security/PrivilegedAction;Ljava/security/AccessControlContext;)Ljava/lang/Object; java.base@17.0.12 (17 bytes) @ 0x000001e06d930adc [0x000001e06d930900+0x00000000000001dc]
j  com.sun.javafx.application.PlatformImpl.lambda$runLater$11(Ljava/lang/Runnable;Ljava/security/AccessControlContext;)V+7
j  com.sun.javafx.application.PlatformImpl$$Lambda$179+0x000001e00b113640.run()V+8
J 2931 c1 com.sun.glass.ui.InvokeLaterDispatcher$Future.run()V (91 bytes) @ 0x000001e06d968a94 [0x000001e06d968980+0x0000000000000114]
v  ~StubRoutines::call_stub
j  com.sun.glass.ui.win.WinApplication._enterNestedEventLoopImpl()Ljava/lang/Object;+0
j  com.sun.glass.ui.win.WinApplication._enterNestedEventLoop()Ljava/lang/Object;+15
j  com.sun.glass.ui.Application.enterNestedEventLoop()Ljava/lang/Object;+14
j  com.sun.glass.ui.EventLoop.enter()Ljava/lang/Object;+42
j  com.sun.javafx.tk.quantum.QuantumToolkit.enterNestedEventLoop(Ljava/lang/Object;)Ljava/lang/Object;+98
j  javafx.stage.Stage.showAndWait()V+93
j  javafx.scene.control.HeavyweightDialog.showAndWait()V+22
j  javafx.scene.control.Dialog.showAndWait()Ljava/util/Optional;+86
j  com.express.servermanagertool.ui.RemoteFileBrowser.showError(Ljava/lang/String;)V+15
j  com.express.servermanagertool.ui.RemoteFileBrowser.lambda$loadDirectory$27(Ljava/lang/Exception;)V+10
j  com.express.servermanagertool.ui.RemoteFileBrowser$$Lambda$939+0x000001e00b39cf28.run()V+8
j  com.sun.javafx.application.PlatformImpl.lambda$runLater$10(Ljava/lang/Runnable;)Ljava/lang/Void;+1
j  com.sun.javafx.application.PlatformImpl$$Lambda$180+0x000001e00b116a08.run()Ljava/lang/Object;+4
J 2800 c1 java.security.AccessController.doPrivileged(Ljava/security/PrivilegedAction;Ljava/security/AccessControlContext;)Ljava/lang/Object; java.base@17.0.12 (17 bytes) @ 0x000001e06d930adc [0x000001e06d930900+0x00000000000001dc]
j  com.sun.javafx.application.PlatformImpl.lambda$runLater$11(Ljava/lang/Runnable;Ljava/security/AccessControlContext;)V+7
j  com.sun.javafx.application.PlatformImpl$$Lambda$179+0x000001e00b113640.run()V+8
J 2931 c1 com.sun.glass.ui.InvokeLaterDispatcher$Future.run()V (91 bytes) @ 0x000001e06d968a94 [0x000001e06d968980+0x0000000000000114]
v  ~StubRoutines::call_stub
j  com.sun.glass.ui.win.WinApplication._enterNestedEventLoopImpl()Ljava/lang/Object;+0
j  com.sun.glass.ui.win.WinApplication._enterNestedEventLoop()Ljava/lang/Object;+15
j  com.sun.glass.ui.Application.enterNestedEventLoop()Ljava/lang/Object;+14
j  com.sun.glass.ui.EventLoop.enter()Ljava/lang/Object;+42
j  com.sun.javafx.tk.quantum.QuantumToolkit.enterNestedEventLoop(Ljava/lang/Object;)Ljava/lang/Object;+98
j  javafx.stage.Stage.showAndWait()V+93
j  javafx.scene.control.HeavyweightDialog.showAndWait()V+22
j  javafx.scene.control.Dialog.showAndWait()Ljava/util/Optional;+86
j  com.express.servermanagertool.ui.RemoteFileBrowser.showError(Ljava/lang/String;)V+15
j  com.express.servermanagertool.ui.RemoteFileBrowser.lambda$loadDirectory$27(Ljava/lang/Exception;)V+10
j  com.express.servermanagertool.ui.RemoteFileBrowser$$Lambda$939+0x000001e00b39cf28.run()V+8
j  com.sun.javafx.application.PlatformImpl.lambda$runLater$10(Ljava/lang/Runnable;)Ljava/lang/Void;+1
j  com.sun.javafx.application.PlatformImpl$$Lambda$180+0x000001e00b116a08.run()Ljava/lang/Object;+4
J 2800 c1 java.security.AccessController.doPrivileged(Ljava/security/PrivilegedAction;Ljava/security/AccessControlContext;)Ljava/lang/Object; java.base@17.0.12 (17 bytes) @ 0x000001e06d930adc [0x000001e06d930900+0x00000000000001dc]
j  com.sun.javafx.application.PlatformImpl.lambda$runLater$11(Ljava/lang/Runnable;Ljava/security/AccessControlContext;)V+7
j  com.sun.javafx.application.PlatformImpl$$Lambda$179+0x000001e00b113640.run()V+8
J 2931 c1 com.sun.glass.ui.InvokeLaterDispatcher$Future.run()V (91 bytes) @ 0x000001e06d968a94 [0x000001e06d968980+0x0000000000000114]
v  ~StubRoutines::call_stub
j  com.sun.glass.ui.win.WinApplication._enterNestedEventLoopImpl()Ljava/lang/Object;+0
j  com.sun.glass.ui.win.WinApplication._enterNestedEventLoop()Ljava/lang/Object;+15
j  com.sun.glass.ui.Application.enterNestedEventLoop()Ljava/lang/Object;+14
j  com.sun.glass.ui.EventLoop.enter()Ljava/lang/Object;+42
j  com.sun.javafx.tk.quantum.QuantumToolkit.enterNestedEventLoop(Ljava/lang/Object;)Ljava/lang/Object;+98
j  javafx.stage.Stage.showAndWait()V+93
j  javafx.scene.control.HeavyweightDialog.showAndWait()V+22
j  javafx.scene.control.Dialog.showAndWait()Ljava/util/Optional;+86
j  com.express.servermanagertool.ui.RemoteFileBrowser.showError(Ljava/lang/String;)V+15
j  com.express.servermanagertool.ui.RemoteFileBrowser.lambda$loadDirectory$27(Ljava/lang/Exception;)V+10
j  com.express.servermanagertool.ui.RemoteFileBrowser$$Lambda$939+0x000001e00b39cf28.run()V+8
j  com.sun.javafx.application.PlatformImpl.lambda$runLater$10(Ljava/lang/Runnable;)Ljava/lang/Void;+1
j  com.sun.javafx.application.PlatformImpl$$Lambda$180+0x000001e00b116a08.run()Ljava/lang/Object;+4
J 2800 c1 java.security.AccessController.doPrivileged(Ljava/security/PrivilegedAction;Ljava/security/AccessControlContext;)Ljava/lang/Object; java.base@17.0.12 (17 bytes) @ 0x000001e06d930adc [0x000001e06d930900+0x00000000000001dc]
j  com.sun.javafx.application.PlatformImpl.lambda$runLater$11(Ljava/lang/Runnable;Ljava/security/AccessControlContext;)V+7
j  com.sun.javafx.application.PlatformImpl$$Lambda$179+0x000001e00b113640.run()V+8
J 2931 c1 com.sun.glass.ui.InvokeLaterDispatcher$Future.run()V (91 bytes) @ 0x000001e06d968a94 [0x000001e06d968980+0x0000000000000114]
v  ~StubRoutines::call_stub
j  com.sun.glass.ui.win.WinApplication._enterNestedEventLoopImpl()Ljava/lang/Object;+0
j  com.sun.glass.ui.win.WinApplication._enterNestedEventLoop()Ljava/lang/Object;+15
j  com.sun.glass.ui.Application.enterNestedEventLoop()Ljava/lang/Object;+14
j  com.sun.glass.ui.EventLoop.enter()Ljava/lang/Object;+42
j  com.sun.javafx.tk.quantum.QuantumToolkit.enterNestedEventLoop(Ljava/lang/Object;)Ljava/lang/Object;+98
j  javafx.stage.Stage.showAndWait()V+93
j  javafx.scene.control.HeavyweightDialog.showAndWait()V+22
j  javafx.scene.control.Dialog.showAndWait()Ljava/util/Optional;+86
j  com.express.servermanagertool.ui.RemoteFileBrowser.showError(Ljava/lang/String;)V+15
j  com.express.servermanagertool.ui.RemoteFileBrowser.lambda$loadDirectory$27(Ljava/lang/Exception;)V+10
j  com.express.servermanagertool.ui.RemoteFileBrowser$$Lambda$939+0x000001e00b39cf28.run()V+8
j  com.sun.javafx.application.PlatformImpl.lambda$runLater$10(Ljava/lang/Runnable;)Ljava/lang/Void;+1
j  com.sun.javafx.application.PlatformImpl$$Lambda$180+0x000001e00b116a08.run()Ljava/lang/Object;+4
J 2800 c1 java.security.AccessController.doPrivileged(Ljava/security/PrivilegedAction;Ljava/security/AccessControlContext;)Ljava/lang/Object; java.base@17.0.12 (17 bytes) @ 0x000001e06d930adc [0x000001e06d930900+0x00000000000001dc]
j  com.sun.javafx.application.PlatformImpl.lambda$runLater$11(Ljava/lang/Runnable;Ljava/security/AccessControlContext;)V+7
j  com.sun.javafx.application.PlatformImpl$$Lambda$179+0x000001e00b113640.run()V+8
J 2931 c1 com.sun.glass.ui.InvokeLaterDispatcher$Future.run()V (91 bytes) @ 0x000001e06d968a94 [0x000001e06d968980+0x0000000000000114]
v  ~StubRoutines::call_stub
j  com.sun.glass.ui.win.WinApplication._enterNestedEventLoopImpl()Ljava/lang/Object;+0
j  com.sun.glass.ui.win.WinApplication._enterNestedEventLoop()Ljava/lang/Object;+15
j  com.sun.glass.ui.Application.enterNestedEventLoop()Ljava/lang/Object;+14
j  com.sun.glass.ui.EventLoop.enter()Ljava/lang/Object;+42
j  com.sun.javafx.tk.quantum.QuantumToolkit.enterNestedEventLoop(Ljava/lang/Object;)Ljava/lang/Object;+98
j  javafx.stage.Stage.showAndWait()V+93
j  javafx.scene.control.HeavyweightDialog.showAndWait()V+22
j  javafx.scene.control.Dialog.showAndWait()Ljava/util/Optional;+86
j  com.express.servermanagertool.ui.RemoteFileBrowser.showError(Ljava/lang/String;)V+15
j  com.express.servermanagertool.ui.RemoteFileBrowser.lambda$loadDirectory$27(Ljava/lang/Exception;)V+10
j  com.express.servermanagertool.ui.RemoteFileBrowser$$Lambda$939+0x000001e00b39cf28.run()V+8
j  com.sun.javafx.application.PlatformImpl.lambda$runLater$10(Ljava/lang/Runnable;)Ljava/lang/Void;+1
j  com.sun.javafx.application.PlatformImpl$$Lambda$180+0x000001e00b116a08.run()Ljava/lang/Object;+4
J 2800 c1 java.security.AccessController.doPrivileged(Ljava/security/PrivilegedAction;Ljava/security/AccessControlContext;)Ljava/lang/Object; java.base@17.0.12 (17 bytes) @ 0x000001e06d930adc [0x000001e06d930900+0x00000000000001dc]
j  com.sun.javafx.application.PlatformImpl.lambda$runLater$11(Ljava/lang/Runnable;Ljava/security/AccessControlContext;)V+7
j  com.sun.javafx.application.PlatformImpl$$Lambda$179+0x000001e00b113640.run()V+8
J 2931 c1 com.sun.glass.ui.InvokeLaterDispatcher$Future.run()V (91 bytes) @ 0x000001e06d968a94 [0x000001e06d968980+0x0000000000000114]
v  ~StubRoutines::call_stub
j  com.sun.glass.ui.win.WinApplication._enterNestedEventLoopImpl()Ljava/lang/Object;+0
j  com.sun.glass.ui.win.WinApplication._enterNestedEventLoop()Ljava/lang/Object;+15
j  com.sun.glass.ui.Application.enterNestedEventLoop()Ljava/lang/Object;+14
j  com.sun.glass.ui.EventLoop.enter()Ljava/lang/Object;+42
j  com.sun.javafx.tk.quantum.QuantumToolkit.enterNestedEventLoop(Ljava/lang/Object;)Ljava/lang/Object;+98
j  javafx.stage.Stage.showAndWait()V+93
j  javafx.scene.control.HeavyweightDialog.showAndWait()V+22
j  javafx.scene.control.Dialog.showAndWait()Ljava/util/Optional;+86
j  com.express.servermanagertool.ui.RemoteFileBrowser.showError(Ljava/lang/String;)V+15
j  com.express.servermanagertool.ui.RemoteFileBrowser.lambda$loadDirectory$27(Ljava/lang/Exception;)V+10
j  com.express.servermanagertool.ui.RemoteFileBrowser$$Lambda$939+0x000001e00b39cf28.run()V+8
j  com.sun.javafx.application.PlatformImpl.lambda$runLater$10(Ljava/lang/Runnable;)Ljava/lang/Void;+1
j  com.sun.javafx.application.PlatformImpl$$Lambda$180+0x000001e00b116a08.run()Ljava/lang/Object;+4
J 2800 c1 java.security.AccessController.doPrivileged(Ljava/security/PrivilegedAction;Ljava/security/AccessControlContext;)Ljava/lang/Object; java.base@17.0.12 (17 bytes) @ 0x000001e06d930adc [0x000001e06d930900+0x00000000000001dc]
j  com.sun.javafx.application.PlatformImpl.lambda$runLater$11(Ljava/lang/Runnable;Ljava/security/AccessControlContext;)V+7
j  com.sun.javafx.application.PlatformImpl$$Lambda$179+0x000001e00b113640.run()V+8
J 2931 c1 com.sun.glass.ui.InvokeLaterDispatcher$Future.run()V (91 bytes) @ 0x000001e06d968a94 [0x000001e06d968980+0x0000000000000114]
v  ~StubRoutines::call_stub
j  com.sun.glass.ui.win.WinApplication._enterNestedEventLoopImpl()Ljava/lang/Object;+0
j  com.sun.glass.ui.win.WinApplication._enterNestedEventLoop()Ljava/lang/Object;+15
j  com.sun.glass.ui.Application.enterNestedEventLoop()Ljava/lang/Object;+14
j  com.sun.glass.ui.EventLoop.enter()Ljava/lang/Object;+42
j  com.sun.javafx.tk.quantum.QuantumToolkit.enterNestedEventLoop(Ljava/lang/Object;)Ljava/lang/Object;+98
j  javafx.stage.Stage.showAndWait()V+93
j  javafx.scene.control.HeavyweightDialog.showAndWait()V+22
j  javafx.scene.control.Dialog.showAndWait()Ljava/util/Optional;+86
j  com.express.servermanagertool.ui.RemoteFileBrowser.showError(Ljava/lang/String;)V+15
j  com.express.servermanagertool.ui.RemoteFileBrowser.lambda$loadDirectory$27(Ljava/lang/Exception;)V+10
j  com.express.servermanagertool.ui.RemoteFileBrowser$$Lambda$939+0x000001e00b39cf28.run()V+8
j  com.sun.javafx.application.PlatformImpl.lambda$runLater$10(Ljava/lang/Runnable;)Ljava/lang/Void;+1
j  com.sun.javafx.application.PlatformImpl$$Lambda$180+0x000001e00b116a08.run()Ljava/lang/Object;+4
J 2800 c1 java.security.AccessController.doPrivileged(Ljava/security/PrivilegedAction;Ljava/security/AccessControlContext;)Ljava/lang/Object; java.base@17.0.12 (17 bytes) @ 0x000001e06d930adc [0x000001e06d930900+0x00000000000001dc]
j  com.sun.javafx.application.PlatformImpl.lambda$runLater$11(Ljava/lang/Runnable;Ljava/security/AccessControlContext;)V+7
j  com.sun.javafx.application.PlatformImpl$$Lambda$179+0x000001e00b113640.run()V+8
J 2931 c1 com.sun.glass.ui.InvokeLaterDispatcher$Future.run()V (91 bytes) @ 0x000001e06d968a94 [0x000001e06d968980+0x0000000000000114]
v  ~StubRoutines::call_stub
j  com.sun.glass.ui.win.WinApplication._enterNestedEventLoopImpl()Ljava/lang/Object;+0
j  com.sun.glass.ui.win.WinApplication._enterNestedEventLoop()Ljava/lang/Object;+15
j  com.sun.glass.ui.Application.enterNestedEventLoop()Ljava/lang/Object;+14
j  com.sun.glass.ui.EventLoop.enter()Ljava/lang/Object;+42
j  com.sun.javafx.tk.quantum.QuantumToolkit.enterNestedEventLoop(Ljava/lang/Object;)Ljava/lang/Object;+98
j  javafx.stage.Stage.showAndWait()V+93
j  javafx.scene.control.HeavyweightDialog.showAndWait()V+22
j  javafx.scene.control.Dialog.showAndWait()Ljava/util/Optional;+86
j  com.express.servermanagertool.ui.RemoteFileBrowser.showError(Ljava/lang/String;)V+15
j  com.express.servermanagertool.ui.RemoteFileBrowser.lambda$loadDirectory$27(Ljava/lang/Exception;)V+10
j  com.express.servermanagertool.ui.RemoteFileBrowser$$Lambda$939+0x000001e00b39cf28.run()V+8
j  com.sun.javafx.application.PlatformImpl.lambda$runLater$10(Ljava/lang/Runnable;)Ljava/lang/Void;+1
j  com.sun.javafx.application.PlatformImpl$$Lambda$180+0x000001e00b116a08.run()Ljava/lang/Object;+4
J 2800 c1 java.security.AccessController.doPrivileged(Ljava/security/PrivilegedAction;Ljava/security/AccessControlContext;)Ljava/lang/Object; java.base@17.0.12 (17 bytes) @ 0x000001e06d930adc [0x000001e06d930900+0x00000000000001dc]
j  com.sun.javafx.application.PlatformImpl.lambda$runLater$11(Ljava/lang/Runnable;Ljava/security/AccessControlContext;)V+7
j  com.sun.javafx.application.PlatformImpl$$Lambda$179+0x000001e00b113640.run()V+8
J 2931 c1 com.sun.glass.ui.InvokeLaterDispatcher$Future.run()V (91 bytes) @ 0x000001e06d968a94 [0x000001e06d968980+0x0000000000000114]
v  ~StubRoutines::call_stub
j  com.sun.glass.ui.win.WinApplication._enterNestedEventLoopImpl()Ljava/lang/Object;+0
j  com.sun.glass.ui.win.WinApplication._enterNestedEventLoop()Ljava/lang/Object;+15
j  com.sun.glass.ui.Application.enterNestedEventLoop()Ljava/lang/Object;+14
j  com.sun.glass.ui.EventLoop.enter()Ljava/lang/Object;+42
j  com.sun.javafx.tk.quantum.QuantumToolkit.enterNestedEventLoop(Ljava/lang/Object;)Ljava/lang/Object;+98
j  javafx.stage.Stage.showAndWait()V+93
j  javafx.scene.control.HeavyweightDialog.showAndWait()V+22
j  javafx.scene.control.Dialog.showAndWait()Ljava/util/Optional;+86
j  com.express.servermanagertool.ui.RemoteFileBrowser.showError(Ljava/lang/String;)V+15
j  com.express.servermanagertool.ui.RemoteFileBrowser.lambda$loadDirectory$27(Ljava/lang/Exception;)V+10
j  com.express.servermanagertool.ui.RemoteFileBrowser$$Lambda$939+0x000001e00b39cf28.run()V+8
j  com.sun.javafx.application.PlatformImpl.lambda$runLater$10(Ljava/lang/Runnable;)Ljava/lang/Void;+1
j  com.sun.javafx.application.PlatformImpl$$Lambda$180+0x000001e00b116a08.run()Ljava/lang/Object;+4
J 2800 c1 java.security.AccessController.doPrivileged(Ljava/security/PrivilegedAction;Ljava/security/AccessControlContext;)Ljava/lang/Object; java.base@17.0.12 (17 bytes) @ 0x000001e06d930adc [0x000001e06d930900+0x00000000000001dc]
j  com.sun.javafx.application.PlatformImpl.lambda$runLater$11(Ljava/lang/Runnable;Ljava/security/AccessControlContext;)V+7
j  com.sun.javafx.application.PlatformImpl$$Lambda$179+0x000001e00b113640.run()V+8
J 2931 c1 com.sun.glass.ui.InvokeLaterDispatcher$Future.run()V (91 bytes) @ 0x000001e06d968a94 [0x000001e06d968980+0x0000000000000114]
v  ~StubRoutines::call_stub
j  com.sun.glass.ui.win.WinApplication._enterNestedEventLoopImpl()Ljava/lang/Object;+0
j  com.sun.glass.ui.win.WinApplication._enterNestedEventLoop()Ljava/lang/Object;+15
j  com.sun.glass.ui.Application.enterNestedEventLoop()Ljava/lang/Object;+14
j  com.sun.glass.ui.EventLoop.enter()Ljava/lang/Object;+42
j  com.sun.javafx.tk.quantum.QuantumToolkit.enterNestedEventLoop(Ljava/lang/Object;)Ljava/lang/Object;+98
j  javafx.stage.Stage.showAndWait()V+93
j  javafx.scene.control.HeavyweightDialog.showAndWait()V+22
j  javafx.scene.control.Dialog.showAndWait()Ljava/util/Optional;+86
j  com.express.servermanagertool.ui.RemoteFileBrowser.showError(Ljava/lang/String;)V+15
j  com.express.servermanagertool.ui.RemoteFileBrowser.lambda$loadDirectory$27(Ljava/lang/Exception;)V+10
j  com.express.servermanagertool.ui.RemoteFileBrowser$$Lambda$939+0x000001e00b39cf28.run()V+8
j  com.sun.javafx.application.PlatformImpl.lambda$runLater$10(Ljava/lang/Runnable;)Ljava/lang/Void;+1
j  com.sun.javafx.application.PlatformImpl$$Lambda$180+0x000001e00b116a08.run()Ljava/lang/Object;+4
J 2800 c1 java.security.AccessController.doPrivileged(Ljava/security/PrivilegedAction;Ljava/security/AccessControlContext;)Ljava/lang/Object; java.base@17.0.12 (17 bytes) @ 0x000001e06d930adc [0x000001e06d930900+0x00000000000001dc]
j  com.sun.javafx.application.PlatformImpl.lambda$runLater$11(Ljava/lang/Runnable;Ljava/security/AccessControlContext;)V+7
j  com.sun.javafx.application.PlatformImpl$$Lambda$179+0x000001e00b113640.run()V+8
J 2931 c1 com.sun.glass.ui.InvokeLaterDispatcher$Future.run()V (91 bytes) @ 0x000001e06d968a94 [0x000001e06d968980+0x0000000000000114]
v  ~StubRoutines::call_stub
j  com.sun.glass.ui.win.WinApplication._enterNestedEventLoopImpl()Ljava/lang/Object;+0
j  com.sun.glass.ui.win.WinApplication._enterNestedEventLoop()Ljava/lang/Object;+15
j  com.sun.glass.ui.Application.enterNestedEventLoop()Ljava/lang/Object;+14
j  com.sun.glass.ui.EventLoop.enter()Ljava/lang/Object;+42
j  com.sun.javafx.tk.quantum.QuantumToolkit.enterNestedEventLoop(Ljava/lang/Object;)Ljava/lang/Object;+98
j  javafx.stage.Stage.showAndWait()V+93
j  javafx.scene.control.HeavyweightDialog.showAndWait()V+22
j  javafx.scene.control.Dialog.showAndWait()Ljava/util/Optional;+86
j  com.express.servermanagertool.ui.RemoteFileBrowser.showError(Ljava/lang/String;)V+15
j  com.express.servermanagertool.ui.RemoteFileBrowser.lambda$loadDirectory$27(Ljava/lang/Exception;)V+10
j  com.express.servermanagertool.ui.RemoteFileBrowser$$Lambda$939+0x000001e00b39cf28.run()V+8
j  com.sun.javafx.application.PlatformImpl.lambda$runLater$10(Ljava/lang/Runnable;)Ljava/lang/Void;+1
j  com.sun.javafx.application.PlatformImpl$$Lambda$180+0x000001e00b116a08.run()Ljava/lang/Object;+4
J 2800 c1 java.security.AccessController.doPrivileged(Ljava/security/PrivilegedAction;Ljava/security/AccessControlContext;)Ljava/lang/Object; java.base@17.0.12 (17 bytes) @ 0x000001e06d930adc [0x000001e06d930900+0x00000000000001dc]
j  com.sun.javafx.application.PlatformImpl.lambda$runLater$11(Ljava/lang/Runnable;Ljava/security/AccessControlContext;)V+7
j  com.sun.javafx.application.PlatformImpl$$Lambda$179+0x000001e00b113640.run()V+8
J 2931 c1 com.sun.glass.ui.InvokeLaterDispatcher$Future.run()V (91 bytes) @ 0x000001e06d968a94 [0x000001e06d968980+0x0000000000000114]
v  ~StubRoutines::call_stub
j  com.sun.glass.ui.win.WinApplication._enterNestedEventLoopImpl()Ljava/lang/Object;+0
j  com.sun.glass.ui.win.WinApplication._enterNestedEventLoop()Ljava/lang/Object;+15
j  com.sun.glass.ui.Application.enterNestedEventLoop()Ljava/lang/Object;+14
j  com.sun.glass.ui.EventLoop.enter()Ljava/lang/Object;+42
j  com.sun.javafx.tk.quantum.QuantumToolkit.enterNestedEventLoop(Ljava/lang/Object;)Ljava/lang/Object;+98
j  javafx.stage.Stage.showAndWait()V+93
j  javafx.scene.control.HeavyweightDialog.showAndWait()V+22
j  javafx.scene.control.Dialog.showAndWait()Ljava/util/Optional;+86
j  com.express.servermanagertool.ui.RemoteFileBrowser.showError(Ljava/lang/String;)V+15
j  com.express.servermanagertool.ui.RemoteFileBrowser.lambda$loadDirectory$27(Ljava/lang/Exception;)V+10
j  com.express.servermanagertool.ui.RemoteFileBrowser$$Lambda$939+0x000001e00b39cf28.run()V+8
j  com.sun.javafx.application.PlatformImpl.lambda$runLater$10(Ljava/lang/Runnable;)Ljava/lang/Void;+1
j  com.sun.javafx.application.PlatformImpl$$Lambda$180+0x000001e00b116a08.run()Ljava/lang/Object;+4
J 2800 c1 java.security.AccessController.doPrivileged(Ljava/security/PrivilegedAction;Ljava/security/AccessControlContext;)Ljava/lang/Object; java.base@17.0.12 (17 bytes) @ 0x000001e06d930adc [0x000001e06d930900+0x00000000000001dc]
j  com.sun.javafx.application.PlatformImpl.lambda$runLater$11(Ljava/lang/Runnable;Ljava/security/AccessControlContext;)V+7
j  com.sun.javafx.application.PlatformImpl$$Lambda$179+0x000001e00b113640.run()V+8
J 2931 c1 com.sun.glass.ui.InvokeLaterDispatcher$Future.run()V (91 bytes) @ 0x000001e06d968a94 [0x000001e06d968980+0x0000000000000114]
v  ~StubRoutines::call_stub
j  com.sun.glass.ui.win.WinApplication._enterNestedEventLoopImpl()Ljava/lang/Object;+0
j  com.sun.glass.ui.win.WinApplication._enterNestedEventLoop()Ljava/lang/Object;+15
j  com.sun.glass.ui.Application.enterNestedEventLoop()Ljava/lang/Object;+14
j  com.sun.glass.ui.EventLoop.enter()Ljava/lang/Object;+42
j  com.sun.javafx.tk.quantum.QuantumToolkit.enterNestedEventLoop(Ljava/lang/Object;)Ljava/lang/Object;+98
j  javafx.stage.Stage.showAndWait()V+93
j  javafx.scene.control.HeavyweightDialog.showAndWait()V+22
j  javafx.scene.control.Dialog.showAndWait()Ljava/util/Optional;+86
j  com.express.servermanagertool.ui.RemoteFileBrowser.showError(Ljava/lang/String;)V+15
j  com.express.servermanagertool.ui.RemoteFileBrowser.lambda$loadDirectory$27(Ljava/lang/Exception;)V+10
j  com.express.servermanagertool.ui.RemoteFileBrowser$$Lambda$939+0x000001e00b39cf28.run()V+8
j  com.sun.javafx.application.PlatformImpl.lambda$runLater$10(Ljava/lang/Runnable;)Ljava/lang/Void;+1
j  com.sun.javafx.application.PlatformImpl$$Lambda$180+0x000001e00b116a08.run()Ljava/lang/Object;+4
J 2800 c1 java.security.AccessController.doPrivileged(Ljava/security/PrivilegedAction;Ljava/security/AccessControlContext;)Ljava/lang/Object; java.base@17.0.12 (17 bytes) @ 0x000001e06d930adc [0x000001e06d930900+0x00000000000001dc]
j  com.sun.javafx.application.PlatformImpl.lambda$runLater$11(Ljava/lang/Runnable;Ljava/security/AccessControlContext;)V+7
j  com.sun.javafx.application.PlatformImpl$$Lambda$179+0x000001e00b113640.run()V+8
J 2931 c1 com.sun.glass.ui.InvokeLaterDispatcher$Future.run()V (91 bytes) @ 0x000001e06d968a94 [0x000001e06d968980+0x0000000000000114]
v  ~StubRoutines::call_stub
j  com.sun.glass.ui.win.WinApplication._enterNestedEventLoopImpl()Ljava/lang/Object;+0
j  com.sun.glass.ui.win.WinApplication._enterNestedEventLoop()Ljava/lang/Object;+15
j  com.sun.glass.ui.Application.enterNestedEventLoop()Ljava/lang/Object;+14
j  com.sun.glass.ui.EventLoop.enter()Ljava/lang/Object;+42
j  com.sun.javafx.tk.quantum.QuantumToolkit.enterNestedEventLoop(Ljava/lang/Object;)Ljava/lang/Object;+98
j  javafx.stage.Stage.showAndWait()V+93
j  javafx.scene.control.HeavyweightDialog.showAndWait()V+22
j  javafx.scene.control.Dialog.showAndWait()Ljava/util/Optional;+86
j  com.express.servermanagertool.ui.RemoteFileBrowser.showError(Ljava/lang/String;)V+15
j  com.express.servermanagertool.ui.RemoteFileBrowser.lambda$loadDirectory$27(Ljava/lang/Exception;)V+10
j  com.express.servermanagertool.ui.RemoteFileBrowser$$Lambda$939+0x000001e00b39cf28.run()V+8
j  com.sun.javafx.application.PlatformImpl.lambda$runLater$10(Ljava/lang/Runnable;)Ljava/lang/Void;+1
j  com.sun.javafx.application.PlatformImpl$$Lambda$180+0x000001e00b116a08.run()Ljava/lang/Object;+4
J 2800 c1 java.security.AccessController.doPrivileged(Ljava/security/PrivilegedAction;Ljava/security/AccessControlContext;)Ljava/lang/Object; java.base@17.0.12 (17 bytes) @ 0x000001e06d930adc [0x000001e06d930900+0x00000000000001dc]
j  com.sun.javafx.application.PlatformImpl.lambda$runLater$11(Ljava/lang/Runnable;Ljava/security/AccessControlContext;)V+7
j  com.sun.javafx.application.PlatformImpl$$Lambda$179+0x000001e00b113640.run()V+8
J 2931 c1 com.sun.glass.ui.InvokeLaterDispatcher$Future.run()V (91 bytes) @ 0x000001e06d968a94 [0x000001e06d968980+0x0000000000000114]
v  ~StubRoutines::call_stub
j  com.sun.glass.ui.win.WinApplication._enterNestedEventLoopImpl()Ljava/lang/Object;+0
j  com.sun.glass.ui.win.WinApplication._enterNestedEventLoop()Ljava/lang/Object;+15
j  com.sun.glass.ui.Application.enterNestedEventLoop()Ljava/lang/Object;+14
j  com.sun.glass.ui.EventLoop.enter()Ljava/lang/Object;+42
j  com.sun.javafx.tk.quantum.QuantumToolkit.enterNestedEventLoop(Ljava/lang/Object;)Ljava/lang/Object;+98
j  javafx.stage.Stage.showAndWait()V+93
j  javafx.scene.control.HeavyweightDialog.showAndWait()V+22
j  javafx.scene.control.Dialog.showAndWait()Ljava/util/Optional;+86
j  com.express.servermanagertool.ui.RemoteFileBrowser.showError(Ljava/lang/String;)V+15
j  com.express.servermanagertool.ui.RemoteFileBrowser.lambda$loadDirectory$27(Ljava/lang/Exception;)V+10
j  com.express.servermanagertool.ui.RemoteFileBrowser$$Lambda$939+0x000001e00b39cf28.run()V+8
j  com.sun.javafx.application.PlatformImpl.lambda$runLater$10(Ljava/lang/Runnable;)Ljava/lang/Void;+1
j  com.sun.javafx.application.PlatformImpl$$Lambda$180+0x000001e00b116a08.run()Ljava/lang/Object;+4
J 2800 c1 java.security.AccessController.doPrivileged(Ljava/security/PrivilegedAction;Ljava/security/AccessControlContext;)Ljava/lang/Object; java.base@17.0.12 (17 bytes) @ 0x000001e06d930adc [0x000001e06d930900+0x00000000000001dc]
j  com.sun.javafx.application.PlatformImpl.lambda$runLater$11(Ljava/lang/Runnable;Ljava/security/AccessControlContext;)V+7
j  com.sun.javafx.application.PlatformImpl$$Lambda$179+0x000001e00b113640.run()V+8
J 2931 c1 com.sun.glass.ui.InvokeLaterDispatcher$Future.run()V (91 bytes) @ 0x000001e06d968a94 [0x000001e06d968980+0x0000000000000114]
v  ~StubRoutines::call_stub
j  com.sun.glass.ui.win.WinApplication._enterNestedEventLoopImpl()Ljava/lang/Object;+0
j  com.sun.glass.ui.win.WinApplication._enterNestedEventLoop()Ljava/lang/Object;+15
j  com.sun.glass.ui.Application.enterNestedEventLoop()Ljava/lang/Object;+14
j  com.sun.glass.ui.EventLoop.enter()Ljava/lang/Object;+42
j  com.sun.javafx.tk.quantum.QuantumToolkit.enterNestedEventLoop(Ljava/lang/Object;)Ljava/lang/Object;+98
j  javafx.stage.Stage.showAndWait()V+93
j  javafx.scene.control.HeavyweightDialog.showAndWait()V+22
j  javafx.scene.control.Dialog.showAndWait()Ljava/util/Optional;+86
j  com.express.servermanagertool.ui.RemoteFileBrowser.showError(Ljava/lang/String;)V+15
j  com.express.servermanagertool.ui.RemoteFileBrowser.lambda$loadDirectory$27(Ljava/lang/Exception;)V+10
j  com.express.servermanagertool.ui.RemoteFileBrowser$$Lambda$939+0x000001e00b39cf28.run()V+8
j  com.sun.javafx.application.PlatformImpl.lambda$runLater$10(Ljava/lang/Runnable;)Ljava/lang/Void;+1
j  com.sun.javafx.application.PlatformImpl$$Lambda$180+0x000001e00b116a08.run()Ljava/lang/Object;+4
J 2800 c1 java.security.AccessController.doPrivileged(Ljava/security/PrivilegedAction;Ljava/security/AccessControlContext;)Ljava/lang/Object; java.base@17.0.12 (17 bytes) @ 0x000001e06d930adc [0x000001e06d930900+0x00000000000001dc]
j  com.sun.javafx.application.PlatformImpl.lambda$runLater$11(Ljava/lang/Runnable;Ljava/security/AccessControlContext;)V+7
j  com.sun.javafx.application.PlatformImpl$$Lambda$179+0x000001e00b113640.run()V+8
J 2931 c1 com.sun.glass.ui.InvokeLaterDispatcher$Future.run()V (91 bytes) @ 0x000001e06d968a94 [0x000001e06d968980+0x0000000000000114]
v  ~StubRoutines::call_stub
j  com.sun.glass.ui.win.WinApplication._enterNestedEventLoopImpl()Ljava/lang/Object;+0
j  com.sun.glass.ui.win.WinApplication._enterNestedEventLoop()Ljava/lang/Object;+15
j  com.sun.glass.ui.Application.enterNestedEventLoop()Ljava/lang/Object;+14
j  com.sun.glass.ui.EventLoop.enter()Ljava/lang/Object;+42
j  com.sun.javafx.tk.quantum.QuantumToolkit.enterNestedEventLoop(Ljava/lang/Object;)Ljava/lang/Object;+98
j  javafx.stage.Stage.showAndWait()V+93
j  javafx.scene.control.HeavyweightDialog.showAndWait()V+22
j  javafx.scene.control.Dialog.showAndWait()Ljava/util/Optional;+86
j  com.express.servermanagertool.ui.RemoteFileBrowser.showError(Ljava/lang/String;)V+15
j  com.express.servermanagertool.ui.RemoteFileBrowser.lambda$loadDirectory$27(Ljava/lang/Exception;)V+10
j  com.express.servermanagertool.ui.RemoteFileBrowser$$Lambda$939+0x000001e00b39cf28.run()V+8
j  com.sun.javafx.application.PlatformImpl.lambda$runLater$10(Ljava/lang/Runnable;)Ljava/lang/Void;+1
j  com.sun.javafx.application.PlatformImpl$$Lambda$180+0x000001e00b116a08.run()Ljava/lang/Object;+4
J 2800 c1 java.security.AccessController.doPrivileged(Ljava/security/PrivilegedAction;Ljava/security/AccessControlContext;)Ljava/lang/Object; java.base@17.0.12 (17 bytes) @ 0x000001e06d930adc [0x000001e06d930900+0x00000000000001dc]
j  com.sun.javafx.application.PlatformImpl.lambda$runLater$11(Ljava/lang/Runnable;Ljava/security/AccessControlContext;)V+7
j  com.sun.javafx.application.PlatformImpl$$Lambda$179+0x000001e00b113640.run()V+8
J 2931 c1 com.sun.glass.ui.InvokeLaterDispatcher$Future.run()V (91 bytes) @ 0x000001e06d968a94 [0x000001e06d968980+0x0000000000000114]
v  ~StubRoutines::call_stub
j  com.sun.glass.ui.win.WinApplication._enterNestedEventLoopImpl()Ljava/lang/Object;+0
j  com.sun.glass.ui.win.WinApplication._enterNestedEventLoop()Ljava/lang/Object;+15
j  com.sun.glass.ui.Application.enterNestedEventLoop()Ljava/lang/Object;+14
j  com.sun.glass.ui.EventLoop.enter()Ljava/lang/Object;+42
j  com.sun.javafx.tk.quantum.QuantumToolkit.enterNestedEventLoop(Ljava/lang/Object;)Ljava/lang/Object;+98
j  javafx.stage.Stage.showAndWait()V+93
j  javafx.scene.control.HeavyweightDialog.showAndWait()V+22
j  javafx.scene.control.Dialog.showAndWait()Ljava/util/Optional;+86
j  com.express.servermanagertool.ui.RemoteFileBrowser.showError(Ljava/lang/String;)V+15
j  com.express.servermanagertool.ui.RemoteFileBrowser.lambda$loadDirectory$27(Ljava/lang/Exception;)V+10
j  com.express.servermanagertool.ui.RemoteFileBrowser$$Lambda$939+0x000001e00b39cf28.run()V+8
j  com.sun.javafx.application.PlatformImpl.lambda$runLater$10(Ljava/lang/Runnable;)Ljava/lang/Void;+1
j  com.sun.javafx.application.PlatformImpl$$Lambda$180+0x000001e00b116a08.run()Ljava/lang/Object;+4
J 2800 c1 java.security.AccessController.doPrivileged(Ljava/security/PrivilegedAction;Ljava/security/AccessControlContext;)Ljava/lang/Object; java.base@17.0.12 (17 bytes) @ 0x000001e06d930adc [0x000001e06d930900+0x00000000000001dc]
j  com.sun.javafx.application.PlatformImpl.lambda$runLater$11(Ljava/lang/Runnable;Ljava/security/AccessControlContext;)V+7
j  com.sun.javafx.application.PlatformImpl$$Lambda$179+0x000001e00b113640.run()V+8
J 2931 c1 com.sun.glass.ui.InvokeLaterDispatcher$Future.run()V (91 bytes) @ 0x000001e06d968a94 [0x000001e06d968980+0x0000000000000114]
v  ~StubRoutines::call_stub
j  com.sun.glass.ui.win.WinApplication._enterNestedEventLoopImpl()Ljava/lang/Object;+0
j  com.sun.glass.ui.win.WinApplication._enterNestedEventLoop()Ljava/lang/Object;+15
j  com.sun.glass.ui.Application.enterNestedEventLoop()Ljava/lang/Object;+14
j  com.sun.glass.ui.EventLoop.enter()Ljava/lang/Object;+42
j  com.sun.javafx.tk.quantum.QuantumToolkit.enterNestedEventLoop(Ljava/lang/Object;)Ljava/lang/Object;+98
j  javafx.stage.Stage.showAndWait()V+93
j  javafx.scene.control.HeavyweightDialog.showAndWait()V+22
j  javafx.scene.control.Dialog.showAndWait()Ljava/util/Optional;+86
j  com.express.servermanagertool.ui.RemoteFileBrowser.showError(Ljava/lang/String;)V+15
j  com.express.servermanagertool.ui.RemoteFileBrowser.lambda$loadDirectory$27(Ljava/lang/Exception;)V+10
j  com.express.servermanagertool.ui.RemoteFileBrowser$$Lambda$939+0x000001e00b39cf28.run()V+8
j  com.sun.javafx.application.PlatformImpl.lambda$runLater$10(Ljava/lang/Runnable;)Ljava/lang/Void;+1
j  com.sun.javafx.application.PlatformImpl$$Lambda$180+0x000001e00b116a08.run()Ljava/lang/Object;+4
J 2800 c1 java.security.AccessController.doPrivileged(Ljava/security/PrivilegedAction;Ljava/security/AccessControlContext;)Ljava/lang/Object; java.base@17.0.12 (17 bytes) @ 0x000001e06d930adc [0x000001e06d930900+0x00000000000001dc]
j  com.sun.javafx.application.PlatformImpl.lambda$runLater$11(Ljava/lang/Runnable;Ljava/security/AccessControlContext;)V+7
j  com.sun.javafx.application.PlatformImpl$$Lambda$179+0x000001e00b113640.run()V+8
J 2931 c1 com.sun.glass.ui.InvokeLaterDispatcher$Future.run()V (91 bytes) @ 0x000001e06d968a94 [0x000001e06d968980+0x0000000000000114]
v  ~StubRoutines::call_stub
j  com.sun.glass.ui.win.WinApplication._enterNestedEventLoopImpl()Ljava/lang/Object;+0
j  com.sun.glass.ui.win.WinApplication._enterNestedEventLoop()Ljava/lang/Object;+15
j  com.sun.glass.ui.Application.enterNestedEventLoop()Ljava/lang/Object;+14
j  com.sun.glass.ui.EventLoop.enter()Ljava/lang/Object;+42
j  com.sun.javafx.tk.quantum.QuantumToolkit.enterNestedEventLoop(Ljava/lang/Object;)Ljava/lang/Object;+98
j  javafx.stage.Stage.showAndWait()V+93
j  javafx.scene.control.HeavyweightDialog.showAndWait()V+22
j  javafx.scene.control.Dialog.showAndWait()Ljava/util/Optional;+86
j  com.express.servermanagertool.ui.RemoteFileBrowser.showError(Ljava/lang/String;)V+15
j  com.express.servermanagertool.ui.RemoteFileBrowser.lambda$loadDirectory$27(Ljava/lang/Exception;)V+10
j  com.express.servermanagertool.ui.RemoteFileBrowser$$Lambda$939+0x000001e00b39cf28.run()V+8
j  com.sun.javafx.application.PlatformImpl.lambda$runLater$10(Ljava/lang/Runnable;)Ljava/lang/Void;+1
j  com.sun.javafx.application.PlatformImpl$$Lambda$180+0x000001e00b116a08.run()Ljava/lang/Object;+4
J 2800 c1 java.security.AccessController.doPrivileged(Ljava/security/PrivilegedAction;Ljava/security/AccessControlContext;)Ljava/lang/Object; java.base@17.0.12 (17 bytes) @ 0x000001e06d930adc [0x000001e06d930900+0x00000000000001dc]
j  com.sun.javafx.application.PlatformImpl.lambda$runLater$11(Ljava/lang/Runnable;Ljava/security/AccessControlContext;)V+7
j  com.sun.javafx.application.PlatformImpl$$Lambda$179+0x000001e00b113640.run()V+8
J 2931 c1 com.sun.glass.ui.InvokeLaterDispatcher$Future.run()V (91 bytes) @ 0x000001e06d968a94 [0x000001e06d968980+0x0000000000000114]
v  ~StubRoutines::call_stub
j  com.sun.glass.ui.win.WinApplication._enterNestedEventLoopImpl()Ljava/lang/Object;+0
j  com.sun.glass.ui.win.WinApplication._enterNestedEventLoop()Ljava/lang/Object;+15
j  com.sun.glass.ui.Application.enterNestedEventLoop()Ljava/lang/Object;+14
j  com.sun.glass.ui.EventLoop.enter()Ljava/lang/Object;+42
j  com.sun.javafx.tk.quantum.QuantumToolkit.enterNestedEventLoop(Ljava/lang/Object;)Ljava/lang/Object;+98
j  javafx.stage.Stage.showAndWait()V+93
j  javafx.scene.control.HeavyweightDialog.showAndWait()V+22
j  javafx.scene.control.Dialog.showAndWait()Ljava/util/Optional;+86
j  com.express.servermanagertool.ui.RemoteFileBrowser.showError(Ljava/lang/String;)V+15
j  com.express.servermanagertool.ui.RemoteFileBrowser.lambda$loadDirectory$27(Ljava/lang/Exception;)V+10
j  com.express.servermanagertool.ui.RemoteFileBrowser$$Lambda$939+0x000001e00b39cf28.run()V+8
j  com.sun.javafx.application.PlatformImpl.lambda$runLater$10(Ljava/lang/Runnable;)Ljava/lang/Void;+1
j  com.sun.javafx.application.PlatformImpl$$Lambda$180+0x000001e00b116a08.run()Ljava/lang/Object;+4
J 2800 c1 java.security.AccessController.doPrivileged(Ljava/security/PrivilegedAction;Ljava/security/AccessControlContext;)Ljava/lang/Object; java.base@17.0.12 (17 bytes) @ 0x000001e06d930adc [0x000001e06d930900+0x00000000000001dc]
j  com.sun.javafx.application.PlatformImpl.lambda$runLater$11(Ljava/lang/Runnable;Ljava/security/AccessControlContext;)V+7
j  com.sun.javafx.application.PlatformImpl$$Lambda$179+0x000001e00b113640.run()V+8
J 2931 c1 com.sun.glass.ui.InvokeLaterDispatcher$Future.run()V (91 bytes) @ 0x000001e06d968a94 [0x000001e06d968980+0x0000000000000114]
v  ~StubRoutines::call_stub
j  com.sun.glass.ui.win.WinApplication._enterNestedEventLoopImpl()Ljava/lang/Object;+0
j  com.sun.glass.ui.win.WinApplication._enterNestedEventLoop()Ljava/lang/Object;+15
j  com.sun.glass.ui.Application.enterNestedEventLoop()Ljava/lang/Object;+14
j  com.sun.glass.ui.EventLoop.enter()Ljava/lang/Object;+42
j  com.sun.javafx.tk.quantum.QuantumToolkit.enterNestedEventLoop(Ljava/lang/Object;)Ljava/lang/Object;+98
j  javafx.stage.Stage.showAndWait()V+93
j  javafx.scene.control.HeavyweightDialog.showAndWait()V+22
j  javafx.scene.control.Dialog.showAndWait()Ljava/util/Optional;+86
j  com.express.servermanagertool.ui.RemoteFileBrowser.showError(Ljava/lang/String;)V+15
j  com.express.servermanagertool.ui.RemoteFileBrowser.lambda$loadDirectory$27(Ljava/lang/Exception;)V+10
j  com.express.servermanagertool.ui.RemoteFileBrowser$$Lambda$939+0x000001e00b39cf28.run()V+8
j  com.sun.javafx.application.PlatformImpl.lambda$runLater$10(Ljava/lang/Runnable;)Ljava/lang/Void;+1
j  com.sun.javafx.application.PlatformImpl$$Lambda$180+0x000001e00b116a08.run()Ljava/lang/Object;+4
J 2800 c1 java.security.AccessController.doPrivileged(Ljava/security/PrivilegedAction;Ljava/security/AccessControlContext;)Ljava/lang/Object; java.base@17.0.12 (17 bytes) @ 0x000001e06d930adc [0x000001e06d930900+0x00000000000001dc]
j  com.sun.javafx.application.PlatformImpl.lambda$runLater$11(Ljava/lang/Runnable;Ljava/security/AccessControlContext;)V+7
j  com.sun.javafx.application.PlatformImpl$$Lambda$179+0x000001e00b113640.run()V+8
J 2931 c1 com.sun.glass.ui.InvokeLaterDispatcher$Future.run()V (91 bytes) @ 0x000001e06d968a94 [0x000001e06d968980+0x0000000000000114]
v  ~StubRoutines::call_stub
j  com.sun.glass.ui.win.WinApplication._enterNestedEventLoopImpl()Ljava/lang/Object;+0
j  com.sun.glass.ui.win.WinApplication._enterNestedEventLoop()Ljava/lang/Object;+15
j  com.sun.glass.ui.Application.enterNestedEventLoop()Ljava/lang/Object;+14
j  com.sun.glass.ui.EventLoop.enter()Ljava/lang/Object;+42
j  com.sun.javafx.tk.quantum.QuantumToolkit.enterNestedEventLoop(Ljava/lang/Object;)Ljava/lang/Object;+98
j  javafx.stage.Stage.showAndWait()V+93
j  javafx.scene.control.HeavyweightDialog.showAndWait()V+22
j  javafx.scene.control.Dialog.showAndWait()Ljava/util/Optional;+86
j  com.express.servermanagertool.ui.RemoteFileBrowser.showError(Ljava/lang/String;)V+15
j  com.express.servermanagertool.ui.RemoteFileBrowser.lambda$loadDirectory$27(Ljava/lang/Exception;)V+10
j  com.express.servermanagertool.ui.RemoteFileBrowser$$Lambda$939+0x000001e00b39cf28.run()V+8
j  com.sun.javafx.application.PlatformImpl.lambda$runLater$10(Ljava/lang/Runnable;)Ljava/lang/Void;+1
j  com.sun.javafx.application.PlatformImpl$$Lambda$180+0x000001e00b116a08.run()Ljava/lang/Object;+4
J 2800 c1 java.security.AccessController.doPrivileged(Ljava/security/PrivilegedAction;Ljava/security/AccessControlContext;)Ljava/lang/Object; java.base@17.0.12 (17 bytes) @ 0x000001e06d930adc [0x000001e06d930900+0x00000000000001dc]
j  com.sun.javafx.application.PlatformImpl.lambda$runLater$11(Ljava/lang/Runnable;Ljava/security/AccessControlContext;)V+7
j  com.sun.javafx.application.PlatformImpl$$Lambda$179+0x000001e00b113640.run()V+8
J 2931 c1 com.sun.glass.ui.InvokeLaterDispatcher$Future.run()V (91 bytes) @ 0x000001e06d968a94 [0x000001e06d968980+0x0000000000000114]
v  ~StubRoutines::call_stub
j  com.sun.glass.ui.win.WinApplication._enterNestedEventLoopImpl()Ljava/lang/Object;+0
j  com.sun.glass.ui.win.WinApplication._enterNestedEventLoop()Ljava/lang/Object;+15
j  com.sun.glass.ui.Application.enterNestedEventLoop()Ljava/lang/Object;+14
j  com.sun.glass.ui.EventLoop.enter()Ljava/lang/Object;+42
j  com.sun.javafx.tk.quantum.QuantumToolkit.enterNestedEventLoop(Ljava/lang/Object;)Ljava/lang/Object;+98
j  javafx.stage.Stage.showAndWait()V+93
j  javafx.scene.control.HeavyweightDialog.showAndWait()V+22
j  javafx.scene.control.Dialog.showAndWait()Ljava/util/Optional;+86
j  com.express.servermanagertool.ui.RemoteFileBrowser.showError(Ljava/lang/String;)V+15
j  com.express.servermanagertool.ui.RemoteFileBrowser.lambda$loadDirectory$27(Ljava/lang/Exception;)V+10
j  com.express.servermanagertool.ui.RemoteFileBrowser$$Lambda$939+0x000001e00b39cf28.run()V+8
j  com.sun.javafx.application.PlatformImpl.lambda$runLater$10(Ljava/lang/Runnable;)Ljava/lang/Void;+1
j  com.sun.javafx.application.PlatformImpl$$Lambda$180+0x000001e00b116a08.run()Ljava/lang/Object;+4
J 2800 c1 java.security.AccessController.doPrivileged(Ljava/security/PrivilegedAction;Ljava/security/AccessControlContext;)Ljava/lang/Object; java.base@17.0.12 (17 bytes) @ 0x000001e06d930adc [0x000001e06d930900+0x00000000000001dc]
j  com.sun.javafx.application.PlatformImpl.lambda$runLater$11(Ljava/lang/Runnable;Ljava/security/AccessControlContext;)V+7
j  com.sun.javafx.application.PlatformImpl$$Lambda$179+0x000001e00b113640.run()V+8
J 2931 c1 com.sun.glass.ui.InvokeLaterDispatcher$Future.run()V (91 bytes) @ 0x000001e06d968a94 [0x000001e06d968980+0x0000000000000114]
v  ~StubRoutines::call_stub
j  com.sun.glass.ui.win.WinApplication._enterNestedEventLoopImpl()Ljava/lang/Object;+0
j  com.sun.glass.ui.win.WinApplication._enterNestedEventLoop()Ljava/lang/Object;+15
j  com.sun.glass.ui.Application.enterNestedEventLoop()Ljava/lang/Object;+14
j  com.sun.glass.ui.EventLoop.enter()Ljava/lang/Object;+42
j  com.sun.javafx.tk.quantum.QuantumToolkit.enterNestedEventLoop(Ljava/lang/Object;)Ljava/lang/Object;+98
j  javafx.stage.Stage.showAndWait()V+93
j  javafx.scene.control.HeavyweightDialog.showAndWait()V+22
j  javafx.scene.control.Dialog.showAndWait()Ljava/util/Optional;+86
j  com.express.servermanagertool.ui.RemoteFileBrowser.showError(Ljava/lang/String;)V+15
j  com.express.servermanagertool.ui.RemoteFileBrowser.lambda$loadDirectory$27(Ljava/lang/Exception;)V+10
j  com.express.servermanagertool.ui.RemoteFileBrowser$$Lambda$939+0x000001e00b39cf28.run()V+8
j  com.sun.javafx.application.PlatformImpl.lambda$runLater$10(Ljava/lang/Runnable;)Ljava/lang/Void;+1
j  com.sun.javafx.application.PlatformImpl$$Lambda$180+0x000001e00b116a08.run()Ljava/lang/Object;+4
J 2800 c1 java.security.AccessController.doPrivileged(Ljava/security/PrivilegedAction;Ljava/security/AccessControlContext;)Ljava/lang/Object; java.base@17.0.12 (17 bytes) @ 0x000001e06d930adc [0x000001e06d930900+0x00000000000001dc]
j  com.sun.javafx.application.PlatformImpl.lambda$runLater$11(Ljava/lang/Runnable;Ljava/security/AccessControlContext;)V+7
j  com.sun.javafx.application.PlatformImpl$$Lambda$179+0x000001e00b113640.run()V+8
J 2931 c1 com.sun.glass.ui.InvokeLaterDispatcher$Future.run()V (91 bytes) @ 0x000001e06d968a94 [0x000001e06d968980+0x0000000000000114]
v  ~StubRoutines::call_stub
j  com.sun.glass.ui.win.WinApplication._enterNestedEventLoopImpl()Ljava/lang/Object;+0
j  com.sun.glass.ui.win.WinApplication._enterNestedEventLoop()Ljava/lang/Object;+15
j  com.sun.glass.ui.Application.enterNestedEventLoop()Ljava/lang/Object;+14
j  com.sun.glass.ui.EventLoop.enter()Ljava/lang/Object;+42
j  com.sun.javafx.tk.quantum.QuantumToolkit.enterNestedEventLoop(Ljava/lang/Object;)Ljava/lang/Object;+98
j  javafx.stage.Stage.showAndWait()V+93
j  javafx.scene.control.HeavyweightDialog.showAndWait()V+22
j  javafx.scene.control.Dialog.showAndWait()Ljava/util/Optional;+86
j  com.express.servermanagertool.ui.RemoteFileBrowser.showError(Ljava/lang/String;)V+15
j  com.express.servermanagertool.ui.RemoteFileBrowser.lambda$loadDirectory$27(Ljava/lang/Exception;)V+10
j  com.express.servermanagertool.ui.RemoteFileBrowser$$Lambda$939+0x000001e00b39cf28.run()V+8
j  com.sun.javafx.application.PlatformImpl.lambda$runLater$10(Ljava/lang/Runnable;)Ljava/lang/Void;+1
j  com.sun.javafx.application.PlatformImpl$$Lambda$180+0x000001e00b116a08.run()Ljava/lang/Object;+4
J 2800 c1 java.security.AccessController.doPrivileged(Ljava/security/PrivilegedAction;Ljava/security/AccessControlContext;)Ljava/lang/Object; java.base@17.0.12 (17 bytes) @ 0x000001e06d930adc [0x000001e06d930900+0x00000000000001dc]
j  com.sun.javafx.application.PlatformImpl.lambda$runLater$11(Ljava/lang/Runnable;Ljava/security/AccessControlContext;)V+7
j  com.sun.javafx.application.PlatformImpl$$Lambda$179+0x000001e00b113640.run()V+8
J 2931 c1 com.sun.glass.ui.InvokeLaterDispatcher$Future.run()V (91 bytes) @ 0x000001e06d968a94 [0x000001e06d968980+0x0000000000000114]
v  ~StubRoutines::call_stub
j  com.sun.glass.ui.win.WinApplication._runLoop(Ljava/lang/Runnable;)V+0
j  com.sun.glass.ui.win.WinApplication.lambda$runLoop$3(ILjava/lang/Runnable;)V+8
j  com.sun.glass.ui.win.WinApplication$$Lambda$168+0x000001e00b101198.run()V+12
j  java.lang.Thread.run()V+11 java.base@17.0.12
v  ~StubRoutines::call_stub

siginfo: EXCEPTION_ACCESS_VIOLATION (0xc0000005), reading address 0x0000000000000000


Registers:
RAX=0x000001e00a456220, RBX=0x000001e081bc5cc0, RCX=0x0000000000000000, RDX=0x00007e1a9d8032d2
RSP=0x0000000ba8810098, RBP=0x00007ffaa7c59928, RSI=0x0000000000000000, RDI=0x000001e00a456220
R8 =0x0000000000000000, R9 =0x0000000000000000, R10=0x000001e05019e550, R11=0x0000000ba8810268
R12=0x000001e0500a3db0, R13=0x00007ffaa7c59928, R14=0x0000000000000000, R15=0x00007ffaa7c594f8
RIP=0x00007ffa0152c150, EFLAGS=0x0000000000010246


Register to memory mapping:

RIP=0x00007ffa0152c150 jvm.dll
RAX=0x000001e00a456220 is pointing into metadata
RBX=0x000001e081bc5cc0 points into unknown readable memory: 0x6573000d976a0002 | 02 00 6a 97 0d 00 73 65
RCX=0x0 is NULL
RDX=0x00007e1a9d8032d2 is an unknown value
RSP=0x0000000ba8810098 is pointing into the stack for thread: 0x000001e0500a3db0
RBP=0x00007ffaa7c59928 glass.dll
RSI=0x0 is NULL
RDI=0x000001e00a456220 is pointing into metadata
R8 =0x0 is NULL
R9 =0x0 is NULL
R10=0x000001e05019e550 points into unknown readable memory: 0x00000200000000fe | fe 00 00 00 00 02 00 00
R11=0x0000000ba8810268 is pointing into the stack for thread: 0x000001e0500a3db0
R12=0x000001e0500a3db0 is a thread
R13=0x00007ffaa7c59928 glass.dll
R14=0x0 is NULL
R15=0x00007ffaa7c594f8 glass.dll


Top of Stack: (sp=0x0000000ba8810098)
0x0000000ba8810098:   00007ffa0190d1c9 000001e081bc5cc0
0x0000000ba88100a8:   0000000000000000 0000000000000004
0x0000000ba88100b8:   000001e00a445408 000001e050152fe8
0x0000000ba88100c8:   0000000708733790 000001e0500a3d00
0x0000000ba88100d8:   000001e0500cffc0 000001e0579ba610
0x0000000ba88100e8:   000001e0579bad38 00007ffaa7c59928
0x0000000ba88100f8:   00000000000080b0 0013462eabc98f88
0x0000000ba8810108:   00007ffa01900181 000000070368bf10
0x0000000ba8810118:   0000000ba88100c8 0000000ba8810109
0x0000000ba8810128:   0000000800000001 000001e04b45ad00
0x0000000ba8810138:   0000000000000000 000024a434259eb2
0x0000000ba8810148:   00007ffa0000000e 0000000000000000
0x0000000ba8810158:   00007ffa01e30348 000001e0500a4060
0x0000000ba8810168:   0000000000000000 0000000ba8810278
0x0000000ba8810178:   00007ffa018fd03e 000001e0500a3db0
0x0000000ba8810188:   000001e0500a3db0 000001e04f16b558 

Instructions: (pc=0x00007ffa0152c150)
0x00007ffa0152c050:   cc cf a8 00 48 83 c4 20 5b 48 ff e0 48 8d 05 ed
0x00007ffa0152c060:   00 00 00 48 8b cb 48 89 05 b3 cf a8 00 48 83 c4
0x00007ffa0152c070:   20 5b 48 ff e0 48 8d 05 d4 00 00 00 48 8b cb 48
0x00007ffa0152c080:   89 05 9a cf a8 00 48 83 c4 20 5b 48 ff e0 48 8b
0x00007ffa0152c090:   0d bb c5 ae 00 8b 51 10 83 ea 01 0f 84 91 00 00
0x00007ffa0152c0a0:   00 83 ea 01 74 73 83 ea 01 74 55 83 fa 01 74 37
0x00007ffa0152c0b0:   4c 8d 0d 99 da 82 00 41 b8 e9 00 00 00 48 8d 15
0x00007ffa0152c0c0:   c4 da 82 00 b9 00 00 00 e0 e8 62 8c 23 00 e8 8d
0x00007ffa0152c0d0:   da 66 00 33 c0 48 8b cb 48 89 05 41 cf a8 00 48
0x00007ffa0152c0e0:   83 c4 20 5b 48 ff e0 48 8d 05 72 00 00 00 48 8b
0x00007ffa0152c0f0:   cb 48 89 05 28 cf a8 00 48 83 c4 20 5b 48 ff e0
0x00007ffa0152c100:   48 8d 05 49 00 00 00 48 8b cb 48 89 05 0f cf a8
0x00007ffa0152c110:   00 48 83 c4 20 5b 48 ff e0 48 8d 05 30 00 00 00
0x00007ffa0152c120:   48 8b cb 48 89 05 f6 ce a8 00 48 83 c4 20 5b 48
0x00007ffa0152c130:   ff e0 48 8d 05 17 00 00 00 48 8b cb 48 89 05 dd
0x00007ffa0152c140:   ce a8 00 48 83 c4 20 5b 48 ff e0 cc cc cc cc cc
0x00007ffa0152c150:   48 8b 01 c3 cc cc cc cc cc cc cc cc cc cc cc cc
0x00007ffa0152c160:   48 89 5c 24 08 57 48 83 ec 20 48 8b 39 48 8b d9
0x00007ffa0152c170:   48 85 3d 11 a6 b3 00 75 0e 48 8b c7 48 8b 5c 24
0x00007ffa0152c180:   30 48 83 c4 20 5f c3 48 8b cf e8 11 ff 7f 00 48
0x00007ffa0152c190:   8b d0 48 85 c0 74 20 48 8b c7 f0 48 0f b1 13 74
0x00007ffa0152c1a0:   16 48 85 05 e0 a5 b3 00 74 0d 48 8b c8 f0 48 0f
0x00007ffa0152c1b0:   b1 13 48 3b c1 75 ea 48 8b 5c 24 30 48 8b c2 48
0x00007ffa0152c1c0:   83 c4 20 5f c3 cc cc cc cc cc cc cc cc cc cc cc
0x00007ffa0152c1d0:   8b 44 24 30 45 03 c9 44 2b 4c 24 28 83 c0 0b 44
0x00007ffa0152c1e0:   03 ca 45 03 c8 41 03 c1 c3 cc cc cc cc cc cc cc
0x00007ffa0152c1f0:   48 8b 41 08 0f b7 48 2a 0f b7 40 28 83 c0 48 03
0x00007ffa0152c200:   c1 c3 cc cc cc cc cc cc cc cc cc cc cc cc cc cc
0x00007ffa0152c210:   48 89 5c 24 08 57 48 83 ec 20 0f b6 05 4f ad b3
0x00007ffa0152c220:   00 48 8b fa 48 8b d9 84 c0 74 4f 48 85 15 56 a5
0x00007ffa0152c230:   b3 00 74 38 48 8b ca e8 74 01 80 00 48 8b d0 48
0x00007ffa0152c240:   85 db 74 25 48 85 c0 74 20 48 8b c7 f0 48 0f b1 


Stack slot to memory mapping:
stack at sp + 0 slots: 0x00007ffa0190d1c9 jvm.dll
stack at sp + 1 slots: 0x000001e081bc5cc0 points into unknown readable memory: 0x6573000d976a0002 | 02 00 6a 97 0d 00 73 65
stack at sp + 2 slots: 0x0 is NULL
stack at sp + 3 slots: 0x0000000000000004 is an unknown value
stack at sp + 4 slots: {method} {0x000001e00a445410} 'forName' '(Ljava/lang/String;ZLjava/lang/ClassLoader;)Ljava/lang/Class;' in 'java/lang/Class'
stack at sp + 5 slots: 0x000001e050152fe8 points into unknown readable memory: 0x0000000000000001 | 01 00 00 00 00 00 00 00
stack at sp + 6 slots: 0x0000000708733790 is an oop: java.lang.StackOverflowError 
{0x0000000708733790} - klass: 'java/lang/StackOverflowError'
 - ---- fields (total size 5 words):
 - private transient 'depth' 'I' @12  1024 (400)
 - private transient 'backtrace' 'Ljava/lang/Object;' @16  a 'java/lang/Object'[6] {0x00000007087337b8} (e10e66f7)
 - private 'detailMessage' 'Ljava/lang/String;' @20  NULL (0)
 - private 'cause' 'Ljava/lang/Throwable;' @24  NULL (0)
 - private 'stackTrace' '[Ljava/lang/StackTraceElement;' @28  a 'java/lang/StackTraceElement'[1024] {0x0000000708738f48} (e10e71e9)
 - private 'suppressedExceptions' 'Ljava/util/List;' @32  NULL (0)
stack at sp + 7 slots: 0x000001e0500a3d00 points into unknown readable memory: 0x000001e05019e770 | 70 e7 19 50 e0 01 00 00


Compiled method (c1)   28708 6707       3       com.sun.javafx.application.PlatformImpl$$Lambda$180/0x000001e00b116a08::run (8 bytes)
 total in heap  [0x000001e06e0d9990,0x000001e06e0d9e38] = 1192
 relocation     [0x000001e06e0d9ae8,0x000001e06e0d9b30] = 72
 main code      [0x000001e06e0d9b40,0x000001e06e0d9d40] = 512
 stub code      [0x000001e06e0d9d40,0x000001e06e0d9d88] = 72
 oops           [0x000001e06e0d9d88,0x000001e06e0d9d90] = 8
 metadata       [0x000001e06e0d9d90,0x000001e06e0d9da0] = 16
 scopes data    [0x000001e06e0d9da0,0x000001e06e0d9dc0] = 32
 scopes pcs     [0x000001e06e0d9dc0,0x000001e06e0d9e20] = 96
 dependencies   [0x000001e06e0d9e20,0x000001e06e0d9e28] = 8
 nul chk table  [0x000001e06e0d9e28,0x000001e06e0d9e38] = 16

[Constant Pool (empty)]

[MachCode]
[Entry Point]
  # {method} {0x000001e04b83f428} 'run' '()Ljava/lang/Object;' in 'com/sun/javafx/application/PlatformImpl$$Lambda$180+0x000001e00b116a08'
  #           [sp+0x40]  (sp of caller)
  0x000001e06e0d9b40: 448b 5208 | 49bb 0000 | 000a e001 | 0000 4d03 | d34c 3bd0 

  0x000001e06e0d9b54: ;   {runtime_call ic_miss_stub}
  0x000001e06e0d9b54: 0f85 2634 | 8a06 660f | 1f44 0000 
[Verified Entry Point]
  0x000001e06e0d9b60: 8984 2400 | 90ff ff55 | 4883 ec30 

  0x000001e06e0d9b6c: ;   {metadata(method data for {method} {0x000001e04b83f428} 'run' '()Ljava/lang/Object;' in 'com/sun/javafx/application/PlatformImpl$$Lambda$180+0x000001e00b116a08')}
  0x000001e06e0d9b6c: 48be 1024 | 5e4c e001 | 0000 8bbe | cc00 0000 | 83c7 0289 | becc 0000 | 0081 e7fe | 0700 0083 
  0x000001e06e0d9b8c: ff00 0f84 | 0d01 0000 | 8b52 0c48 

  0x000001e06e0d9b98: ;   {metadata(method data for {method} {0x000001e04b83f428} 'run' '()Ljava/lang/Object;' in 'com/sun/javafx/application/PlatformImpl$$Lambda$180+0x000001e00b116a08')}
  0x000001e06e0d9b98: c1e2 0348 | be10 245e | 4ce0 0100 | 0048 8386 | 1001 0000 

  0x000001e06e0d9bac: ;   {metadata(method data for {method} {0x000001e04b462a38} 'lambda$runLater$10' '(Ljava/lang/Runnable;)Ljava/lang/Void;' in 'com/sun/javafx/application/PlatformImpl')}
  0x000001e06e0d9bac: 0148 be70 | 255e 4ce0 | 0100 008b | becc 0000 | 0083 c702 | 89be cc00 | 0000 81e7 | feff 1f00 
  0x000001e06e0d9bcc: 83ff 000f | 84ed 0000 | 0048 3b02 

  0x000001e06e0d9bd8: ;   {metadata(method data for {method} {0x000001e04b462a38} 'lambda$runLater$10' '(Ljava/lang/Runnable;)Ljava/lang/Void;' in 'com/sun/javafx/application/PlatformImpl')}
  0x000001e06e0d9bd8: 488b f248 | bf70 255e | 4ce0 0100 | 008b 7608 | 49ba 0000 | 000a e001 | 0000 4903 | f248 3bb7 
  0x000001e06e0d9bf8: 2001 0000 | 750d 4883 | 8728 0100 | 0001 e966 | 0000 0048 | 3bb7 3001 | 0000 750d | 4883 8738 
  0x000001e06e0d9c18: 0100 0001 | e950 0000 | 0048 81bf | 2001 0000 | 0000 0000 | 7517 4889 | b720 0100 | 0048 c787 
  0x000001e06e0d9c38: 2801 0000 | 0100 0000 | e92c 0000 | 0048 81bf | 3001 0000 | 0000 0000 | 7517 4889 | b730 0100 
  0x000001e06e0d9c58: 0048 c787 | 3801 0000 | 0100 0000 | e908 0000 | 0048 8387 | 1001 0000 | 010f 1f40 | 0048 b850 
  0x000001e06e0d9c78: 3afa 50e0 

  0x000001e06e0d9c7c: ;   {virtual_call}
  0x000001e06e0d9c7c: 0100 00e8 

  0x000001e06e0d9c80: ; ImmutableOopMap {}
                      ;*invokeinterface run {reexecute=0 rethrow=0 return_oop=0}
                      ; - com.sun.javafx.application.PlatformImpl::lambda$runLater$10@1 (line 456)
                      ; - com.sun.javafx.application.PlatformImpl$$Lambda$180/0x000001e00b116a08::run@4
  0x000001e06e0d9c80: 0c7d 9506 

  0x000001e06e0d9c84: ;   {oop(NULL)}
  0x000001e06e0d9c84: 48b8 0000 | 0000 0000 | 0000 4883 

  0x000001e06e0d9c90: ;   {poll_return}
  0x000001e06e0d9c90: c430 5d49 | 3ba7 4803 | 0000 0f87 | 4800 0000 

  0x000001e06e0d9ca0: ;   {metadata({method} {0x000001e04b83f428} 'run' '()Ljava/lang/Object;' in 'com/sun/javafx/application/PlatformImpl$$Lambda$180+0x000001e00b116a08')}
  0x000001e06e0d9ca0: c349 ba20 | f483 4be0 | 0100 004c | 8954 2408 | 48c7 0424 | ffff ffff 

  0x000001e06e0d9cb8: ;   {runtime_call counter_overflow Runtime1 stub}
  0x000001e06e0d9cb8: e8c3 4895 

  0x000001e06e0d9cbc: ; ImmutableOopMap {rdx=Oop }
                      ;*synchronization entry
                      ; - com.sun.javafx.application.PlatformImpl$$Lambda$180/0x000001e00b116a08::run@-1
  0x000001e06e0d9cbc: 06e9 d2fe 

  0x000001e06e0d9cc0: ;   {metadata({method} {0x000001e04b462a38} 'lambda$runLater$10' '(Ljava/lang/Runnable;)Ljava/lang/Void;' in 'com/sun/javafx/application/PlatformImpl')}
  0x000001e06e0d9cc0: ffff 49ba | 302a 464b | e001 0000 | 4c89 5424 | 0848 c704 | 24ff ffff 

  0x000001e06e0d9cd8: ;   {runtime_call counter_overflow Runtime1 stub}
  0x000001e06e0d9cd8: ffe8 a248 

  0x000001e06e0d9cdc: ; ImmutableOopMap {rdx=Oop }
                      ;*synchronization entry
                      ; - com.sun.javafx.application.PlatformImpl::lambda$runLater$10@-1 (line 456)
                      ; - com.sun.javafx.application.PlatformImpl$$Lambda$180/0x000001e00b116a08::run@4
  0x000001e06e0d9cdc: 9506 e9f2 

  0x000001e06e0d9ce0: ;   {runtime_call throw_null_pointer_exception Runtime1 stub}
  0x000001e06e0d9ce0: feff ffe8 

  0x000001e06e0d9ce4: ; ImmutableOopMap {rdx=Oop }
                      ;*invokeinterface run {reexecute=0 rethrow=0 return_oop=0}
                      ; - com.sun.javafx.application.PlatformImpl::lambda$runLater$10@1 (line 456)
                      ; - com.sun.javafx.application.PlatformImpl$$Lambda$180/0x000001e00b116a08::run@4
  0x000001e06e0d9ce4: 38dd 9406 

  0x000001e06e0d9ce8: ;   {internal_word}
  0x000001e06e0d9ce8: 49ba 939c | 0d6e e001 | 0000 4d89 | 9760 0300 

  0x000001e06e0d9cf8: ;   {runtime_call SafepointBlob}
  0x000001e06e0d9cf8: 00e9 82ac | 8a06 9090 | 498b 87d8 | 0300 0049 | c787 d803 | 0000 0000 | 0000 49c7 | 87e0 0300 
  0x000001e06e0d9d18: 0000 0000 | 0048 83c4 

  0x000001e06e0d9d20: ;   {runtime_call unwind_exception Runtime1 stub}
  0x000001e06e0d9d20: 305d e959 | ca94 06f4 | f4f4 f4f4 | f4f4 f4f4 | f4f4 f4f4 | f4f4 f4f4 | f4f4 f4f4 | f4f4 f4f4 
[Stub Code]
  0x000001e06e0d9d40: ;   {no_reloc}
  0x000001e06e0d9d40: 0f1f 4400 

  0x000001e06e0d9d44: ;   {static_stub}
  0x000001e06e0d9d44: 0048 bb00 | 0000 0000 

  0x000001e06e0d9d4c: ;   {runtime_call}
  0x000001e06e0d9d4c: 0000 00e9 | fbff ffff 
[Exception Handler]
  0x000001e06e0d9d54: ;   {runtime_call handle_exception_from_callee Runtime1 stub}
  0x000001e06e0d9d54: e8a7 0595 

  0x000001e06e0d9d58: ;   {external_word}
  0x000001e06e0d9d58: 0648 b990 | f0de 01fa | 7f00 0048 

  0x000001e06e0d9d64: ;   {runtime_call}
  0x000001e06e0d9d64: 83e4 f049 | ba20 ffac | 01fa 7f00 | 0041 ffd2 

  0x000001e06e0d9d74: ;   {section_word}
  0x000001e06e0d9d74: f449 ba75 | 9d0d 6ee0 | 0100 0041 

  0x000001e06e0d9d80: ;   {runtime_call DeoptimizationBlob}
  0x000001e06e0d9d80: 52e9 9ac0 | 8a06 f4f4 
[/MachCode]


Compiled method (c1)   28713 6240   !   3       com.sun.javafx.application.PlatformImpl::lambda$runLater$11 (41 bytes)
 total in heap  [0x000001e06dcc8310,0x000001e06dcc9580] = 4720
 relocation     [0x000001e06dcc8468,0x000001e06dcc85a0] = 312
 main code      [0x000001e06dcc85a0,0x000001e06dcc9000] = 2656
 stub code      [0x000001e06dcc9000,0x000001e06dcc90c8] = 200
 oops           [0x000001e06dcc90c8,0x000001e06dcc90d8] = 16
 metadata       [0x000001e06dcc90d8,0x000001e06dcc9138] = 96
 scopes data    [0x000001e06dcc9138,0x000001e06dcc92e0] = 424
 scopes pcs     [0x000001e06dcc92e0,0x000001e06dcc9490] = 432
 dependencies   [0x000001e06dcc9490,0x000001e06dcc9498] = 8
 handler table  [0x000001e06dcc9498,0x000001e06dcc9558] = 192
 nul chk table  [0x000001e06dcc9558,0x000001e06dcc9580] = 40

[Constant Pool (empty)]

[MachCode]
[Verified Entry Point]
  # {method} {0x000001e04b462990} 'lambda$runLater$11' '(Ljava/lang/Runnable;Ljava/security/AccessControlContext;)V' in 'com/sun/javafx/application/PlatformImpl'
  # parm0:    rdx:rdx   = 'java/lang/Runnable'
  # parm1:    r8:r8     = 'java/security/AccessControlContext'
  #           [sp+0xc0]  (sp of caller)
  0x000001e06dcc85a0: 8984 2400 | 90ff ff55 | 4881 ecb0 

  0x000001e06dcc85ac: ;   {metadata(method data for {method} {0x000001e04b462990} 'lambda$runLater$11' '(Ljava/lang/Runnable;Ljava/security/AccessControlContext;)V' in 'com/sun/javafx/application/PlatformImpl')}
  0x000001e06dcc85ac: 0000 0048 | be70 e45b | 4ce0 0100 | 008b becc | 0000 0083 | c702 89be | cc00 0000 | 81e7 fe07 
  0x000001e06dcc85cc: 0000 83ff | 000f 8412 | 0800 004c | 8984 2480 

  0x000001e06dcc85dc: ;   {metadata(method data for {method} {0x000001e04b462990} 'lambda$runLater$11' '(Ljava/lang/Runnable;Ljava/security/AccessControlContext;)V' in 'com/sun/javafx/application/PlatformImpl')}
  0x000001e06dcc85dc: 0000 0048 | be70 e45b | 4ce0 0100 | 0048 8db6 | 2001 0000 | 4885 d275 | 0ef6 4608 | 0175 53f0 
  0x000001e06dcc85fc: 4883 4e08 | 01eb 4b8b | 7a08 49ba | 0000 000a | e001 0000 | 4903 fa4c | 8bd7 4833 | 7e08 48f7 
  0x000001e06dcc861c: c7fc ffff | ff74 2b40 | f6c7 0275 | 2548 f746 | 08fe ffff | ff74 1749 | 8bfa 4833 | 7e08 48f7 
  0x000001e06dcc863c: c7fc ffff | ff74 0b48 | 834e 0802 | eb04 4889 

  0x000001e06dcc864c: ;   {metadata(method data for {method} {0x000001e00a0e1560} 'linkToTargetMethod' '(Ljava/lang/Object;Ljava/lang/Object;)Ljava/lang/Object;' in 'java/lang/invoke/Invokers$Holder')}
  0x000001e06dcc864c: 7e08 48be | f8d4 514b | e001 0000 | 488d b600 

  0x000001e06dcc865c: ;   {oop(a 'java/lang/invoke/DirectMethodHandle$Constructor'{0x0000000703939be8})}
  0x000001e06dcc865c: 0200 0048 | bfe8 9b93 | 0307 0000 | 0048 85ff | 750c f646 | 1001 7506 | f048 834e 

  0x000001e06dcc8678: ;   {metadata(method data for {method} {0x000001e04b462990} 'lambda$runLater$11' '(Ljava/lang/Runnable;Ljava/security/AccessControlContext;)V' in 'com/sun/javafx/application/PlatformImpl')}
  0x000001e06dcc8678: 1001 48be | 70e4 5b4c | e001 0000 | 4883 8610 | 0100 0001 

  0x000001e06dcc868c: ;   {metadata(method data for {method} {0x000001e00a0e1560} 'linkToTargetMethod' '(Ljava/lang/Object;Ljava/lang/Object;)Ljava/lang/Object;' in 'java/lang/invoke/Invokers$Holder')}
  0x000001e06dcc868c: 48be f8d4 | 514b e001 | 0000 8b9e | cc00 0000 | 83c3 0289 | 9ecc 0000 | 0081 e3fe | ff1f 0083 
  0x000001e06dcc86ac: fb00 0f84 | 5607 0000 

  0x000001e06dcc86b4: ;   {metadata(method data for {method} {0x000001e00a0e0e60} 'newInvokeSpecial' '(Ljava/lang/Object;Ljava/lang/Object;)Ljava/lang/Object;' in 'java/lang/invoke/DirectMethodHandle$Holder')}
  0x000001e06dcc86b4: 48be 4883 | d34b e001 | 0000 488d | b640 0200 | 0048 85ff | 750a f606 | 0175 05f0 | 4883 0e01 
  0x000001e06dcc86d4: ;   {metadata(method data for {method} {0x000001e00a0e1560} 'linkToTargetMethod' '(Ljava/lang/Object;Ljava/lang/Object;)Ljava/lang/Object;' in 'java/lang/invoke/Invokers$Holder')}
  0x000001e06dcc86d4: 48be f8d4 | 514b e001 | 0000 4883 | 8648 0100 

  0x000001e06dcc86e4: ;   {metadata(method data for {method} {0x000001e00a0e0e60} 'newInvokeSpecial' '(Ljava/lang/Object;Ljava/lang/Object;)Ljava/lang/Object;' in 'java/lang/invoke/DirectMethodHandle$Holder')}
  0x000001e06dcc86e4: 0001 48be | 4883 d34b | e001 0000 | 8b9e cc00 | 0000 83c3 | 0289 9ecc | 0000 0081 | e3fe ff1f 
  0x000001e06dcc8704: 0083 fb00 | 0f84 1d07 

  0x000001e06dcc870c: ;   {metadata(method data for {method} {0x000001e00a0e0e60} 'newInvokeSpecial' '(Ljava/lang/Object;Ljava/lang/Object;)Ljava/lang/Object;' in 'java/lang/invoke/DirectMethodHandle$Holder')}
  0x000001e06dcc870c: 0000 48be | 4883 d34b | e001 0000 | 488d b620 | 0100 0048 | 85ff 750c | f646 0801 | 7506 f048 
  0x000001e06dcc872c: 834e 0801 

  0x000001e06dcc8730: ;   {metadata(method data for {method} {0x000001e00a0e0e60} 'newInvokeSpecial' '(Ljava/lang/Object;Ljava/lang/Object;)Ljava/lang/Object;' in 'java/lang/invoke/DirectMethodHandle$Holder')}
  0x000001e06dcc8730: 48be 4883 | d34b e001 | 0000 4883 | 8610 0100 

  0x000001e06dcc8740: ;   {metadata(method data for {method} {0x000001e00a39dc10} 'allocateInstance' '(Ljava/lang/Object;)Ljava/lang/Object;' in 'java/lang/invoke/DirectMethodHandle')}
  0x000001e06dcc8740: 0001 48be | 587d 784b | e001 0000 | 8b9e cc00 | 0000 83c3 | 0289 9ecc | 0000 0081 | e3fe ff1f 
  0x000001e06dcc8760: 0083 fb00 | 0f84 e206 

  0x000001e06dcc8768: ;   {oop(a 'jdk/internal/misc/Unsafe'{0x000000070368e9d8})}
  0x000001e06dcc8768: 0000 48be | d8e9 6803 | 0700 0000 

  0x000001e06dcc8774: ;   {metadata(method data for {method} {0x000001e00a39dc10} 'allocateInstance' '(Ljava/lang/Object;)Ljava/lang/Object;' in 'java/lang/invoke/DirectMethodHandle')}
  0x000001e06dcc8774: 488b de48 | b858 7d78 | 4be0 0100 | 0048 8380 | 4801 0000 

  0x000001e06dcc8788: ;   {oop(a 'java/lang/Class'{0x00000007038f42e8} = 'com/sun/javafx/application/PlatformImpl$$Lambda$180+0x000001e00b116a08')}
  0x000001e06dcc8788: 0149 b8e8 | 428f 0307 | 0000 0048 | 8954 2478 | 488b d648 | 897c 2470 | 0f1f 8000 

  0x000001e06dcc87a4: ;   {optimized virtual_call}
  0x000001e06dcc87a4: 0000 00e8 

  0x000001e06dcc87a8: ; ImmutableOopMap {[112]=Oop [120]=Oop [128]=Oop }
                      ;*invokevirtual allocateInstance {reexecute=0 rethrow=0 return_oop=0}
                      ; - java.lang.invoke.DirectMethodHandle::allocateInstance@12 (line 520)
                      ; - java.lang.invoke.DirectMethodHandle$Holder::newInvokeSpecial@1
                      ; - java.lang.invoke.Invokers$Holder::linkToTargetMethod@5
                      ; - com.sun.javafx.application.PlatformImpl::lambda$runLater$11@1 (line 455)
  0x000001e06dcc87a8: 140c 2907 

  0x000001e06dcc87ac: ;   {metadata(method data for {method} {0x000001e00a0e0e60} 'newInvokeSpecial' '(Ljava/lang/Object;Ljava/lang/Object;)Ljava/lang/Object;' in 'java/lang/invoke/DirectMethodHandle$Holder')}
  0x000001e06dcc87ac: 48be 4883 | d34b e001 | 0000 488d | b630 0100 | 0048 85c0 | 750a f606 | 0175 05f0 | 4883 0e01 
  0x000001e06dcc87cc: ;   {metadata(method data for {method} {0x000001e00a0e0e60} 'newInvokeSpecial' '(Ljava/lang/Object;Ljava/lang/Object;)Ljava/lang/Object;' in 'java/lang/invoke/DirectMethodHandle$Holder')}
  0x000001e06dcc87cc: 48be 4883 | d34b e001 | 0000 488d | b650 0100 | 0048 8b7c | 2470 4885 | ff75 0cf6 | 4608 0175 
  0x000001e06dcc87ec: 06f0 4883 

  0x000001e06dcc87f0: ;   {metadata(method data for {method} {0x000001e00a0e0e60} 'newInvokeSpecial' '(Ljava/lang/Object;Ljava/lang/Object;)Ljava/lang/Object;' in 'java/lang/invoke/DirectMethodHandle$Holder')}
  0x000001e06dcc87f0: 4e08 0148 | be48 83d3 | 4be0 0100 | 0048 8386 | 4001 0000 

  0x000001e06dcc8804: ;   {metadata(method data for {method} {0x000001e00a39e6b8} 'constructorMethod' '(Ljava/lang/Object;)Ljava/lang/Object;' in 'java/lang/invoke/DirectMethodHandle')}
  0x000001e06dcc8804: 0148 be18 | 7f78 4be0 | 0100 008b | becc 0000 | 0083 c702 | 89be cc00 | 0000 81e7 | feff 1f00 
  0x000001e06dcc8824: 83ff 000f | 8440 0600 

  0x000001e06dcc882c: ;   {metadata(method data for {method} {0x000001e00a0e0e60} 'newInvokeSpecial' '(Ljava/lang/Object;Ljava/lang/Object;)Ljava/lang/Object;' in 'java/lang/invoke/DirectMethodHandle$Holder')}
  0x000001e06dcc882c: 0048 be48 | 83d3 4be0 | 0100 0048 | 8db6 6001 

  0x000001e06dcc883c: ;   {oop(a 'java/lang/invoke/MemberName'{0x0000000703939c98} = {method} {0x000001e04b83f398} '<init>' '(Ljava/lang/Runnable;)V' in 'com/sun/javafx/application/PlatformImpl$$Lambda$180+0x000001e00b116a08')}
  0x000001e06dcc883c: 0000 48bf | 989c 9303 | 0700 0000 | 4885 ff75 | 0af6 0601 | 7505 f048 | 830e 0148 | 3b00 488b 
  0x000001e06dcc885c: ;   {metadata(method data for {method} {0x000001e00a0e0e60} 'newInvokeSpecial' '(Ljava/lang/Object;Ljava/lang/Object;)Ljava/lang/Object;' in 'java/lang/invoke/DirectMethodHandle$Holder')}
  0x000001e06dcc885c: f048 bf48 | 83d3 4be0 | 0100 0048 | 8387 a801 

  0x000001e06dcc886c: ;   {metadata(method data for {method} {0x000001e04b83f398} '<init>' '(Ljava/lang/Runnable;)V' in 'com/sun/javafx/application/PlatformImpl$$Lambda$180+0x000001e00b116a08')}
  0x000001e06dcc886c: 0000 0148 | bee8 e65b | 4ce0 0100 | 008b becc | 0000 0083 | c702 89be | cc00 0000 | 81e7 feff 
  0x000001e06dcc888c: 1f00 83ff | 000f 84fc | 0500 0048 

  0x000001e06dcc8898: ;   {metadata(method data for {method} {0x000001e04b83f398} '<init>' '(Ljava/lang/Runnable;)V' in 'com/sun/javafx/application/PlatformImpl$$Lambda$180+0x000001e00b116a08')}
  0x000001e06dcc8898: 8bf0 48bf | e8e6 5b4c | e001 0000 | 4883 8710 | 0100 0001 

  0x000001e06dcc88ac: ;   {metadata(method data for {method} {0x000001e00a448c28} '<init>' '()V' in 'java/lang/Object')}
  0x000001e06dcc88ac: 48be f8b9 | 004b e001 | 0000 8bbe | cc00 0000 | 83c7 0289 | becc 0000 | 0081 e7fe | ff1f 0083 
  0x000001e06dcc88cc: ff00 0f84 | e005 0000 | 410f be77 | 3883 fe00 | 0f85 f305 | 0000 488b | 5424 784c | 8bd2 49c1 
  0x000001e06dcc88ec: ea03 4489 | 500c 488b | f048 33f2 | 48c1 ee15 | 4883 fe00 | 0f85 ee05 

  0x000001e06dcc8904: ;   {metadata(method data for {method} {0x000001e00a0e1560} 'linkToTargetMethod' '(Ljava/lang/Object;Ljava/lang/Object;)Ljava/lang/Object;' in 'java/lang/invoke/Invokers$Holder')}
  0x000001e06dcc8904: 0000 48be | f8d4 514b | e001 0000 | 488d b690 | 0100 0048 | 85c0 750a | f606 0175 | 05f0 4883 
  0x000001e06dcc8924: ;   {metadata(method data for {method} {0x000001e04b462990} 'lambda$runLater$11' '(Ljava/lang/Runnable;Ljava/security/AccessControlContext;)V' in 'com/sun/javafx/application/PlatformImpl')}
  0x000001e06dcc8924: 0e01 48be | 70e4 5b4c | e001 0000 | 488d b630 | 0100 0048 | 85c0 750c | f606 0175 | 4df0 4883 
  0x000001e06dcc8944: 0e01 eb46 | 8b78 0849 | ba00 0000 | 0ae0 0100 | 0049 03fa | 4c8b d748 | 333e 48f7 | c7fc ffff 
  0x000001e06dcc8964: ff74 2740 | f6c7 0275 | 2148 f706 | feff ffff | 7415 498b | fa48 333e | 48f7 c7fc | ffff ff74 
  0x000001e06dcc8984: 0948 830e | 02eb 0348 

  0x000001e06dcc898c: ;   {metadata(method data for {method} {0x000001e04b462990} 'lambda$runLater$11' '(Ljava/lang/Runnable;Ljava/security/AccessControlContext;)V' in 'com/sun/javafx/application/PlatformImpl')}
  0x000001e06dcc898c: 893e 48be | 70e4 5b4c | e001 0000 | 4883 8640 | 0100 0001 

  0x000001e06dcc89a0: ;   {metadata(method data for {method} {0x000001e00a43c820} 'doPrivileged' '(Ljava/security/PrivilegedAction;Ljava/security/AccessControlContext;)Ljava/lang/Object;' in 'java/security/AccessController')}
  0x000001e06dcc89a0: 48be f0c9 | 134c e001 | 0000 8bbe | cc00 0000 | 83c7 0289 | becc 0000 | 0081 e7fe | ff1f 0083 
  0x000001e06dcc89c0: ff00 0f84 | 4405 0000 

  0x000001e06dcc89c8: ;   {metadata(method data for {method} {0x000001e00a43c820} 'doPrivileged' '(Ljava/security/PrivilegedAction;Ljava/security/AccessControlContext;)Ljava/lang/Object;' in 'java/security/AccessController')}
  0x000001e06dcc89c8: 48be f0c9 | 134c e001 | 0000 4883 | 8610 0100 | 0001 4889 | 8424 8800 | 0000 0f1f 

  0x000001e06dcc89e4: ;   {static_call}
  0x000001e06dcc89e4: 4400 00e8 

  0x000001e06dcc89e8: ; ImmutableOopMap {[128]=Oop [136]=Oop }
                      ;*invokestatic getCallerClass {reexecute=0 rethrow=0 return_oop=0}
                      ; - java.security.AccessController::doPrivileged@0 (line 397)
                      ; - com.sun.javafx.application.PlatformImpl::lambda$runLater$11@7 (line 455)
  0x000001e06dcc89e8: d4bb 2207 

  0x000001e06dcc89ec: ;   {metadata(method data for {method} {0x000001e00a43c820} 'doPrivileged' '(Ljava/security/PrivilegedAction;Ljava/security/AccessControlContext;)Ljava/lang/Object;' in 'java/security/AccessController')}
  0x000001e06dcc89ec: 48ba f0c9 | 134c e001 | 0000 4883 | 8220 0100 | 0001 488b | 9424 8000 | 0000 4c8b | c048 8984 
  0x000001e06dcc8a0c: 2490 0000 | 0066 0f1f 

  0x000001e06dcc8a14: ;   {static_call}
  0x000001e06dcc8a14: 4400 00e8 

  0x000001e06dcc8a18: ; ImmutableOopMap {[136]=Oop [144]=Oop }
                      ;*invokestatic checkContext {reexecute=0 rethrow=0 return_oop=0}
                      ; - java.security.AccessController::doPrivileged@6 (line 398)
                      ; - com.sun.javafx.application.PlatformImpl::lambda$runLater$11@7 (line 455)
  0x000001e06dcc8a18: e4a5 3b07 | 4889 8424 | 9800 0000 

  0x000001e06dcc8a24: ;   {metadata(method data for {method} {0x000001e00a43c820} 'doPrivileged' '(Ljava/security/PrivilegedAction;Ljava/security/AccessControlContext;)Ljava/lang/Object;' in 'java/security/AccessController')}
  0x000001e06dcc8a24: 48ba f0c9 | 134c e001 | 0000 4883 | 8230 0100 

  0x000001e06dcc8a34: ;   {metadata(method data for {method} {0x000001e00a43bd40} 'executePrivileged' '(Ljava/security/PrivilegedAction;Ljava/security/AccessControlContext;Ljava/lang/Class;)Ljava/lang/Object;' in 'java/security/AccessController')}
  0x000001e06dcc8a34: 0001 48ba | a8cc 104b | e001 0000 | 8bb2 cc00 | 0000 83c6 | 0289 b2cc | 0000 0081 | e6fe ff1f 
  0x000001e06dcc8a54: 0083 fe00 | 0f84 cf04 | 0000 4883 

  0x000001e06dcc8a60: ;   {metadata(method data for {method} {0x000001e00a43bd40} 'executePrivileged' '(Ljava/security/PrivilegedAction;Ljava/security/AccessControlContext;Ljava/lang/Class;)Ljava/lang/Object;' in 'java/security/AccessController')}
  0x000001e06dcc8a60: f800 48ba | a8cc 104b | e001 0000 | 48be 1001 | 0000 0000 | 0000 0f84 | 0a00 0000 | 48be 2001 
  0x000001e06dcc8a80: 0000 0000 | 0000 488b | 3c32 488d | 7f01 4889 | 3c32 0f84 | 1c00 0000 

  0x000001e06dcc8a98: ;   {metadata(method data for {method} {0x000001e00a43bd40} 'executePrivileged' '(Ljava/security/PrivilegedAction;Ljava/security/AccessControlContext;Ljava/lang/Class;)Ljava/lang/Object;' in 'java/security/AccessController')}
  0x000001e06dcc8a98: 48ba a8cc | 104b e001 | 0000 4883 | 8230 0100 | 0001 488b 

  0x000001e06dcc8aac: ;   {static_call}
  0x000001e06dcc8aac: d066 90e8 

  0x000001e06dcc8ab0: ; ImmutableOopMap {[136]=Oop [144]=Oop [152]=Oop }
                      ;*invokestatic ensureMaterializedForStackWalk {reexecute=0 rethrow=0 return_oop=0}
                      ; - java.security.AccessController::executePrivileged@5 (line 772)
                      ; - java.security.AccessController::doPrivileged@13 (line 399)
                      ; - com.sun.javafx.application.PlatformImpl::lambda$runLater$11@7 (line 455)
  0x000001e06dcc8ab0: 8c3c 3507 

  0x000001e06dcc8ab4: ;   {metadata(method data for {method} {0x000001e00a43bd40} 'executePrivileged' '(Ljava/security/PrivilegedAction;Ljava/security/AccessControlContext;Ljava/lang/Class;)Ljava/lang/Object;' in 'java/security/AccessController')}
  0x000001e06dcc8ab4: 48ba a8cc | 104b e001 | 0000 ff82 | 4001 0000 | 488b 8424 | 8800 0000 

  0x000001e06dcc8acc: ; implicit exception: dispatches to 0x000001e06dcc8f4e
  0x000001e06dcc8acc: 483b 0048 

  0x000001e06dcc8ad0: ;   {metadata(method data for {method} {0x000001e00a43bd40} 'executePrivileged' '(Ljava/security/PrivilegedAction;Ljava/security/AccessControlContext;Ljava/lang/Class;)Ljava/lang/Object;' in 'java/security/AccessController')}
  0x000001e06dcc8ad0: 8bd0 48bf | a8cc 104b | e001 0000 | 8b52 0849 | ba00 0000 | 0ae0 0100 | 0049 03d2 | 483b 97b0 
  0x000001e06dcc8af0: 0100 0075 | 0d48 8387 | b801 0000 | 01e9 6600 | 0000 483b | 97c0 0100 | 0075 0d48 | 8387 c801 
  0x000001e06dcc8b10: 0000 01e9 | 5000 0000 | 4881 bfb0 | 0100 0000 | 0000 0075 | 1748 8997 | b001 0000 | 48c7 87b8 
  0x000001e06dcc8b30: 0100 0001 | 0000 00e9 | 2c00 0000 | 4881 bfc0 | 0100 0000 | 0000 0075 | 1748 8997 | c001 0000 
  0x000001e06dcc8b50: 48c7 87c8 | 0100 0001 | 0000 00e9 | 0800 0000 | 4883 87a0 | 0100 0001 | 488b d066 | 9048 b808 
  0x000001e06dcc8b70: 6a11 0be0 

  0x000001e06dcc8b74: ;   {virtual_call}
  0x000001e06dcc8b74: 0100 00e8 

  0x000001e06dcc8b78: ; ImmutableOopMap {[144]=Oop [152]=Oop }
                      ;*invokeinterface run {reexecute=0 rethrow=0 return_oop=0}
                      ; - java.security.AccessController::executePrivileged@29 (line 776)
                      ; - java.security.AccessController::doPrivileged@13 (line 399)
                      ; - com.sun.javafx.application.PlatformImpl::lambda$runLater$11@7 (line 455)
  0x000001e06dcc8b78: c40f 4100 

  0x000001e06dcc8b7c: ;   {metadata(method data for {method} {0x000001e00a43bd40} 'executePrivileged' '(Ljava/security/PrivilegedAction;Ljava/security/AccessControlContext;Ljava/lang/Class;)Ljava/lang/Object;' in 'java/security/AccessController')}
  0x000001e06dcc8b7c: 48ba a8cc | 104b e001 | 0000 ff82 | d801 0000 | 488b 9424 | 9000 0000 

  0x000001e06dcc8b94: ;   {metadata(method data for {method} {0x000001e00a43bd40} 'executePrivileged' '(Ljava/security/PrivilegedAction;Ljava/security/AccessControlContext;Ljava/lang/Class;)Ljava/lang/Object;' in 'java/security/AccessController')}
  0x000001e06dcc8b94: 48be a8cc | 104b e001 | 0000 4883 | 8638 0200 

  0x000001e06dcc8ba4: ;   {metadata(method data for {method} {0x000001e00a3d0fa8} 'reachabilityFence' '(Ljava/lang/Object;)V' in 'java/lang/ref/Reference')}
  0x000001e06dcc8ba4: 0001 48be | 983f 054b | e001 0000 | 8bbe cc00 | 0000 83c7 | 0289 becc | 0000 0081 | e7fe ff1f 
  0x000001e06dcc8bc4: 0083 ff00 | 0f84 8503 

  0x000001e06dcc8bcc: ;   {metadata(method data for {method} {0x000001e00a43bd40} 'executePrivileged' '(Ljava/security/PrivilegedAction;Ljava/security/AccessControlContext;Ljava/lang/Class;)Ljava/lang/Object;' in 'java/security/AccessController')}
  0x000001e06dcc8bcc: 0000 48ba | a8cc 104b | e001 0000 | 4883 8248 | 0200 0001 

  0x000001e06dcc8be0: ;   {metadata(method data for {method} {0x000001e00a3d0fa8} 'reachabilityFence' '(Ljava/lang/Object;)V' in 'java/lang/ref/Reference')}
  0x000001e06dcc8be0: 48ba 983f | 054b e001 | 0000 8bb2 | cc00 0000 | 83c6 0289 | b2cc 0000 | 0081 e6fe | ff1f 0083 
  0x000001e06dcc8c00: fe00 0f84 | 6c03 0000 | 4883 f800 

  0x000001e06dcc8c0c: ;   {metadata(method data for {method} {0x000001e04b462990} 'lambda$runLater$11' '(Ljava/lang/Runnable;Ljava/security/AccessControlContext;)V' in 'com/sun/javafx/application/PlatformImpl')}
  0x000001e06dcc8c0c: 7516 48bf | 70e4 5b4c | e001 0000 | 808f 4901 | 0000 01e9 | d200 0000 

  0x000001e06dcc8c24: ;   {metadata('java/lang/Void')}
  0x000001e06dcc8c24: 48bb 18bd | 0b0a e001 | 0000 8b70 | 0849 ba00 | 0000 0ae0 | 0100 0049 | 03f2 483b | de0f 8593 
  0x000001e06dcc8c44: ;   {metadata(method data for {method} {0x000001e04b462990} 'lambda$runLater$11' '(Ljava/lang/Runnable;Ljava/security/AccessControlContext;)V' in 'com/sun/javafx/application/PlatformImpl')}
  0x000001e06dcc8c44: 0000 0048 | bf70 e45b | 4ce0 0100 | 008b 5808 | 49ba 0000 | 000a e001 | 0000 4903 | da48 3b9f 
  0x000001e06dcc8c64: 6001 0000 | 750d 4883 | 8768 0100 | 0001 e97f | 0000 0048 | 3b9f 7001 | 0000 750d | 4883 8778 
  0x000001e06dcc8c84: 0100 0001 | e969 0000 | 0048 81bf | 6001 0000 | 0000 0000 | 7517 4889 | 9f60 0100 | 0048 c787 
  0x000001e06dcc8ca4: 6801 0000 | 0100 0000 | e945 0000 | 0048 81bf | 7001 0000 | 0000 0000 | 7517 4889 | 9f70 0100 
  0x000001e06dcc8cc4: 0048 c787 | 7801 0000 | 0100 0000 | e921 0000 | 00e9 1c00 

  0x000001e06dcc8cd8: ;   {metadata(method data for {method} {0x000001e04b462990} 'lambda$runLater$11' '(Ljava/lang/Runnable;Ljava/security/AccessControlContext;)V' in 'com/sun/javafx/application/PlatformImpl')}
  0x000001e06dcc8cd8: 0000 48bf | 70e4 5b4c | e001 0000 | 4883 af50 | 0100 0001 | e9a4 0200 | 00e9 0000 | 0000 488b 
  0x000001e06dcc8cf8: ;   {oop(a 'java/lang/Class'{0x0000000703699ba0} = 'com/sun/javafx/application/PlatformImpl')}
  0x000001e06dcc8cf8: d048 baa0 | 9b69 0307 | 0000 008b | 9288 0000 | 0048 c1e2 | 0348 3b02 

  0x000001e06dcc8d10: ;   {metadata(method data for {method} {0x000001e04b462990} 'lambda$runLater$11' '(Ljava/lang/Runnable;Ljava/security/AccessControlContext;)V' in 'com/sun/javafx/application/PlatformImpl')}
  0x000001e06dcc8d10: 488b f248 | bf70 e45b | 4ce0 0100 | 0048 8387 | 8801 0000 

  0x000001e06dcc8d24: ;   {optimized virtual_call}
  0x000001e06dcc8d24: 0166 90e8 

  0x000001e06dcc8d28: ; ImmutableOopMap {}
                      ;*invokevirtual decrementAndGet {reexecute=0 rethrow=0 return_oop=0}
                      ; - com.sun.javafx.application.PlatformImpl::lambda$runLater$11@17 (line 460)
  0x000001e06dcc8d28: 9478 4900 

  0x000001e06dcc8d2c: ;   {metadata(method data for {method} {0x000001e04b462990} 'lambda$runLater$11' '(Ljava/lang/Runnable;Ljava/security/AccessControlContext;)V' in 'com/sun/javafx/application/PlatformImpl')}
  0x000001e06dcc8d2c: 48be 70e4 | 5b4c e001 | 0000 4883 | 86c0 0100 

  0x000001e06dcc8d3c: ;   {static_call}
  0x000001e06dcc8d3c: 0001 90e8 

  0x000001e06dcc8d40: ; ImmutableOopMap {}
                      ;*invokestatic checkIdle {reexecute=0 rethrow=0 return_oop=0}
                      ; - com.sun.javafx.application.PlatformImpl::lambda$runLater$11@21 (line 461)
  0x000001e06dcc8d40: dc14 4100 

  0x000001e06dcc8d44: ;   {metadata(method data for {method} {0x000001e04b462990} 'lambda$runLater$11' '(Ljava/lang/Runnable;Ljava/security/AccessControlContext;)V' in 'com/sun/javafx/application/PlatformImpl')}
  0x000001e06dcc8d44: 48b8 70e4 | 5b4c e001 | 0000 ff80 | d001 0000 | 4881 c4b0 | 0000 005d 

  0x000001e06dcc8d5c: ;   {poll_return}
  0x000001e06dcc8d5c: 493b a748 | 0300 000f | 873a 0200 | 00c3 498b | 87d8 0300 | 004d 33d2 | 4d89 97d8 | 0300 004d 
  0x000001e06dcc8d7c: 33d2 4d89 | 97e0 0300 

  0x000001e06dcc8d84: ;   {oop(a 'java/lang/Class'{0x0000000703699ba0} = 'com/sun/javafx/application/PlatformImpl')}
  0x000001e06dcc8d84: 0048 baa0 | 9b69 0307 | 0000 008b | 9288 0000 | 0048 c1e2 | 0348 3b02 

  0x000001e06dcc8d9c: ;   {metadata(method data for {method} {0x000001e04b462990} 'lambda$runLater$11' '(Ljava/lang/Runnable;Ljava/security/AccessControlContext;)V' in 'com/sun/javafx/application/PlatformImpl')}
  0x000001e06dcc8d9c: 488b f248 | bf70 e45b | 4ce0 0100 | 0048 8387 | e801 0000 | 0148 8984 | 24a0 0000 | 0066 0f1f 
  0x000001e06dcc8dbc: ;   {optimized virtual_call}
  0x000001e06dcc8dbc: 4400 00e8 

  0x000001e06dcc8dc0: ; ImmutableOopMap {[160]=Oop }
                      ;*invokevirtual decrementAndGet {reexecute=0 rethrow=0 return_oop=0}
                      ; - com.sun.javafx.application.PlatformImpl::lambda$runLater$11@31 (line 460)
  0x000001e06dcc8dc0: fc77 4900 

  0x000001e06dcc8dc4: ;   {metadata(method data for {method} {0x000001e04b462990} 'lambda$runLater$11' '(Ljava/lang/Runnable;Ljava/security/AccessControlContext;)V' in 'com/sun/javafx/application/PlatformImpl')}
  0x000001e06dcc8dc4: 48be 70e4 | 5b4c e001 | 0000 4883 | 8620 0200 

  0x000001e06dcc8dd4: ;   {static_call}
  0x000001e06dcc8dd4: 0001 90e8 

  0x000001e06dcc8dd8: ; ImmutableOopMap {[160]=Oop }
                      ;*invokestatic checkIdle {reexecute=0 rethrow=0 return_oop=0}
                      ; - com.sun.javafx.application.PlatformImpl::lambda$runLater$11@35 (line 461)
  0x000001e06dcc8dd8: 4414 4100 | 488b 8424 | a000 0000 | e9f4 0100 

  0x000001e06dcc8de8: ;   {metadata({method} {0x000001e04b462990} 'lambda$runLater$11' '(Ljava/lang/Runnable;Ljava/security/AccessControlContext;)V' in 'com/sun/javafx/application/PlatformImpl')}
  0x000001e06dcc8de8: 0049 ba88 | 2946 4be0 | 0100 004c | 8954 2408 | 48c7 0424 | ffff ffff 

  0x000001e06dcc8e00: ;   {runtime_call counter_overflow Runtime1 stub}
  0x000001e06dcc8e00: e87b 57d6 

  0x000001e06dcc8e04: ; ImmutableOopMap {rdx=Oop r8=Oop }
                      ;*synchronization entry
                      ; - com.sun.javafx.application.PlatformImpl::lambda$runLater$11@-1 (line 455)
  0x000001e06dcc8e04: 06e9 cdf7 

  0x000001e06dcc8e08: ;   {metadata({method} {0x000001e00a0e1560} 'linkToTargetMethod' '(Ljava/lang/Object;Ljava/lang/Object;)Ljava/lang/Object;' in 'java/lang/invoke/Invokers$Holder')}
  0x000001e06dcc8e08: ffff 49ba | 5815 0e0a | e001 0000 | 4c89 5424 | 0848 c704 | 24ff ffff 

  0x000001e06dcc8e20: ;   {runtime_call counter_overflow Runtime1 stub}
  0x000001e06dcc8e20: ffe8 5a57 

  0x000001e06dcc8e24: ; ImmutableOopMap {rdx=Oop [128]=Oop rdi=Oop }
                      ;*synchronization entry
                      ; - java.lang.invoke.Invokers$Holder::linkToTargetMethod@-1
                      ; - com.sun.javafx.application.PlatformImpl::lambda$runLater$11@1 (line 455)
  0x000001e06dcc8e24: d606 e989 

  0x000001e06dcc8e28: ;   {metadata({method} {0x000001e00a0e0e60} 'newInvokeSpecial' '(Ljava/lang/Object;Ljava/lang/Object;)Ljava/lang/Object;' in 'java/lang/invoke/DirectMethodHandle$Holder')}
  0x000001e06dcc8e28: f8ff ff49 | ba58 0e0e | 0ae0 0100 | 004c 8954 | 2408 48c7 | 0424 ffff 

  0x000001e06dcc8e40: ;   {runtime_call counter_overflow Runtime1 stub}
  0x000001e06dcc8e40: ffff e839 

  0x000001e06dcc8e44: ; ImmutableOopMap {rdx=Oop [128]=Oop rdi=Oop }
                      ;*synchronization entry
                      ; - java.lang.invoke.DirectMethodHandle$Holder::newInvokeSpecial@-1
                      ; - java.lang.invoke.Invokers$Holder::linkToTargetMethod@5
                      ; - com.sun.javafx.application.PlatformImpl::lambda$runLater$11@1 (line 455)
  0x000001e06dcc8e44: 57d6 06e9 | c2f8 ffff 

  0x000001e06dcc8e4c: ;   {metadata({method} {0x000001e00a39dc10} 'allocateInstance' '(Ljava/lang/Object;)Ljava/lang/Object;' in 'java/lang/invoke/DirectMethodHandle')}
  0x000001e06dcc8e4c: 49ba 08dc | 390a e001 | 0000 4c89 | 5424 0848 | c704 24ff 

  0x000001e06dcc8e60: ;   {runtime_call counter_overflow Runtime1 stub}
  0x000001e06dcc8e60: ffff ffe8 

  0x000001e06dcc8e64: ; ImmutableOopMap {rdx=Oop [128]=Oop rdi=Oop }
                      ;*synchronization entry
                      ; - java.lang.invoke.DirectMethodHandle::allocateInstance@-1 (line 519)
                      ; - java.lang.invoke.DirectMethodHandle$Holder::newInvokeSpecial@1
                      ; - java.lang.invoke.Invokers$Holder::linkToTargetMethod@5
                      ; - com.sun.javafx.application.PlatformImpl::lambda$runLater$11@1 (line 455)
  0x000001e06dcc8e64: 1857 d606 | e9fd f8ff 

  0x000001e06dcc8e6c: ;   {metadata({method} {0x000001e00a39e6b8} 'constructorMethod' '(Ljava/lang/Object;)Ljava/lang/Object;' in 'java/lang/invoke/DirectMethodHandle')}
  0x000001e06dcc8e6c: ff49 bab0 | e639 0ae0 | 0100 004c | 8954 2408 | 48c7 0424 | ffff ffff 

  0x000001e06dcc8e84: ;   {runtime_call counter_overflow Runtime1 stub}
  0x000001e06dcc8e84: e8f7 56d6 

  0x000001e06dcc8e88: ; ImmutableOopMap {[120]=Oop [128]=Oop rax=Oop }
                      ;*synchronization entry
                      ; - java.lang.invoke.DirectMethodHandle::constructorMethod@-1 (line 513)
                      ; - java.lang.invoke.DirectMethodHandle$Holder::newInvokeSpecial@6
                      ; - java.lang.invoke.Invokers$Holder::linkToTargetMethod@5
                      ; - com.sun.javafx.application.PlatformImpl::lambda$runLater$11@1 (line 455)
  0x000001e06dcc8e88: 06e9 9ff9 

  0x000001e06dcc8e8c: ;   {runtime_call throw_null_pointer_exception Runtime1 stub}
  0x000001e06dcc8e8c: ffff e88d 

  0x000001e06dcc8e90: ; ImmutableOopMap {[120]=Oop [128]=Oop rax=Oop }
                      ;*invokestatic linkToSpecial {reexecute=0 rethrow=0 return_oop=0}
                      ; - java.lang.invoke.DirectMethodHandle$Holder::newInvokeSpecial@16
                      ; - java.lang.invoke.Invokers$Holder::linkToTargetMethod@5
                      ; - com.sun.javafx.application.PlatformImpl::lambda$runLater$11@1 (line 455)
                      ;   {metadata({method} {0x000001e04b83f398} '<init>' '(Ljava/lang/Runnable;)V' in 'com/sun/javafx/application/PlatformImpl$$Lambda$180+0x000001e00b116a08')}
  0x000001e06dcc8e90: ebd5 0649 | ba90 f383 | 4be0 0100 | 004c 8954 | 2408 48c7 | 0424 ffff 

  0x000001e06dcc8ea8: ;   {runtime_call counter_overflow Runtime1 stub}
  0x000001e06dcc8ea8: ffff e8d1 

  0x000001e06dcc8eac: ; ImmutableOopMap {[120]=Oop [128]=Oop rax=Oop }
                      ;*synchronization entry
                      ; - com.sun.javafx.application.PlatformImpl$$Lambda$180/0x000001e00b116a08::<init>@-1
                      ; - java.lang.invoke.DirectMethodHandle$Holder::newInvokeSpecial@16
                      ; - java.lang.invoke.Invokers$Holder::linkToTargetMethod@5
                      ; - com.sun.javafx.application.PlatformImpl::lambda$runLater$11@1 (line 455)
  0x000001e06dcc8eac: 56d6 06e9 | e3f9 ffff 

  0x000001e06dcc8eb4: ;   {metadata({method} {0x000001e00a448c28} '<init>' '()V' in 'java/lang/Object')}
  0x000001e06dcc8eb4: 49ba 208c | 440a e001 | 0000 4c89 | 5424 0848 | c704 24ff 

  0x000001e06dcc8ec8: ;   {runtime_call counter_overflow Runtime1 stub}
  0x000001e06dcc8ec8: ffff ffe8 

  0x000001e06dcc8ecc: ; ImmutableOopMap {[120]=Oop [128]=Oop rax=Oop }
                      ;*synchronization entry
                      ; - java.lang.Object::<init>@-1 (line 44)
                      ; - com.sun.javafx.application.PlatformImpl$$Lambda$180/0x000001e00b116a08::<init>@1
                      ; - java.lang.invoke.DirectMethodHandle$Holder::newInvokeSpecial@16
                      ; - java.lang.invoke.Invokers$Holder::linkToTargetMethod@5
                      ; - com.sun.javafx.application.PlatformImpl::lambda$runLater$11@1 (line 455)
  0x000001e06dcc8ecc: b056 d606 | e9ff f9ff | ff8b 700c | 48c1 e603 | 4883 fe00 | 0f84 fcf9 | ffff 4889 

  0x000001e06dcc8ee8: ;   {runtime_call g1_pre_barrier_slow}
  0x000001e06dcc8ee8: 3424 e891 | 5dd6 06e9 | eef9 ffff | 4883 fa00 | 0f84 08fa | ffff 4889 

  0x000001e06dcc8f00: ;   {runtime_call g1_post_barrier_slow}
  0x000001e06dcc8f00: 0424 e879 | 61d6 06e9 | faf9 ffff 

  0x000001e06dcc8f0c: ;   {metadata({method} {0x000001e00a43c820} 'doPrivileged' '(Ljava/security/PrivilegedAction;Ljava/security/AccessControlContext;)Ljava/lang/Object;' in 'java/security/AccessController')}
  0x000001e06dcc8f0c: 49ba 18c8 | 430a e001 | 0000 4c89 | 5424 0848 | c704 24ff 

  0x000001e06dcc8f20: ;   {runtime_call counter_overflow Runtime1 stub}
  0x000001e06dcc8f20: ffff ffe8 

  0x000001e06dcc8f24: ; ImmutableOopMap {[128]=Oop rax=Oop }
                      ;*synchronization entry
                      ; - java.security.AccessController::doPrivileged@-1 (line 397)
                      ; - com.sun.javafx.application.PlatformImpl::lambda$runLater$11@7 (line 455)
  0x000001e06dcc8f24: 5856 d606 | e99b faff 

  0x000001e06dcc8f2c: ;   {metadata({method} {0x000001e00a43bd40} 'executePrivileged' '(Ljava/security/PrivilegedAction;Ljava/security/AccessControlContext;Ljava/lang/Class;)Ljava/lang/Object;' in 'java/security/AccessController')}
  0x000001e06dcc8f2c: ff49 ba38 | bd43 0ae0 | 0100 004c | 8954 2408 | 48c7 0424 | ffff ffff 

  0x000001e06dcc8f44: ;   {runtime_call counter_overflow Runtime1 stub}
  0x000001e06dcc8f44: e837 56d6 

  0x000001e06dcc8f48: ; ImmutableOopMap {[136]=Oop [144]=Oop rax=Oop [152]=Oop }
                      ;*synchronization entry
                      ; - java.security.AccessController::executePrivileged@-1 (line 771)
                      ; - java.security.AccessController::doPrivileged@13 (line 399)
                      ; - com.sun.javafx.application.PlatformImpl::lambda$runLater$11@7 (line 455)
  0x000001e06dcc8f48: 06e9 10fb 

  0x000001e06dcc8f4c: ;   {runtime_call throw_null_pointer_exception Runtime1 stub}
  0x000001e06dcc8f4c: ffff e8cd 

  0x000001e06dcc8f50: ; ImmutableOopMap {[144]=Oop rax=Oop [152]=Oop }
                      ;*invokeinterface run {reexecute=0 rethrow=0 return_oop=0}
                      ; - java.security.AccessController::executePrivileged@29 (line 776)
                      ; - java.security.AccessController::doPrivileged@13 (line 399)
                      ; - com.sun.javafx.application.PlatformImpl::lambda$runLater$11@7 (line 455)
                      ;   {metadata({method} {0x000001e00a3d0fa8} 'reachabilityFence' '(Ljava/lang/Object;)V' in 'java/lang/ref/Reference')}
  0x000001e06dcc8f50: ead5 0649 | baa0 0f3d | 0ae0 0100 | 004c 8954 | 2408 48c7 | 0424 ffff 

  0x000001e06dcc8f68: ;   {runtime_call counter_overflow Runtime1 stub}
  0x000001e06dcc8f68: ffff e811 

  0x000001e06dcc8f6c: ; ImmutableOopMap {rax=Oop rdx=Oop }
                      ;*synchronization entry
                      ; - java.lang.ref.Reference::reachabilityFence@-1 (line 621)
                      ; - java.security.AccessController::executePrivileged@56 (line 781)
                      ; - java.security.AccessController::doPrivileged@13 (line 399)
                      ; - com.sun.javafx.application.PlatformImpl::lambda$runLater$11@7 (line 455)
  0x000001e06dcc8f6c: 56d6 06e9 | 5afc ffff 

  0x000001e06dcc8f74: ;   {metadata({method} {0x000001e00a3d0fa8} 'reachabilityFence' '(Ljava/lang/Object;)V' in 'java/lang/ref/Reference')}
  0x000001e06dcc8f74: 49ba a00f | 3d0a e001 | 0000 4c89 | 5424 0848 | c704 24ff 

  0x000001e06dcc8f88: ;   {runtime_call counter_overflow Runtime1 stub}
  0x000001e06dcc8f88: ffff ffe8 

  0x000001e06dcc8f8c: ; ImmutableOopMap {rax=Oop }
                      ;*synchronization entry
                      ; - java.lang.ref.Reference::reachabilityFence@-1 (line 621)
                      ; - java.security.AccessController::executePrivileged@60 (line 782)
                      ; - java.security.AccessController::doPrivileged@13 (line 399)
                      ; - com.sun.javafx.application.PlatformImpl::lambda$runLater$11@7 (line 455)
  0x000001e06dcc8f8c: f055 d606 | e973 fcff | ff48 8904 

  0x000001e06dcc8f98: ;   {runtime_call throw_class_cast_exception Runtime1 stub}
  0x000001e06dcc8f98: 24e8 8219 

  0x000001e06dcc8f9c: ; ImmutableOopMap {}
                      ;*checkcast {reexecute=0 rethrow=0 return_oop=0}
                      ; - com.sun.javafx.application.PlatformImpl::lambda$runLater$11@10 (line 455)
                      ;   {runtime_call throw_null_pointer_exception Runtime1 stub}
  0x000001e06dcc8f9c: d606 e87d 

  0x000001e06dcc8fa0: ; ImmutableOopMap {rdx=Oop }
                      ;*invokevirtual decrementAndGet {reexecute=0 rethrow=0 return_oop=0}
                      ; - com.sun.javafx.application.PlatformImpl::lambda$runLater$11@17 (line 460)
                      ;   {internal_word}
  0x000001e06dcc8fa0: ead5 0649 | ba5c 8dcc | 6de0 0100 | 004d 8997 | 6003 0000 

  0x000001e06dcc8fb4: ;   {runtime_call SafepointBlob}
  0x000001e06dcc8fb4: e9c7 b9cb 

  0x000001e06dcc8fb8: ;   {runtime_call throw_null_pointer_exception Runtime1 stub}
  0x000001e06dcc8fb8: 06e8 62ea 

  0x000001e06dcc8fbc: ; ImmutableOopMap {rax=Oop rdx=Oop }
                      ;*invokevirtual decrementAndGet {reexecute=0 rethrow=0 return_oop=0}
                      ; - com.sun.javafx.application.PlatformImpl::lambda$runLater$11@31 (line 460)
  0x000001e06dcc8fbc: d506 9090 | 498b 87d8 | 0300 0049 | c787 d803 | 0000 0000 | 0000 49c7 | 87e0 0300 | 0000 0000 
  0x000001e06dcc8fdc: 0048 81c4 | b000 0000 

  0x000001e06dcc8fe4: ;   {runtime_call unwind_exception Runtime1 stub}
  0x000001e06dcc8fe4: 5de9 96d7 | d506 f4f4 | f4f4 f4f4 | f4f4 f4f4 | f4f4 f4f4 | f4f4 f4f4 | f4f4 f4f4 
[Stub Code]
  0x000001e06dcc9000: ;   {no_reloc}
  0x000001e06dcc9000: 0f1f 4400 

  0x000001e06dcc9004: ;   {static_stub}
  0x000001e06dcc9004: 0048 bb00 | 0000 0000 

  0x000001e06dcc900c: ;   {runtime_call}
  0x000001e06dcc900c: 0000 00e9 | fbff ffff 

  0x000001e06dcc9014: ;   {static_stub}
  0x000001e06dcc9014: 9048 bb00 | 0000 0000 

  0x000001e06dcc901c: ;   {runtime_call}
  0x000001e06dcc901c: 0000 00e9 | fbff ffff 

  0x000001e06dcc9024: ;   {static_stub}
  0x000001e06dcc9024: 9048 bb00 | 0000 0000 

  0x000001e06dcc902c: ;   {runtime_call}
  0x000001e06dcc902c: 0000 00e9 | fbff ffff 

  0x000001e06dcc9034: ;   {static_stub}
  0x000001e06dcc9034: 9048 bb00 | 0000 0000 

  0x000001e06dcc903c: ;   {runtime_call}
  0x000001e06dcc903c: 0000 00e9 | fbff ffff 

  0x000001e06dcc9044: ;   {static_stub}
  0x000001e06dcc9044: 9048 bb00 | 0000 0000 

  0x000001e06dcc904c: ;   {runtime_call}
  0x000001e06dcc904c: 0000 00e9 | fbff ffff 

  0x000001e06dcc9054: ;   {static_stub}
  0x000001e06dcc9054: 9048 bbc0 | cc3a 0ae0 

  0x000001e06dcc905c: ;   {runtime_call I2C/C2I adapters}
  0x000001e06dcc905c: 0100 00e9 | f595 cb06 

  0x000001e06dcc9064: ;   {static_stub}
  0x000001e06dcc9064: 9048 bb10 | 7646 4be0 

  0x000001e06dcc906c: ;   {runtime_call I2C/C2I adapters}
  0x000001e06dcc906c: 0100 00e9 | e12e cb06 

  0x000001e06dcc9074: ;   {static_stub}
  0x000001e06dcc9074: 9048 bb00 | 0000 0000 

  0x000001e06dcc907c: ;   {runtime_call}
  0x000001e06dcc907c: 0000 00e9 | fbff ffff 

  0x000001e06dcc9084: ;   {static_stub}
  0x000001e06dcc9084: 9048 bb00 | 0000 0000 

  0x000001e06dcc908c: ;   {runtime_call}
  0x000001e06dcc908c: 0000 00e9 | fbff ffff 
[Exception Handler]
  0x000001e06dcc9094: ;   {runtime_call handle_exception_from_callee Runtime1 stub}
  0x000001e06dcc9094: e867 12d6 

  0x000001e06dcc9098: ;   {external_word}
  0x000001e06dcc9098: 0648 b990 | f0de 01fa | 7f00 0048 

  0x000001e06dcc90a4: ;   {runtime_call}
  0x000001e06dcc90a4: 83e4 f049 | ba20 ffac | 01fa 7f00 | 0041 ffd2 

  0x000001e06dcc90b4: ;   {section_word}
  0x000001e06dcc90b4: f449 bab5 | 90cc 6de0 | 0100 0041 

  0x000001e06dcc90c0: ;   {runtime_call DeoptimizationBlob}
  0x000001e06dcc90c0: 52e9 5acd | cb06 f4f4 
[/MachCode]


Compiled method (c1)   28750 6239       3       com.sun.javafx.application.PlatformImpl$$Lambda$179/0x000001e00b113640::run (12 bytes)
 total in heap  [0x000001e06da57f90,0x000001e06da582d8] = 840
 relocation     [0x000001e06da580e8,0x000001e06da58120] = 56
 main code      [0x000001e06da58120,0x000001e06da58220] = 256
 stub code      [0x000001e06da58220,0x000001e06da58268] = 72
 oops           [0x000001e06da58268,0x000001e06da58270] = 8
 metadata       [0x000001e06da58270,0x000001e06da58278] = 8
 scopes data    [0x000001e06da58278,0x000001e06da58290] = 24
 scopes pcs     [0x000001e06da58290,0x000001e06da582d0] = 64
 dependencies   [0x000001e06da582d0,0x000001e06da582d8] = 8

[Constant Pool (empty)]

[MachCode]
[Entry Point]
  # {method} {0x000001e04b83a668} 'run' '()V' in 'com/sun/javafx/application/PlatformImpl$$Lambda$179+0x000001e00b113640'
  #           [sp+0x40]  (sp of caller)
  0x000001e06da58120: 448b 5208 | 49bb 0000 | 000a e001 | 0000 4d03 | d34c 3bd0 

  0x000001e06da58134: ;   {runtime_call ic_miss_stub}
  0x000001e06da58134: 0f85 464e | f206 660f | 1f44 0000 
[Verified Entry Point]
  0x000001e06da58140: 8984 2400 | 90ff ff55 | 4883 ec30 

  0x000001e06da5814c: ;   {metadata(method data for {method} {0x000001e04b83a668} 'run' '()V' in 'com/sun/javafx/application/PlatformImpl$$Lambda$179+0x000001e00b113640')}
  0x000001e06da5814c: 49b8 10e3 | 5b4c e001 | 0000 418b | b0cc 0000 | 0083 c602 | 4189 b0cc | 0000 0081 | e6fe 0700 
  0x000001e06da5816c: 0083 fe00 | 0f84 4100 | 0000 448b | 420c 49c1 | e003 8b72 | 1048 c1e6 

  0x000001e06da58184: ;   {metadata(method data for {method} {0x000001e04b83a668} 'run' '()V' in 'com/sun/javafx/application/PlatformImpl$$Lambda$179+0x000001e00b113640')}
  0x000001e06da58184: 0348 ba10 | e35b 4ce0 | 0100 0048 | 8382 1001 | 0000 0149 | 8bd0 4c8b 

  0x000001e06da5819c: ;   {static_call}
  0x000001e06da5819c: c666 90e8 

  0x000001e06da581a0: ; ImmutableOopMap {}
                      ;*invokestatic lambda$runLater$11 {reexecute=0 rethrow=0 return_oop=0}
                      ; - com.sun.javafx.application.PlatformImpl$$Lambda$179/0x000001e00b113640::run@8
  0x000001e06da581a0: fc03 2700 | 4883 c430 

  0x000001e06da581a8: ;   {poll_return}
  0x000001e06da581a8: 5d49 3ba7 | 4803 0000 | 0f87 1f00 

  0x000001e06da581b4: ;   {metadata({method} {0x000001e04b83a668} 'run' '()V' in 'com/sun/javafx/application/PlatformImpl$$Lambda$179+0x000001e00b113640')}
  0x000001e06da581b4: 0000 c349 | ba60 a683 | 4be0 0100 | 004c 8954 | 2408 48c7 | 0424 ffff 

  0x000001e06da581cc: ;   {runtime_call counter_overflow Runtime1 stub}
  0x000001e06da581cc: ffff e8ad 

  0x000001e06da581d0: ; ImmutableOopMap {rdx=Oop }
                      ;*synchronization entry
                      ; - com.sun.javafx.application.PlatformImpl$$Lambda$179/0x000001e00b113640::run@-1
  0x000001e06da581d0: 63fd 06eb 

  0x000001e06da581d4: ;   {internal_word}
  0x000001e06da581d4: a149 baa9 | 81a5 6de0 | 0100 004d | 8997 6003 

  0x000001e06da581e4: ;   {runtime_call SafepointBlob}
  0x000001e06da581e4: 0000 e995 | c7f2 0690 | 9049 8b87 | d803 0000 | 49c7 87d8 | 0300 0000 | 0000 0049 | c787 e003 
  0x000001e06da58204: 0000 0000 | 0000 4883 

  0x000001e06da5820c: ;   {runtime_call unwind_exception Runtime1 stub}
  0x000001e06da5820c: c430 5de9 | 6ce5 fc06 | f4f4 f4f4 | f4f4 f4f4 | f4f4 f4f4 
[Stub Code]
  0x000001e06da58220: ;   {no_reloc}
  0x000001e06da58220: 0f1f 4400 

  0x000001e06da58224: ;   {static_stub}
  0x000001e06da58224: 0048 bb88 | 2946 4be0 

  0x000001e06da5822c: ;   {runtime_call I2C/C2I adapters}
  0x000001e06da5822c: 0100 00e9 | 29ad f206 
[Exception Handler]
  0x000001e06da58234: ;   {runtime_call handle_exception_from_callee Runtime1 stub}
  0x000001e06da58234: e8c7 20fd 

  0x000001e06da58238: ;   {external_word}
  0x000001e06da58238: 0648 b990 | f0de 01fa | 7f00 0048 

  0x000001e06da58244: ;   {runtime_call}
  0x000001e06da58244: 83e4 f049 | ba20 ffac | 01fa 7f00 | 0041 ffd2 

  0x000001e06da58254: ;   {section_word}
  0x000001e06da58254: f449 ba55 | 82a5 6de0 | 0100 0041 

  0x000001e06da58260: ;   {runtime_call DeoptimizationBlob}
  0x000001e06da58260: 52e9 badb | f206 f4f4 
[/MachCode]


---------------  P R O C E S S  ---------------

Threads class SMR info:
_java_thread_list=0x000001e0509d32d0, length=26, elements={
0x000001e0645654e0, 0x000001e07f153de0, 0x000001e07f1549a0, 0x000001e04f004750,
0x000001e04f005110, 0x000001e04f005ad0, 0x000001e04f006490, 0x000001e04f00b1a0,
0x000001e04f00cbb0, 0x000001e04f01e9d0, 0x000001e07f13fad0, 0x000001e04f290d10,
0x000001e04f2911f0, 0x000001e04f2f3700, 0x000001e04f800580, 0x000001e04f856a40,
0x000001e04f8d81d0, 0x000001e04f8d9570, 0x000001e0500a3390, 0x000001e0500a38a0,
0x000001e0500a3db0, 0x000001e0500a42c0, 0x000001e0507e6360, 0x000001e0507e6870,
0x000001e0507e5940, 0x000001e0507e77a0
}

Java Threads: ( => current thread )
  0x000001e0645654e0 JavaThread "main" [_thread_blocked, id=8824, stack(0x0000000ba6c00000,0x0000000ba6d00000)]
  0x000001e07f153de0 JavaThread "Reference Handler" daemon [_thread_blocked, id=2164, stack(0x0000000ba7300000,0x0000000ba7400000)]
  0x000001e07f1549a0 JavaThread "Finalizer" daemon [_thread_blocked, id=25060, stack(0x0000000ba7400000,0x0000000ba7500000)]
  0x000001e04f004750 JavaThread "Signal Dispatcher" daemon [_thread_blocked, id=4140, stack(0x0000000ba7500000,0x0000000ba7600000)]
  0x000001e04f005110 JavaThread "Attach Listener" daemon [_thread_blocked, id=27520, stack(0x0000000ba7600000,0x0000000ba7700000)]
  0x000001e04f005ad0 JavaThread "Service Thread" daemon [_thread_blocked, id=24508, stack(0x0000000ba7700000,0x0000000ba7800000)]
  0x000001e04f006490 JavaThread "Monitor Deflation Thread" daemon [_thread_blocked, id=23340, stack(0x0000000ba7800000,0x0000000ba7900000)]
  0x000001e04f00b1a0 JavaThread "C2 CompilerThread0" daemon [_thread_blocked, id=1452, stack(0x0000000ba7900000,0x0000000ba7a00000)]
  0x000001e04f00cbb0 JavaThread "C1 CompilerThread0" daemon [_thread_blocked, id=19212, stack(0x0000000ba7a00000,0x0000000ba7b00000)]
  0x000001e04f01e9d0 JavaThread "Sweeper thread" daemon [_thread_blocked, id=23020, stack(0x0000000ba7b00000,0x0000000ba7c00000)]
  0x000001e07f13fad0 JavaThread "Common-Cleaner" daemon [_thread_blocked, id=22540, stack(0x0000000ba7c00000,0x0000000ba7d00000)]
  0x000001e04f290d10 JavaThread "Monitor Ctrl-Break" daemon [_thread_in_native, id=25732, stack(0x0000000ba7d00000,0x0000000ba7e00000)]
  0x000001e04f2911f0 JavaThread "Notification Thread" daemon [_thread_blocked, id=24036, stack(0x0000000ba7e00000,0x0000000ba7f00000)]
  0x000001e04f2f3700 JavaThread "JavaFX-Launcher" [_thread_blocked, id=27576, stack(0x0000000ba8000000,0x0000000ba8100000)]
  0x000001e04f800580 JavaThread "RMI TCP Accept-0" daemon [_thread_in_native, id=2776, stack(0x0000000ba8200000,0x0000000ba8300000)]
  0x000001e04f856a40 JavaThread "RMI TCP Connection(1)-10.162.48.36" daemon [_thread_in_native, id=21752, stack(0x0000000ba8300000,0x0000000ba8400000)]
  0x000001e04f8d81d0 JavaThread "RMI Scheduler(0)" daemon [_thread_blocked, id=26488, stack(0x0000000ba8400000,0x0000000ba8500000)]
  0x000001e04f8d9570 JavaThread "JMX server connection timeout 21" daemon [_thread_blocked, id=23144, stack(0x0000000ba8500000,0x0000000ba8600000)]
  0x000001e0500a3390 JavaThread "QuantumRenderer-0" daemon [_thread_blocked, id=25848, stack(0x0000000ba8600000,0x0000000ba8700000)]
  0x000001e0500a38a0 JavaThread "InvokeLaterDispatcher" daemon [_thread_blocked, id=24420, stack(0x0000000ba8700000,0x0000000ba8800000)]
=>0x000001e0500a3db0 JavaThread "JavaFX Application Thread" [_thread_in_vm, id=24708, stack(0x0000000ba8800000,0x0000000ba8900000)]
  0x000001e0500a42c0 JavaThread "Thread-2" daemon [_thread_in_native, id=22396, stack(0x0000000ba8c00000,0x0000000ba8d00000)]
  0x000001e0507e6360 JavaThread "Prism Font Disposer" daemon [_thread_blocked, id=25508, stack(0x0000000ba9900000,0x0000000ba9a00000)]
  0x000001e0507e6870 JavaThread "Connect thread 47.98.170.60 session" [_thread_in_native, id=23208, stack(0x0000000ba9a00000,0x0000000ba9b00000)]
  0x000001e0507e5940 JavaThread "Cleaner-0" daemon [_thread_blocked, id=23464, stack(0x0000000ba9b00000,0x0000000ba9c00000)]
  0x000001e0507e77a0 JavaThread "Thread-6" [_thread_blocked, id=26160, stack(0x0000000ba8100000,0x0000000ba8200000)]

Other Threads:
  0x000001e07f150340 VMThread "VM Thread" [stack: 0x0000000ba7200000,0x0000000ba7300000] [id=21692]
  0x000001e0645f43d0 WatcherThread [stack: 0x0000000ba7f00000,0x0000000ba8000000] [id=25016]
  0x000001e0645d10b0 GCTaskThread "GC Thread#0" [stack: 0x0000000ba6d00000,0x0000000ba6e00000] [id=13376]
  0x000001e050409bb0 GCTaskThread "GC Thread#1" [stack: 0x0000000ba8d00000,0x0000000ba8e00000] [id=2212]
  0x000001e0504bafa0 GCTaskThread "GC Thread#2" [stack: 0x0000000ba8e00000,0x0000000ba8f00000] [id=888]
  0x000001e0504be4b0 GCTaskThread "GC Thread#3" [stack: 0x0000000ba8f00000,0x0000000ba9000000] [id=12936]
  0x000001e0504cc5f0 GCTaskThread "GC Thread#4" [stack: 0x0000000ba9000000,0x0000000ba9100000] [id=26568]
  0x000001e0502f0740 GCTaskThread "GC Thread#5" [stack: 0x0000000ba9100000,0x0000000ba9200000] [id=23212]
  0x000001e0504ebfe0 GCTaskThread "GC Thread#6" [stack: 0x0000000ba9200000,0x0000000ba9300000] [id=25440]
  0x000001e0502c7b10 GCTaskThread "GC Thread#7" [stack: 0x0000000ba9300000,0x0000000ba9400000] [id=23960]
  0x000001e0645e1df0 ConcurrentGCThread "G1 Main Marker" [stack: 0x0000000ba6e00000,0x0000000ba6f00000] [id=24512]
  0x000001e0645e4220 ConcurrentGCThread "G1 Conc#0" [stack: 0x0000000ba6f00000,0x0000000ba7000000] [id=26904]
  0x000001e055dd3dc0 ConcurrentGCThread "G1 Conc#1" [stack: 0x0000000ba9400000,0x0000000ba9500000] [id=13016]
  0x000001e06462e4f0 ConcurrentGCThread "G1 Refine#0" [stack: 0x0000000ba7000000,0x0000000ba7100000] [id=23896]
  0x000001e07f00c130 ConcurrentGCThread "G1 Service" [stack: 0x0000000ba7100000,0x0000000ba7200000] [id=26008]

Threads with active compile tasks:

VM state: not at safepoint (normal execution)

VM Mutex/Monitor currently owned by a thread: None

OutOfMemory and StackOverflow Exception counts:
StackOverflowErrors=11
LinkageErrors=35

Heap address: 0x0000000703600000, size: 4042 MB, Compressed Oops mode: Zero based, Oop shift amount: 3

CDS archive(s) mapped at: [0x000001e00a000000-0x000001e00abd0000-0x000001e00abd0000), size 12386304, SharedBaseAddress: 0x000001e00a000000, ArchiveRelocationMode: 1.
Compressed class space mapped at: 0x000001e00b000000-0x000001e04b000000, reserved size: 1073741824
Narrow klass base: 0x000001e00a000000, Narrow klass shift: 0, Narrow klass range: 0x100000000

GC Precious Log:
 CPUs: 8 total, 8 available
 Memory: 16167M
 Large Page Support: Disabled
 NUMA Support: Disabled
 Compressed Oops: Enabled (Zero based)
 Heap Region Size: 2M
 Heap Min Capacity: 8M
 Heap Initial Capacity: 254M
 Heap Max Capacity: 4042M
 Pre-touch: Disabled
 Parallel Workers: 8
 Concurrent Workers: 2
 Concurrent Refinement Workers: 8
 Periodic GC: Disabled

Heap:
 garbage-first heap   total 96256K, used 56661K [0x0000000703600000, 0x0000000800000000)
  region size 2048K, 2 young (4096K), 1 survivors (2048K)
 Metaspace       used 26565K, committed 26880K, reserved 1114112K
  class space    used 3604K, committed 3776K, reserved 1048576K

Heap Regions: E=young(eden), S=young(survivor), O=old, HS=humongous(starts), HC=humongous(continues), CS=collection set, F=free, OA=open archive, CA=closed archive, TAMS=top-at-mark-start (previous, next)
|   0|0x0000000703600000, 0x0000000703800000, 0x0000000703800000|100%| O|  |TAMS 0x0000000703800000, 0x0000000703600000| Untracked 
|   1|0x0000000703800000, 0x0000000703a00000, 0x0000000703a00000|100%| O|  |TAMS 0x0000000703a00000, 0x0000000703800000| Untracked 
|   2|0x0000000703a00000, 0x0000000703c00000, 0x0000000703c00000|100%| O|  |TAMS 0x0000000703c00000, 0x0000000703a00000| Untracked 
|   3|0x0000000703c00000, 0x0000000703e00000, 0x0000000703e00000|100%|HS|  |TAMS 0x0000000703e00000, 0x0000000703c00000| Complete 
|   4|0x0000000703e00000, 0x0000000704000000, 0x0000000704000000|100%|HS|  |TAMS 0x0000000704000000, 0x0000000703e00000| Complete 
|   5|0x0000000704000000, 0x0000000704200000, 0x0000000704200000|100%| O|  |TAMS 0x0000000704200000, 0x0000000704000000| Untracked 
|   6|0x0000000704200000, 0x0000000704400000, 0x0000000704400000|100%| O|  |TAMS 0x0000000704400000, 0x0000000704200000| Untracked 
|   7|0x0000000704400000, 0x0000000704600000, 0x0000000704600000|100%| O|  |TAMS 0x0000000704600000, 0x0000000704400000| Untracked 
|   8|0x0000000704600000, 0x0000000704800000, 0x0000000704800000|100%| O|  |TAMS 0x0000000704800000, 0x0000000704600000| Untracked 
|   9|0x0000000704800000, 0x0000000704a00000, 0x0000000704a00000|100%| O|  |TAMS 0x0000000704a00000, 0x0000000704800000| Untracked 
|  10|0x0000000704a00000, 0x0000000704c00000, 0x0000000704c00000|100%| O|  |TAMS 0x0000000704c00000, 0x0000000704a00000| Untracked 
|  11|0x0000000704c00000, 0x0000000704e00000, 0x0000000704e00000|100%| O|  |TAMS 0x0000000704e00000, 0x0000000704c00000| Untracked 
|  12|0x0000000704e00000, 0x0000000705000000, 0x0000000705000000|100%| O|  |TAMS 0x0000000705000000, 0x0000000704e00000| Untracked 
|  13|0x0000000705000000, 0x0000000705200000, 0x0000000705200000|100%| O|  |TAMS 0x0000000705200000, 0x0000000705000000| Untracked 
|  14|0x0000000705200000, 0x0000000705400000, 0x0000000705400000|100%| O|  |TAMS 0x0000000705400000, 0x0000000705200000| Untracked 
|  15|0x0000000705400000, 0x0000000705600000, 0x0000000705600000|100%| O|  |TAMS 0x0000000705600000, 0x0000000705400000| Untracked 
|  16|0x0000000705600000, 0x0000000705800000, 0x0000000705800000|100%| O|  |TAMS 0x0000000705800000, 0x0000000705600000| Untracked 
|  17|0x0000000705800000, 0x0000000705a00000, 0x0000000705a00000|100%| O|  |TAMS 0x0000000705a00000, 0x0000000705800000| Untracked 
|  18|0x0000000705a00000, 0x0000000705c00000, 0x0000000705c00000|100%| O|  |TAMS 0x0000000705c00000, 0x0000000705a00000| Untracked 
|  19|0x0000000705c00000, 0x0000000705e00000, 0x0000000705e00000|100%| O|  |TAMS 0x0000000705e00000, 0x0000000705c00000| Untracked 
|  20|0x0000000705e00000, 0x0000000706000000, 0x0000000706000000|100%| O|  |TAMS 0x0000000706000000, 0x0000000705e00000| Untracked 
|  21|0x0000000706000000, 0x0000000706200000, 0x0000000706200000|100%| O|  |TAMS 0x0000000706200000, 0x0000000706000000| Untracked 
|  22|0x0000000706200000, 0x0000000706400000, 0x0000000706400000|100%| O|  |TAMS 0x0000000706400000, 0x0000000706200000| Untracked 
|  23|0x0000000706400000, 0x0000000706600000, 0x0000000706600000|100%| O|  |TAMS 0x0000000706600000, 0x0000000706400000| Untracked 
|  24|0x0000000706600000, 0x0000000706800000, 0x0000000706800000|100%| O|  |TAMS 0x0000000706740e00, 0x0000000706600000| Untracked 
|  25|0x0000000706800000, 0x0000000706a00000, 0x0000000706a00000|100%| O|  |TAMS 0x0000000706800000, 0x0000000706800000| Untracked 
|  26|0x0000000706a00000, 0x0000000706b89400, 0x0000000706c00000| 76%| O|  |TAMS 0x0000000706a00000, 0x0000000706a00000| Untracked 
|  27|0x0000000706c00000, 0x0000000706c00000, 0x0000000706e00000|  0%| F|  |TAMS 0x0000000706c00000, 0x0000000706c00000| Untracked 
|  28|0x0000000706e00000, 0x0000000706e00000, 0x0000000707000000|  0%| F|  |TAMS 0x0000000706e00000, 0x0000000706e00000| Untracked 
|  29|0x0000000707000000, 0x0000000707000000, 0x0000000707200000|  0%| F|  |TAMS 0x0000000707000000, 0x0000000707000000| Untracked 
|  30|0x0000000707200000, 0x0000000707200000, 0x0000000707400000|  0%| F|  |TAMS 0x0000000707200000, 0x0000000707200000| Untracked 
|  31|0x0000000707400000, 0x0000000707400000, 0x0000000707600000|  0%| F|  |TAMS 0x0000000707400000, 0x0000000707400000| Untracked 
|  32|0x0000000707600000, 0x0000000707600000, 0x0000000707800000|  0%| F|  |TAMS 0x0000000707600000, 0x0000000707600000| Untracked 
|  33|0x0000000707800000, 0x0000000707800000, 0x0000000707a00000|  0%| F|  |TAMS 0x0000000707800000, 0x0000000707800000| Untracked 
|  34|0x0000000707a00000, 0x0000000707a00000, 0x0000000707c00000|  0%| F|  |TAMS 0x0000000707a00000, 0x0000000707a00000| Untracked 
|  35|0x0000000707c00000, 0x0000000707c00000, 0x0000000707e00000|  0%| F|  |TAMS 0x0000000707c00000, 0x0000000707c00000| Untracked 
|  36|0x0000000707e00000, 0x0000000707e00000, 0x0000000708000000|  0%| F|  |TAMS 0x0000000707e00000, 0x0000000707e00000| Untracked 
|  37|0x0000000708000000, 0x0000000708000000, 0x0000000708200000|  0%| F|  |TAMS 0x0000000708000000, 0x0000000708000000| Untracked 
|  38|0x0000000708200000, 0x0000000708200000, 0x0000000708400000|  0%| F|  |TAMS 0x0000000708200000, 0x0000000708200000| Untracked 
|  39|0x0000000708400000, 0x00000007085cc1d0, 0x0000000708600000| 89%| S|CS|TAMS 0x0000000708400000, 0x0000000708400000| Complete 
|  40|0x0000000708600000, 0x0000000708600000, 0x0000000708800000|  0%| F|  |TAMS 0x0000000708600000, 0x0000000708600000| Untracked 
|  41|0x0000000708800000, 0x0000000708800000, 0x0000000708a00000|  0%| F|  |TAMS 0x0000000708800000, 0x0000000708800000| Untracked 
|  42|0x0000000708a00000, 0x0000000708a00000, 0x0000000708c00000|  0%| F|  |TAMS 0x0000000708a00000, 0x0000000708a00000| Untracked 
| 115|0x0000000711c00000, 0x0000000711c00000, 0x0000000711e00000|  0%| F|  |TAMS 0x0000000711c00000, 0x0000000711c00000| Untracked 
| 116|0x0000000711e00000, 0x0000000711e00000, 0x0000000712000000|  0%| F|  |TAMS 0x0000000711e00000, 0x0000000711e00000| Untracked 
| 117|0x0000000712000000, 0x0000000712000000, 0x0000000712200000|  0%| F|  |TAMS 0x0000000712000000, 0x0000000712000000| Untracked 
| 126|0x0000000713200000, 0x000000071325a718, 0x0000000713400000| 17%| E|  |TAMS 0x0000000713200000, 0x0000000713200000| Complete 

Card table byte_map: [0x000001e07d670000,0x000001e07de60000] _byte_map_base: 0x000001e079e55000

Marking Bits (Prev, Next): (CMBitMap*) 0x000001e0645d1710, (CMBitMap*) 0x000001e0645d16d0
 Prev Bits: [0x000001e003f30000, 0x000001e007e58000)
 Next Bits: [0x000001e000000000, 0x000001e003f28000)

Polling page: 0x000001e0642a0000

Metaspace:

Usage:
  Non-class:     22.42 MB used.
      Class:      3.52 MB used.
       Both:     25.94 MB used.

Virtual space:
  Non-class space:       64.00 MB reserved,      22.56 MB ( 35%) committed,  1 nodes.
      Class space:        1.00 GB reserved,       3.69 MB ( <1%) committed,  1 nodes.
             Both:        1.06 GB reserved,      26.25 MB (  2%) committed. 

Chunk freelists:
   Non-Class:  8.67 MB
       Class:  12.24 MB
        Both:  20.91 MB

MaxMetaspaceSize: unlimited
CompressedClassSpaceSize: 1.00 GB
Initial GC threshold: 21.00 MB
Current GC threshold: 43.44 MB
CDS: on
MetaspaceReclaimPolicy: balanced
 - commit_granule_bytes: 65536.
 - commit_granule_words: 8192.
 - virtual_space_node_default_size: 8388608.
 - enlarge_chunks_in_place: 1.
 - new_chunks_are_fully_committed: 0.
 - uncommit_free_chunks: 1.
 - use_allocation_guard: 0.
 - handle_deallocations: 1.


Internal statistics:

num_allocs_failed_limit: 3.
num_arena_births: 302.
num_arena_deaths: 0.
num_vsnodes_births: 2.
num_vsnodes_deaths: 0.
num_space_committed: 420.
num_space_uncommitted: 0.
num_chunks_returned_to_freelist: 3.
num_chunks_taken_from_freelist: 1128.
num_chunk_merges: 3.
num_chunk_splits: 752.
num_chunks_enlarged: 543.
num_inconsistent_stats: 0.

CodeHeap 'non-profiled nmethods': size=120000Kb used=4975Kb max_used=4975Kb free=115024Kb
 bounds [0x000001e074ed0000, 0x000001e0753b0000, 0x000001e07c400000]
CodeHeap 'profiled nmethods': size=120000Kb used=15517Kb max_used=15517Kb free=104482Kb
 bounds [0x000001e06d400000, 0x000001e06e330000, 0x000001e074930000]
CodeHeap 'non-nmethods': size=5760Kb used=1500Kb max_used=1556Kb free=4259Kb
 bounds [0x000001e074930000, 0x000001e074ba0000, 0x000001e074ed0000]
 total_blobs=7911 nmethods=7053 adapters=770
 compilation: enabled
              stopped_count=0, restarted_count=0
 full_count=0

Compilation events (20 events):
Event: 28.318 Thread 0x000001e04f00cbb0 7799       1       com.sun.javafx.tk.quantum.GlassScene::getStage (5 bytes)
Event: 28.318 Thread 0x000001e04f00cbb0 nmethod 7799 0x000001e075397810 code [0x000001e0753979a0, 0x000001e075397a78]
Event: 28.364 Thread 0x000001e04f00cbb0 7800       3       javafx.scene.Node::sceneToLocal (21 bytes)
Event: 28.365 Thread 0x000001e04f00cbb0 nmethod 7800 0x000001e06e31c490 code [0x000001e06e31c740, 0x000001e06e31dc28]
Event: 28.365 Thread 0x000001e04f00cbb0 7801       3       javafx.scene.Node::parentToLocal (15 bytes)
Event: 28.365 Thread 0x000001e04f00cbb0 nmethod 7801 0x000001e06e31e090 code [0x000001e06e31e240, 0x000001e06e31e4f8]
Event: 28.471 Thread 0x000001e04f00b1a0 7802  s    4       java.io.BufferedOutputStream::flush (12 bytes)
Event: 28.493 Thread 0x000001e04f00b1a0 nmethod 7802 0x000001e075397b10 code [0x000001e075397d80, 0x000001e0753994b0]
Event: 28.493 Thread 0x000001e04f00b1a0 7803       4       java.io.BufferedOutputStream::flushBuffer (29 bytes)
Event: 28.494 Thread 0x000001e04f9c16e0 7804   !   4       sun.nio.cs.StreamEncoder::flushBuffer (42 bytes)
Event: 28.494 Thread 0x000001e04f9c0c40 7805       4       java.lang.Throwable$WrappedPrintStream::println (9 bytes)
Event: 28.501 Thread 0x000001e04f9c16e0 nmethod 7804 0x000001e07539a910 code [0x000001e07539aae0, 0x000001e07539b738]
Event: 28.501 Thread 0x000001e04f9c16e0 7806   !   4       java.io.PrintStream::println (51 bytes)
Event: 28.513 Thread 0x000001e04f9c16e0 nmethod 7806 0x000001e07539be10 code [0x000001e07539c020, 0x000001e07539d350]
Event: 28.513 Thread 0x000001e04f9c16e0 7807   !   4       java.io.PrintStream::writeln (81 bytes)
Event: 28.515 Thread 0x000001e04f9c0c40 nmethod 7805 0x000001e07539df90 code [0x000001e07539e200, 0x000001e0753a0160]
Event: 28.515 Thread 0x000001e04f9c0c40 7808       4       java.lang.StackTraceElement::toString (322 bytes)
Event: 28.516 Thread 0x000001e04f00b1a0 nmethod 7803 0x000001e0753a1490 code [0x000001e0753a16e0, 0x000001e0753a2bb0]
Event: 28.523 Thread 0x000001e04f9c16e0 nmethod 7807 0x000001e0753a4010 code [0x000001e0753a4220, 0x000001e0753a54b0]
Event: 28.553 Thread 0x000001e04f9c0c40 nmethod 7808 0x000001e0753a6010 code [0x000001e0753a62c0, 0x000001e0753a9a50]

GC Heap History (20 events):
Event: 15.733 GC heap before
{Heap before GC invocations=14 (full 0):
 garbage-first heap   total 71680K, used 45517K [0x0000000703600000, 0x0000000800000000)
  region size 2048K, 4 young (8192K), 1 survivors (2048K)
 Metaspace       used 25960K, committed 26304K, reserved 1114112K
  class space    used 3595K, committed 3776K, reserved 1048576K
}
Event: 15.736 GC heap after
{Heap after GC invocations=15 (full 0):
 garbage-first heap   total 71680K, used 40324K [0x0000000703600000, 0x0000000800000000)
  region size 2048K, 1 young (2048K), 1 survivors (2048K)
 Metaspace       used 25960K, committed 26304K, reserved 1114112K
  class space    used 3595K, committed 3776K, reserved 1048576K
}
Event: 17.500 GC heap before
{Heap before GC invocations=15 (full 0):
 garbage-first heap   total 71680K, used 50564K [0x0000000703600000, 0x0000000800000000)
  region size 2048K, 7 young (14336K), 1 survivors (2048K)
 Metaspace       used 26041K, committed 26368K, reserved 1114112K
  class space    used 3595K, committed 3776K, reserved 1048576K
}
Event: 17.504 GC heap after
{Heap after GC invocations=16 (full 0):
 garbage-first heap   total 71680K, used 42610K [0x0000000703600000, 0x0000000800000000)
  region size 2048K, 1 young (2048K), 1 survivors (2048K)
 Metaspace       used 26041K, committed 26368K, reserved 1114112K
  class space    used 3595K, committed 3776K, reserved 1048576K
}
Event: 18.701 GC heap before
{Heap before GC invocations=17 (full 0):
 garbage-first heap   total 75776K, used 54898K [0x0000000703600000, 0x0000000800000000)
  region size 2048K, 7 young (14336K), 1 survivors (2048K)
 Metaspace       used 26075K, committed 26432K, reserved 1114112K
  class space    used 3595K, committed 3776K, reserved 1048576K
}
Event: 18.705 GC heap after
{Heap after GC invocations=18 (full 0):
 garbage-first heap   total 75776K, used 44838K [0x0000000703600000, 0x0000000800000000)
  region size 2048K, 1 young (2048K), 1 survivors (2048K)
 Metaspace       used 26075K, committed 26432K, reserved 1114112K
  class space    used 3595K, committed 3776K, reserved 1048576K
}
Event: 18.779 GC heap before
{Heap before GC invocations=18 (full 0):
 garbage-first heap   total 75776K, used 46886K [0x0000000703600000, 0x0000000800000000)
  region size 2048K, 2 young (4096K), 1 survivors (2048K)
 Metaspace       used 26085K, committed 26432K, reserved 1114112K
  class space    used 3595K, committed 3776K, reserved 1048576K
}
Event: 18.781 GC heap after
{Heap after GC invocations=19 (full 0):
 garbage-first heap   total 75776K, used 43626K [0x0000000703600000, 0x0000000800000000)
  region size 2048K, 1 young (2048K), 1 survivors (2048K)
 Metaspace       used 26085K, committed 26432K, reserved 1114112K
  class space    used 3595K, committed 3776K, reserved 1048576K
}
Event: 19.806 GC heap before
{Heap before GC invocations=19 (full 0):
 garbage-first heap   total 75776K, used 55914K [0x0000000703600000, 0x0000000800000000)
  region size 2048K, 7 young (14336K), 1 survivors (2048K)
 Metaspace       used 26141K, committed 26496K, reserved 1114112K
  class space    used 3595K, committed 3776K, reserved 1048576K
}
Event: 19.809 GC heap after
{Heap after GC invocations=20 (full 0):
 garbage-first heap   total 75776K, used 46129K [0x0000000703600000, 0x0000000800000000)
  region size 2048K, 1 young (2048K), 1 survivors (2048K)
 Metaspace       used 26141K, committed 26496K, reserved 1114112K
  class space    used 3595K, committed 3776K, reserved 1048576K
}
Event: 20.870 GC heap before
{Heap before GC invocations=21 (full 0):
 garbage-first heap   total 81920K, used 58417K [0x0000000703600000, 0x0000000800000000)
  region size 2048K, 7 young (14336K), 1 survivors (2048K)
 Metaspace       used 26221K, committed 26560K, reserved 1114112K
  class space    used 3595K, committed 3776K, reserved 1048576K
}
Event: 20.876 GC heap after
{Heap after GC invocations=22 (full 0):
 garbage-first heap   total 81920K, used 48313K [0x0000000703600000, 0x0000000800000000)
  region size 2048K, 1 young (2048K), 1 survivors (2048K)
 Metaspace       used 26221K, committed 26560K, reserved 1114112K
  class space    used 3595K, committed 3776K, reserved 1048576K
}
Event: 21.840 GC heap before
{Heap before GC invocations=22 (full 0):
 garbage-first heap   total 81920K, used 62649K [0x0000000703600000, 0x0000000800000000)
  region size 2048K, 8 young (16384K), 1 survivors (2048K)
 Metaspace       used 26239K, committed 26560K, reserved 1114112K
  class space    used 3595K, committed 3776K, reserved 1048576K
}
Event: 21.845 GC heap after
{Heap after GC invocations=23 (full 0):
 garbage-first heap   total 81920K, used 50621K [0x0000000703600000, 0x0000000800000000)
  region size 2048K, 1 young (2048K), 1 survivors (2048K)
 Metaspace       used 26239K, committed 26560K, reserved 1114112K
  class space    used 3595K, committed 3776K, reserved 1048576K
}
Event: 22.742 GC heap before
{Heap before GC invocations=24 (full 0):
 garbage-first heap   total 90112K, used 62909K [0x0000000703600000, 0x0000000800000000)
  region size 2048K, 7 young (14336K), 1 survivors (2048K)
 Metaspace       used 26309K, committed 26624K, reserved 1114112K
  class space    used 3602K, committed 3776K, reserved 1048576K
}
Event: 22.746 GC heap after
{Heap after GC invocations=25 (full 0):
 garbage-first heap   total 90112K, used 52483K [0x0000000703600000, 0x0000000800000000)
  region size 2048K, 1 young (2048K), 1 survivors (2048K)
 Metaspace       used 26309K, committed 26624K, reserved 1114112K
  class space    used 3602K, committed 3776K, reserved 1048576K
}
Event: 24.022 GC heap before
{Heap before GC invocations=25 (full 0):
 garbage-first heap   total 90112K, used 68867K [0x0000000703600000, 0x0000000800000000)
  region size 2048K, 9 young (18432K), 1 survivors (2048K)
 Metaspace       used 26372K, committed 26688K, reserved 1114112K
  class space    used 3602K, committed 3776K, reserved 1048576K
}
Event: 24.027 GC heap after
{Heap after GC invocations=26 (full 0):
 garbage-first heap   total 90112K, used 54834K [0x0000000703600000, 0x0000000800000000)
  region size 2048K, 2 young (4096K), 2 survivors (4096K)
 Metaspace       used 26372K, committed 26688K, reserved 1114112K
  class space    used 3602K, committed 3776K, reserved 1048576K
}
Event: 28.555 GC heap before
{Heap before GC invocations=27 (full 0):
 garbage-first heap   total 96256K, used 69170K [0x0000000703600000, 0x0000000800000000)
  region size 2048K, 9 young (18432K), 2 survivors (4096K)
 Metaspace       used 26548K, committed 26880K, reserved 1114112K
  class space    used 3604K, committed 3776K, reserved 1048576K
}
Event: 28.558 GC heap after
{Heap after GC invocations=28 (full 0):
 garbage-first heap   total 96256K, used 56661K [0x0000000703600000, 0x0000000800000000)
  region size 2048K, 1 young (2048K), 1 survivors (2048K)
 Metaspace       used 26548K, committed 26880K, reserved 1114112K
  class space    used 3604K, committed 3776K, reserved 1048576K
}

Deoptimization events (20 events):
Event: 27.823 Thread 0x000001e0500a3db0 Uncommon trap: trap_request=0xffffffbe fr.pc=0x000001e075339fc0 relative=0x0000000000000280
Event: 27.823 Thread 0x000001e0500a3db0 Uncommon trap: reason=profile_predicate action=maybe_recompile pc=0x000001e075339fc0 method=com.sun.javafx.event.CompositeEventHandler.dispatchBubblingEvent(Ljavafx/event/Event;)V @ 8 c2
Event: 27.823 Thread 0x000001e0500a3db0 DEOPT PACKING pc=0x000001e075339fc0 sp=0x0000000ba880ed90
Event: 27.823 Thread 0x000001e0500a3db0 DEOPT UNPACKING pc=0x000001e074985ba3 sp=0x0000000ba880ed60 mode 2
Event: 27.823 Thread 0x000001e0500a3db0 Uncommon trap: trap_request=0xffffffc6 fr.pc=0x000001e075338d80 relative=0x00000000000009e0
Event: 27.823 Thread 0x000001e0500a3db0 Uncommon trap: reason=bimorphic_or_optimized_type_check action=maybe_recompile pc=0x000001e075338d80 method=com.sun.javafx.event.EventHandlerManager.fixEventSource(Ljavafx/event/Event;Ljava/lang/Object;)Ljavafx/event/Event; @ 1 c2
Event: 27.823 Thread 0x000001e0500a3db0 DEOPT PACKING pc=0x000001e075338d80 sp=0x0000000ba880ef30
Event: 27.823 Thread 0x000001e0500a3db0 DEOPT UNPACKING pc=0x000001e074985ba3 sp=0x0000000ba880ee88 mode 2
Event: 27.823 Thread 0x000001e0500a3db0 Uncommon trap: trap_request=0xffffffbe fr.pc=0x000001e075339fc0 relative=0x0000000000000280
Event: 27.823 Thread 0x000001e0500a3db0 Uncommon trap: reason=profile_predicate action=maybe_recompile pc=0x000001e075339fc0 method=com.sun.javafx.event.CompositeEventHandler.dispatchBubblingEvent(Ljavafx/event/Event;)V @ 8 c2
Event: 27.823 Thread 0x000001e0500a3db0 DEOPT PACKING pc=0x000001e075339fc0 sp=0x0000000ba880eea0
Event: 27.823 Thread 0x000001e0500a3db0 DEOPT UNPACKING pc=0x000001e074985ba3 sp=0x0000000ba880ee70 mode 2
Event: 27.830 Thread 0x000001e0500a3db0 Uncommon trap: trap_request=0xffffffc6 fr.pc=0x000001e075338d80 relative=0x00000000000009e0
Event: 27.830 Thread 0x000001e0500a3db0 Uncommon trap: reason=bimorphic_or_optimized_type_check action=maybe_recompile pc=0x000001e075338d80 method=com.sun.javafx.event.EventHandlerManager.fixEventSource(Ljavafx/event/Event;Ljava/lang/Object;)Ljavafx/event/Event; @ 1 c2
Event: 27.830 Thread 0x000001e0500a3db0 DEOPT PACKING pc=0x000001e075338d80 sp=0x0000000ba880ef30
Event: 27.830 Thread 0x000001e0500a3db0 DEOPT UNPACKING pc=0x000001e074985ba3 sp=0x0000000ba880ee88 mode 2
Event: 27.830 Thread 0x000001e0500a3db0 Uncommon trap: trap_request=0xffffffbe fr.pc=0x000001e075339fc0 relative=0x0000000000000280
Event: 27.830 Thread 0x000001e0500a3db0 Uncommon trap: reason=profile_predicate action=maybe_recompile pc=0x000001e075339fc0 method=com.sun.javafx.event.CompositeEventHandler.dispatchBubblingEvent(Ljavafx/event/Event;)V @ 8 c2
Event: 27.830 Thread 0x000001e0500a3db0 DEOPT PACKING pc=0x000001e075339fc0 sp=0x0000000ba880eea0
Event: 27.830 Thread 0x000001e0500a3db0 DEOPT UNPACKING pc=0x000001e074985ba3 sp=0x0000000ba880ee70 mode 2

Classes unloaded (0 events):
No events

Classes redefined (0 events):
No events

Internal exceptions (20 events):
Event: 24.392 Thread 0x000001e0500a3db0 Exception <a 'java/lang/StackOverflowError'{0x00000007121c8c08}> (0x00000007121c8c08) 
thrown [s\open\src\hotspot\share\runtime\sharedRuntime.cpp, line 631]
Event: 24.400 Thread 0x000001e0500a3db0 StackOverflowError at 0x000001e07516ef60
Event: 24.400 Thread 0x000001e0500a3db0 Exception <a 'java/lang/StackOverflowError'{0x0000000711ec7618}> (0x0000000711ec7618) 
thrown [s\open\src\hotspot\share\runtime\sharedRuntime.cpp, line 631]
Event: 24.407 Thread 0x000001e0500a3db0 StackOverflowError at 0x000001e07516ef60
Event: 24.407 Thread 0x000001e0500a3db0 Exception <a 'java/lang/StackOverflowError'{0x0000000711fc5bc0}> (0x0000000711fc5bc0) 
thrown [s\open\src\hotspot\share\runtime\sharedRuntime.cpp, line 631]
Event: 24.419 Thread 0x000001e0500a3db0 StackOverflowError at 0x000001e07516ef60
Event: 24.419 Thread 0x000001e0500a3db0 Exception <a 'java/lang/StackOverflowError'{0x0000000711cc46e8}> (0x0000000711cc46e8) 
thrown [s\open\src\hotspot\share\runtime\sharedRuntime.cpp, line 631]
Event: 24.426 Thread 0x000001e0500a3db0 StackOverflowError at 0x000001e07516ef60
Event: 24.426 Thread 0x000001e0500a3db0 Exception <a 'java/lang/StackOverflowError'{0x0000000711dc2c10}> (0x0000000711dc2c10) 
thrown [s\open\src\hotspot\share\runtime\sharedRuntime.cpp, line 631]
Event: 24.433 Thread 0x000001e0500a3db0 StackOverflowError at 0x000001e07516ef60
Event: 24.433 Thread 0x000001e0500a3db0 Exception <a 'java/lang/StackOverflowError'{0x0000000708ac1688}> (0x0000000708ac1688) 
thrown [s\open\src\hotspot\share\runtime\sharedRuntime.cpp, line 631]
Event: 24.439 Thread 0x000001e0500a3db0 StackOverflowError at 0x000001e07516ef60
Event: 24.439 Thread 0x000001e0500a3db0 Exception <a 'java/lang/StackOverflowError'{0x0000000708bbfb68}> (0x0000000708bbfb68) 
thrown [s\open\src\hotspot\share\runtime\sharedRuntime.cpp, line 631]
Event: 27.823 Thread 0x000001e0500a3db0 Implicit null exception at 0x000001e075287535 to 0x000001e075287ea4
Event: 27.823 Thread 0x000001e0500a3db0 Implicit null exception at 0x000001e075287535 to 0x000001e075287ea4
Event: 28.470 Thread 0x000001e0500a3db0 Exception <a 'java/lang/StackOverflowError'{0x00000007089407d8}> (0x00000007089407d8) 
thrown [s\open\src\hotspot\share\runtime\javaCalls.cpp, line 400]
Event: 28.474 Thread 0x000001e0500a3db0 Exception <a 'java/lang/NoSuchMethodError'{0x000000070862f330}: getInstance> (0x000000070862f330) 
thrown [s\open\src\hotspot\share\prims\jni.cpp, line 1078]
Event: 28.476 Thread 0x000001e0500a3db0 StackOverflowError at 0x000001e074f42f80
Event: 28.476 Thread 0x000001e0500a3db0 Exception <a 'java/lang/StackOverflowError'{0x000000070863e280}> (0x000000070863e280) 
thrown [s\open\src\hotspot\share\runtime\sharedRuntime.cpp, line 631]
Event: 28.552 Thread 0x000001e0500a3db0 Exception <a 'java/lang/StackOverflowError'{0x0000000708733790}> (0x0000000708733790) 
thrown [s\open\src\hotspot\share\runtime\javaCalls.cpp, line 400]

VM Operations (20 events):
Event: 21.894 Executing VM operation: G1Concurrent
Event: 21.897 Executing VM operation: G1Concurrent done
Event: 21.912 Executing VM operation: G1Concurrent
Event: 21.912 Executing VM operation: G1Concurrent done
Event: 22.742 Executing VM operation: G1CollectForAllocation
Event: 22.747 Executing VM operation: G1CollectForAllocation done
Event: 24.022 Executing VM operation: G1CollectForAllocation
Event: 24.027 Executing VM operation: G1CollectForAllocation done
Event: 24.068 Executing VM operation: G1Concurrent
Event: 24.073 Executing VM operation: G1Concurrent done
Event: 24.089 Executing VM operation: G1Concurrent
Event: 24.089 Executing VM operation: G1Concurrent done
Event: 25.089 Executing VM operation: Cleanup
Event: 25.089 Executing VM operation: Cleanup done
Event: 26.090 Executing VM operation: Cleanup
Event: 26.090 Executing VM operation: Cleanup done
Event: 28.091 Executing VM operation: Cleanup
Event: 28.091 Executing VM operation: Cleanup done
Event: 28.554 Executing VM operation: G1CollectForAllocation
Event: 28.558 Executing VM operation: G1CollectForAllocation done

Events (20 events):
Event: 23.897 Thread 0x000001e050cf1740 Thread exited: 0x000001e050cf1740
Event: 23.897 Thread 0x000001e050cf0750 Thread exited: 0x000001e050cf0750
Event: 23.937 Thread 0x000001e0507ebe80 Thread exited: 0x000001e0507ebe80
Event: 23.942 Thread 0x000001e0507eb970 Thread exited: 0x000001e0507eb970
Event: 23.945 Thread 0x000001e0507eb460 Thread exited: 0x000001e0507eb460
Event: 23.970 Thread 0x000001e0507ec390 Thread exited: 0x000001e0507ec390
Event: 23.970 Thread 0x000001e0507eaa40 Thread exited: 0x000001e0507eaa40
Event: 23.978 Thread 0x000001e0507ea530 Thread exited: 0x000001e0507ea530
Event: 23.988 Thread 0x000001e0507e90f0 Thread exited: 0x000001e0507e90f0
Event: 23.996 Thread 0x000001e0507ecdb0 Thread exited: 0x000001e0507ecdb0
Event: 24.369 loading class java/lang/Throwable$WrappedPrintStream
Event: 24.369 loading class java/lang/Throwable$PrintStreamOrWriter
Event: 24.369 loading class java/lang/Throwable$PrintStreamOrWriter done
Event: 24.369 loading class java/lang/Throwable$WrappedPrintStream done
Event: 24.382 Thread 0x000001e04f9bfc50 Thread added: 0x000001e04f9bfc50
Event: 24.421 loading class jdk/internal/access/foreign/MemorySegmentProxy
Event: 24.421 loading class jdk/internal/access/foreign/MemorySegmentProxy done
Event: 25.216 Thread 0x000001e04f9bfc50 Thread exited: 0x000001e04f9bfc50
Event: 28.493 Thread 0x000001e04f9c0c40 Thread added: 0x000001e04f9c0c40
Event: 28.493 Thread 0x000001e04f9c16e0 Thread added: 0x000001e04f9c16e0


Dynamic libraries:
0x00007ff618380000 - 0x00007ff618390000 	D:\JavaProgramFile\javaJdk\jdk-17.0.12\bin\java.exe
0x00007ffb21ee0000 - 0x00007ffb22147000 	C:\WINDOWS\SYSTEM32\ntdll.dll
0x00007ffb210b0000 - 0x00007ffb21179000 	C:\WINDOWS\System32\KERNEL32.DLL
0x00007ffb1f270000 - 0x00007ffb1f664000 	C:\WINDOWS\System32\KERNELBASE.dll
0x00007ffb1f8e0000 - 0x00007ffb1fa2b000 	C:\WINDOWS\System32\ucrtbase.dll
0x00007ffb16cc0000 - 0x00007ffb16cdb000 	D:\JavaProgramFile\javaJdk\jdk-17.0.12\bin\VCRUNTIME140.dll
0x00007ffb16da0000 - 0x00007ffb16db9000 	D:\JavaProgramFile\javaJdk\jdk-17.0.12\bin\jli.dll
0x00007ffb1fc70000 - 0x00007ffb1fd26000 	C:\WINDOWS\System32\ADVAPI32.dll
0x00007ffb21b60000 - 0x00007ffb21c09000 	C:\WINDOWS\System32\msvcrt.dll
0x00007ffb21db0000 - 0x00007ffb21e57000 	C:\WINDOWS\System32\sechost.dll
0x00007ffb20df0000 - 0x00007ffb20f08000 	C:\WINDOWS\System32\RPCRT4.dll
0x00007ffb21210000 - 0x00007ffb213d5000 	C:\WINDOWS\System32\USER32.dll
0x00007ffb1e7b0000 - 0x00007ffb1e7d7000 	C:\WINDOWS\System32\win32u.dll
0x00007ffb05c70000 - 0x00007ffb05f03000 	C:\WINDOWS\WinSxS\amd64_microsoft.windows.common-controls_6595b64144ccf1df_6.0.26100.8115_none_3e075c82e3354f9c\COMCTL32.dll
0x00007ffb1fd30000 - 0x00007ffb1fd5b000 	C:\WINDOWS\System32\GDI32.dll
0x00007ffb1f670000 - 0x00007ffb1f79b000 	C:\WINDOWS\System32\gdi32full.dll
0x00007ffb1f1c0000 - 0x00007ffb1f263000 	C:\WINDOWS\System32\msvcp_win.dll
0x00007ffb12620000 - 0x00007ffb1262b000 	C:\WINDOWS\SYSTEM32\VERSION.dll
0x00007ffb21e60000 - 0x00007ffb21e92000 	C:\WINDOWS\System32\IMM32.DLL
0x00007ffb0eba0000 - 0x00007ffb0ebac000 	D:\JavaProgramFile\javaJdk\jdk-17.0.12\bin\vcruntime140_1.dll
0x00007ffaa9e40000 - 0x00007ffaa9ece000 	D:\JavaProgramFile\javaJdk\jdk-17.0.12\bin\msvcp140.dll
0x00007ffa01520000 - 0x00007ffa02100000 	D:\JavaProgramFile\javaJdk\jdk-17.0.12\bin\server\jvm.dll
0x00007ffb210a0000 - 0x00007ffb210a8000 	C:\WINDOWS\System32\PSAPI.DLL
0x00007ffb1b050000 - 0x00007ffb1b05a000 	C:\WINDOWS\SYSTEM32\WSOCK32.dll
0x00007ffb09510000 - 0x00007ffb09546000 	C:\WINDOWS\SYSTEM32\WINMM.dll
0x00007ffb21c90000 - 0x00007ffb21d10000 	C:\WINDOWS\System32\WS2_32.dll
0x00007ffb1d540000 - 0x00007ffb1d55b000 	C:\WINDOWS\SYSTEM32\kernel.appcore.dll
0x00007ffafcfc0000 - 0x00007ffafcfca000 	D:\JavaProgramFile\javaJdk\jdk-17.0.12\bin\jimage.dll
0x00007ffb1c550000 - 0x00007ffb1c792000 	C:\WINDOWS\SYSTEM32\DBGHELP.DLL
0x00007ffb213f0000 - 0x00007ffb21772000 	C:\WINDOWS\System32\combase.dll
0x00007ffb1fd60000 - 0x00007ffb1fe38000 	C:\WINDOWS\System32\OLEAUT32.dll
0x00007ffafad80000 - 0x00007ffafadbb000 	C:\WINDOWS\SYSTEM32\dbgcore.DLL
0x00007ffb1f830000 - 0x00007ffb1f8d5000 	C:\WINDOWS\System32\bcryptPrimitives.dll
0x00007ffb16e00000 - 0x00007ffb16e0e000 	D:\JavaProgramFile\javaJdk\jdk-17.0.12\bin\instrument.dll
0x00007ffaec710000 - 0x00007ffaec735000 	D:\JavaProgramFile\javaJdk\jdk-17.0.12\bin\java.dll
0x00007ffa8fef0000 - 0x00007ffa8ffc7000 	D:\JavaProgramFile\javaJdk\jdk-17.0.12\bin\jsvml.dll
0x00007ffb202d0000 - 0x00007ffb20a37000 	C:\WINDOWS\System32\SHELL32.dll
0x00007ffb1e7e0000 - 0x00007ffb1e94a000 	C:\WINDOWS\System32\wintypes.dll
0x00007ffb1e950000 - 0x00007ffb1f1b8000 	C:\WINDOWS\System32\windows.storage.dll
0x00007ffb20a40000 - 0x00007ffb20b38000 	C:\WINDOWS\System32\SHCORE.dll
0x00007ffb21af0000 - 0x00007ffb21b56000 	C:\WINDOWS\System32\shlwapi.dll
0x00007ffb1e6d0000 - 0x00007ffb1e6f9000 	C:\WINDOWS\SYSTEM32\profapi.dll
0x00007ffab7640000 - 0x00007ffab7658000 	D:\JavaProgramFile\javaJdk\jdk-17.0.12\bin\zip.dll
0x00007ffae58d0000 - 0x00007ffae58e9000 	D:\JavaProgramFile\javaJdk\jdk-17.0.12\bin\net.dll
0x00007ffb12bb0000 - 0x00007ffb12cdd000 	C:\WINDOWS\SYSTEM32\WINHTTP.dll
0x00007ffb1dab0000 - 0x00007ffb1db1c000 	C:\WINDOWS\system32\mswsock.dll
0x00007ffabfdf0000 - 0x00007ffabfe06000 	D:\JavaProgramFile\javaJdk\jdk-17.0.12\bin\nio.dll
0x00007ffb0ebf0000 - 0x00007ffb0ec0a000 	D:\software\idea\IntelliJ IDEA 2024.3\bin\breakgen64.dll
0x00007ffb1cf80000 - 0x00007ffb1d0b2000 	C:\WINDOWS\SYSTEM32\DNSAPI.dll
0x00007ffb1cef0000 - 0x00007ffb1cf22000 	C:\WINDOWS\SYSTEM32\IPHLPAPI.DLL
0x00007ffb213e0000 - 0x00007ffb213ea000 	C:\WINDOWS\System32\NSI.dll
0x00007ffb12630000 - 0x00007ffb1263b000 	C:\Windows\System32\rasadhlp.dll
0x00007ffb15e50000 - 0x00007ffb15ed6000 	C:\WINDOWS\System32\fwpuclnt.dll
0x00007ffb0ebe0000 - 0x00007ffb0ebea000 	D:\JavaProgramFile\javaJdk\jdk-17.0.12\bin\management.dll
0x00007ffb0ebd0000 - 0x00007ffb0ebdb000 	D:\JavaProgramFile\javaJdk\jdk-17.0.12\bin\management_ext.dll
0x000001e009ef0000 - 0x000001e009ef3000 	C:\Users\ºî¸ß½Ü\.openjfx\cache\21+31\amd64\api-ms-win-core-console-l1-1-0.dll
0x000001e009f00000 - 0x000001e009f03000 	C:\Users\ºî¸ß½Ü\.openjfx\cache\21+31\amd64\api-ms-win-core-console-l1-2-0.dll
0x00007ffb1dd90000 - 0x00007ffb1ddab000 	C:\WINDOWS\SYSTEM32\CRYPTSP.dll
0x00007ffb1d4a0000 - 0x00007ffb1d4d9000 	C:\WINDOWS\system32\rsaenh.dll
0x000001e009f30000 - 0x000001e009f33000 	C:\Users\ºî¸ß½Ü\.openjfx\cache\21+31\amd64\api-ms-win-core-datetime-l1-1-0.dll
0x00007ffb1db60000 - 0x00007ffb1db93000 	C:\WINDOWS\SYSTEM32\USERENV.dll
0x00007ffb1e6a0000 - 0x00007ffb1e6ca000 	C:\WINDOWS\SYSTEM32\bcrypt.dll
0x00007ffb1ddb0000 - 0x00007ffb1ddbc000 	C:\WINDOWS\SYSTEM32\CRYPTBASE.dll
0x000001e009f40000 - 0x000001e009f43000 	C:\Users\ºî¸ß½Ü\.openjfx\cache\21+31\amd64\api-ms-win-core-debug-l1-1-0.dll
0x00007ffb15690000 - 0x00007ffb156ad000 	C:\WINDOWS\SYSTEM32\dhcpcsvc6.DLL
0x000001e009f50000 - 0x000001e009f53000 	C:\Users\ºî¸ß½Ü\.openjfx\cache\21+31\amd64\api-ms-win-core-errorhandling-l1-1-0.dll
0x00007ffb155f0000 - 0x00007ffb15615000 	C:\WINDOWS\SYSTEM32\dhcpcsvc.DLL
0x000001e009f60000 - 0x000001e009f64000 	C:\Users\ºî¸ß½Ü\.openjfx\cache\21+31\amd64\api-ms-win-core-file-l1-1-0.dll
0x000001e009f70000 - 0x000001e009f73000 	C:\Users\ºî¸ß½Ü\.openjfx\cache\21+31\amd64\api-ms-win-core-file-l1-2-0.dll
0x000001e009f80000 - 0x000001e009f83000 	C:\Users\ºî¸ß½Ü\.openjfx\cache\21+31\amd64\api-ms-win-core-file-l2-1-0.dll
0x000001e009f90000 - 0x000001e009f93000 	C:\Users\ºî¸ß½Ü\.openjfx\cache\21+31\amd64\api-ms-win-core-handle-l1-1-0.dll
0x000001e009fa0000 - 0x000001e009fa3000 	C:\Users\ºî¸ß½Ü\.openjfx\cache\21+31\amd64\api-ms-win-core-heap-l1-1-0.dll
0x000001e009fb0000 - 0x000001e009fb3000 	C:\Users\ºî¸ß½Ü\.openjfx\cache\21+31\amd64\api-ms-win-core-interlocked-l1-1-0.dll
0x000001e009fc0000 - 0x000001e009fc3000 	C:\Users\ºî¸ß½Ü\.openjfx\cache\21+31\amd64\api-ms-win-core-libraryloader-l1-1-0.dll
0x000001e009fd0000 - 0x000001e009fd3000 	C:\Users\ºî¸ß½Ü\.openjfx\cache\21+31\amd64\api-ms-win-core-localization-l1-2-0.dll
0x000001e009fe0000 - 0x000001e009fe3000 	C:\Users\ºî¸ß½Ü\.openjfx\cache\21+31\amd64\api-ms-win-core-memory-l1-1-0.dll
0x000001e009ff0000 - 0x000001e009ff3000 	C:\Users\ºî¸ß½Ü\.openjfx\cache\21+31\amd64\api-ms-win-core-namedpipe-l1-1-0.dll
0x000001e04ff40000 - 0x000001e04ff43000 	C:\Users\ºî¸ß½Ü\.openjfx\cache\21+31\amd64\api-ms-win-core-processenvironment-l1-1-0.dll
0x000001e04ff50000 - 0x000001e04ff53000 	C:\Users\ºî¸ß½Ü\.openjfx\cache\21+31\amd64\api-ms-win-core-processthreads-l1-1-0.dll
0x000001e04ff60000 - 0x000001e04ff63000 	C:\Users\ºî¸ß½Ü\.openjfx\cache\21+31\amd64\api-ms-win-core-processthreads-l1-1-1.dll
0x000001e04ff70000 - 0x000001e04ff73000 	C:\Users\ºî¸ß½Ü\.openjfx\cache\21+31\amd64\api-ms-win-core-profile-l1-1-0.dll
0x00007ffaefc30000 - 0x00007ffaefc48000 	C:\WINDOWS\system32\napinsp.dll
0x00007ffaefc10000 - 0x00007ffaefc23000 	C:\WINDOWS\System32\winrnr.dll
0x00007ffaef390000 - 0x00007ffaef3b2000 	C:\WINDOWS\system32\nlansp_c.dll
0x00007ffb0de30000 - 0x00007ffb0de46000 	C:\WINDOWS\system32\wshbth.dll
0x000001e04ff80000 - 0x000001e04ff83000 	C:\Users\ºî¸ß½Ü\.openjfx\cache\21+31\amd64\api-ms-win-core-rtlsupport-l1-1-0.dll
0x000001e04ff90000 - 0x000001e04ff93000 	C:\Users\ºî¸ß½Ü\.openjfx\cache\21+31\amd64\api-ms-win-core-string-l1-1-0.dll
0x000001e04ffa0000 - 0x000001e04ffa3000 	C:\Users\ºî¸ß½Ü\.openjfx\cache\21+31\amd64\api-ms-win-core-synch-l1-1-0.dll
0x000001e04ffb0000 - 0x000001e04ffb3000 	C:\Users\ºî¸ß½Ü\.openjfx\cache\21+31\amd64\api-ms-win-core-synch-l1-2-0.dll
0x000001e04ffc0000 - 0x000001e04ffc3000 	C:\Users\ºî¸ß½Ü\.openjfx\cache\21+31\amd64\api-ms-win-core-sysinfo-l1-1-0.dll
0x000001e04ffd0000 - 0x000001e04ffd3000 	C:\Users\ºî¸ß½Ü\.openjfx\cache\21+31\amd64\api-ms-win-core-timezone-l1-1-0.dll
0x000001e04ffe0000 - 0x000001e04ffe3000 	C:\Users\ºî¸ß½Ü\.openjfx\cache\21+31\amd64\api-ms-win-core-util-l1-1-0.dll
0x000001e04fff0000 - 0x000001e04fff3000 	C:\Users\ºî¸ß½Ü\.openjfx\cache\21+31\amd64\api-ms-win-crt-conio-l1-1-0.dll
0x000001e050000000 - 0x000001e050004000 	C:\Users\ºî¸ß½Ü\.openjfx\cache\21+31\amd64\api-ms-win-crt-convert-l1-1-0.dll
0x000001e050010000 - 0x000001e050013000 	C:\Users\ºî¸ß½Ü\.openjfx\cache\21+31\amd64\api-ms-win-crt-environment-l1-1-0.dll
0x000001e050020000 - 0x000001e050023000 	C:\Users\ºî¸ß½Ü\.openjfx\cache\21+31\amd64\api-ms-win-crt-filesystem-l1-1-0.dll
0x000001e050030000 - 0x000001e050033000 	C:\Users\ºî¸ß½Ü\.openjfx\cache\21+31\amd64\api-ms-win-crt-heap-l1-1-0.dll
0x000001e050040000 - 0x000001e050043000 	C:\Users\ºî¸ß½Ü\.openjfx\cache\21+31\amd64\api-ms-win-crt-locale-l1-1-0.dll
0x000001e050050000 - 0x000001e050055000 	C:\Users\ºî¸ß½Ü\.openjfx\cache\21+31\amd64\api-ms-win-crt-math-l1-1-0.dll
0x000001e050060000 - 0x000001e050065000 	C:\Users\ºî¸ß½Ü\.openjfx\cache\21+31\amd64\api-ms-win-crt-multibyte-l1-1-0.dll
0x000001e050070000 - 0x000001e050080000 	C:\Users\ºî¸ß½Ü\.openjfx\cache\21+31\amd64\api-ms-win-crt-private-l1-1-0.dll
0x000001e051050000 - 0x000001e051053000 	C:\Users\ºî¸ß½Ü\.openjfx\cache\21+31\amd64\api-ms-win-crt-process-l1-1-0.dll
0x000001e051060000 - 0x000001e051064000 	C:\Users\ºî¸ß½Ü\.openjfx\cache\21+31\amd64\api-ms-win-crt-runtime-l1-1-0.dll
0x000001e051070000 - 0x000001e051074000 	C:\Users\ºî¸ß½Ü\.openjfx\cache\21+31\amd64\api-ms-win-crt-stdio-l1-1-0.dll
0x000001e051080000 - 0x000001e051084000 	C:\Users\ºî¸ß½Ü\.openjfx\cache\21+31\amd64\api-ms-win-crt-string-l1-1-0.dll
0x00007ffaf4460000 - 0x00007ffaf44b6000 	C:\WINDOWS\SYSTEM32\pdh.dll
0x000001e051090000 - 0x000001e051093000 	C:\Users\ºî¸ß½Ü\.openjfx\cache\21+31\amd64\api-ms-win-crt-time-l1-1-0.dll
0x000001e0510a0000 - 0x000001e0510a3000 	C:\Users\ºî¸ß½Ü\.openjfx\cache\21+31\amd64\api-ms-win-crt-utility-l1-1-0.dll
0x00007ffa794c0000 - 0x00007ffa795bc000 	C:\Users\ºî¸ß½Ü\.openjfx\cache\21+31\amd64\ucrtbase.dll
0x00007ffb07620000 - 0x00007ffb0763b000 	C:\Users\ºî¸ß½Ü\.openjfx\cache\21+31\amd64\vcruntime140.dll
0x00007ffaec850000 - 0x00007ffaec85c000 	C:\Users\ºî¸ß½Ü\.openjfx\cache\21+31\amd64\vcruntime140_1.dll
0x00007ffa8f940000 - 0x00007ffa8f9ce000 	C:\Users\ºî¸ß½Ü\.openjfx\cache\21+31\amd64\msvcp140.dll
0x00007ffb20b50000 - 0x00007ffb20ce7000 	C:\WINDOWS\System32\ole32.dll
0x00007ffaec840000 - 0x00007ffaec849000 	C:\Users\ºî¸ß½Ü\.openjfx\cache\21+31\amd64\msvcp140_1.dll
0x00007ffaec740000 - 0x00007ffaec76f000 	C:\Users\ºî¸ß½Ü\.openjfx\cache\21+31\amd64\msvcp140_2.dll
0x00007ffab56f0000 - 0x00007ffab571f000 	C:\Users\ºî¸ß½Ü\.openjfx\cache\21+31\amd64\prism_d3d.dll
0x00007ffaeece0000 - 0x00007ffaeee92000 	C:\WINDOWS\system32\d3d9.dll
0x00007ffb1b430000 - 0x00007ffb1b45f000 	C:\WINDOWS\SYSTEM32\dwmapi.dll
0x00007ffb1b960000 - 0x00007ffb1b9a3000 	C:\WINDOWS\SYSTEM32\dxcore.dll
0x00007ffb1b330000 - 0x00007ffb1b3d9000 	C:\WINDOWS\system32\uxtheme.dll
0x00007ffa4a8e0000 - 0x00007ffa4aa45000 	C:\WINDOWS\System32\DriverStore\FileRepository\iigd_dch.inf_amd64_6723bd46cda9ac8d\igdumdim64.dll
0x00007ff9ea000000 - 0x00007ff9edbda000 	C:\WINDOWS\System32\DriverStore\FileRepository\iigd_dch.inf_amd64_6723bd46cda9ac8d\igd9dxva64.dll
0x00007ffb1fe40000 - 0x00007ffb202c7000 	C:\WINDOWS\System32\SETUPAPI.dll
0x00007ffb1e360000 - 0x00007ffb1e3b1000 	C:\WINDOWS\SYSTEM32\cfgmgr32.dll
0x00007ffb12740000 - 0x00007ffb12b01000 	C:\WINDOWS\System32\DriverStore\FileRepository\iigd_dch.inf_amd64_6723bd46cda9ac8d\igdgmm64.dll
0x00007ffb16860000 - 0x00007ffb168c1000 	C:\WINDOWS\SYSTEM32\directxdatabasehelper.dll
0x00007ffaa7c30000 - 0x00007ffaa7c72000 	C:\Users\ºî¸ß½Ü\.openjfx\cache\21+31\amd64\glass.dll
0x00007ffb20cf0000 - 0x00007ffb20ddf000 	C:\WINDOWS\System32\COMDLG32.dll

dbghelp: loaded successfully - version: 4.0.5 - missing functions: none
symbol engine: initialized successfully - sym options: 0x614 - pdb path: .;D:\JavaProgramFile\javaJdk\jdk-17.0.12\bin;C:\WINDOWS\SYSTEM32;C:\WINDOWS\WinSxS\amd64_microsoft.windows.common-controls_6595b64144ccf1df_6.0.26100.8115_none_3e075c82e3354f9c;D:\JavaProgramFile\javaJdk\jdk-17.0.12\bin\server;D:\software\idea\IntelliJ IDEA 2024.3\bin;C:\Users\ºî¸ß½Ü\.openjfx\cache\21+31\am;C:\Users\ºî¸ß½Ü\.openjfx\cache\21+31;C:\Users\ºî¸ß½Ü\.openjfx\cache\21;C:\Users\ºî¸ß½Ü\.openjfx\cache;C:\Users\ºî¸ß½Ü\.openjfx\ca;C:\Users\ºî¸ß½Ü\.openjfx;C:\Users\ºî¸ß½Ü\.open;C:\Users\ºî¸ß½Ü\.o;C:\Users\ºî¸ß½Ü;C:\Users\ºî?C:\Users\ºî;C:\Users\?C:\Users\?C:\Users\?C:\Users\?C:\Users\?C:\Users\?C:\Users\?C:\Users\?C:\Users\?C:\Users\?C:\Users\?C:\Users\?C:\Users\?C:\Users\?C:\Users\?C:\Users\?C:\Users\?C:\Users\?C:\Users\?C:\Users\?C:\Users\?C:\Users\?C:\Users\?C:\Users\?C:\Users\?C:\Users\?C:\Users\?C:\Users\?C:\Users\?C:\Users\?C:\Users\?C:\Users\?C:\Users\?C:\Users\?C:\Users\?C:\Users\?C:\Users\?C:\Users\ºî¸ß½Ü\.openjfx\cache\21+31\amd64;C:\WINDOWS\System32\DriverStore\FileRepository\iig;C:\Users\ºî¸ß½Ü\.openjfx\cache\21+31\amd64;C:\WINDOWS\System32\DriverStore\FileRepository\;C:\WINDOWS\System32\DriverStore\FileRepository\;C:\WINDOWS\System32\DriverStore\FileRepository\iigd_dch.inf_amd64_6723bd46cda9ac8d;C:\Program File;C:\Program File

VM Arguments:
jvm_args: -javaagent:D:\software\idea\IntelliJ IDEA 2024.3\lib\idea_rt.jar=50116:D:\software\idea\IntelliJ IDEA 2024.3\bin -Dfile.encoding=UTF-8 
java_command: com.express.servermanagertool.Launcher
java_class_path (initial): D:\Project\server-manager-tool\target\classes;D:\maven\repository\org\openjfx\javafx-controls\21\javafx-controls-21.jar;D:\maven\repository\org\openjfx\javafx-controls\21\javafx-controls-21-win.jar;D:\maven\repository\org\openjfx\javafx-graphics\21\javafx-graphics-21.jar;D:\maven\repository\org\openjfx\javafx-graphics\21\javafx-graphics-21-win.jar;D:\maven\repository\org\openjfx\javafx-base\21\javafx-base-21.jar;D:\maven\repository\org\openjfx\javafx-base\21\javafx-base-21-win.jar;D:\maven\repository\com\jcraft\jsch\0.1.55\jsch-0.1.55.jar;D:\maven\repository\org\slf4j\slf4j-simple\2.0.9\slf4j-simple-2.0.9.jar;D:\maven\repository\org\slf4j\slf4j-api\2.0.9\slf4j-api-2.0.9.jar
Launcher Type: SUN_STANDARD

[Global flags]
     intx CICompilerCount                          = 4                                         {product} {ergonomic}
     uint ConcGCThreads                            = 2                                         {product} {ergonomic}
     uint G1ConcRefinementThreads                  = 8                                         {product} {ergonomic}
   size_t G1HeapRegionSize                         = 2097152                                   {product} {ergonomic}
    uintx GCDrainStackTargetSize                   = 64                                        {product} {ergonomic}
   size_t InitialHeapSize                          = 266338304                                 {product} {ergonomic}
   size_t MarkStackSize                            = 4194304                                   {product} {ergonomic}
   size_t MaxHeapSize                              = 4238344192                                {product} {ergonomic}
   size_t MaxNewSize                               = 2541748224                                {product} {ergonomic}
   size_t MinHeapDeltaBytes                        = 2097152                                   {product} {ergonomic}
   size_t MinHeapSize                              = 8388608                                   {product} {ergonomic}
    uintx NonNMethodCodeHeapSize                   = 5839372                                {pd product} {ergonomic}
    uintx NonProfiledCodeHeapSize                  = 122909434                              {pd product} {ergonomic}
    uintx ProfiledCodeHeapSize                     = 122909434                              {pd product} {ergonomic}
    uintx ReservedCodeCacheSize                    = 251658240                              {pd product} {ergonomic}
     bool SegmentedCodeCache                       = true                                      {product} {ergonomic}
   size_t SoftMaxHeapSize                          = 4238344192                             {manageable} {ergonomic}
     bool UseCompressedClassPointers               = true                           {product lp64_product} {ergonomic}
     bool UseCompressedOops                        = true                           {product lp64_product} {ergonomic}
     bool UseG1GC                                  = true                                      {product} {ergonomic}
     bool UseLargePagesIndividualAllocation        = false                                  {pd product} {ergonomic}

Logging:
Log output configuration:
 #0: stdout all=warning uptime,level,tags
 #1: stderr all=off uptime,level,tags

Environment Variables:
JAVA_HOME=D:\JavaProgramFile\javaJdk\jdk-17.0.12
CLASSPATH=.;D:\JavaProgramFile\javaJdk\jdk-17.0.12\lib\dt.jar;D:\JavaProgramFile\javaJdk\jdk-17.0.12\lib\tools.jar; 
PATH=D:\software\Pathon\Scripts\;D:\software\Pathon\;D:\JavaProgramFile\javaJdk\jdk-17.0.12\bin;C:\ProgramData\Oracle\Java\javapath;C:\Program Files (x86)\Common Files\Oracle\Java\javapath;C:\Windows\system32;C:\Windows;C:\Windows\System32\Wbem;C:\Windows\System32\WindowsPowerShell\v1.0\;C:\Windows\System32\OpenSSH\;D:\JavaProgramFile\javaJdk\jdk-17.0.12\jre\bin;D:\SQL Files\Microsoft SQL Serve\Client SDK\ODBC\170\Tools\Binn\;D:\SQL Files (x86)\Microsoft SQL Serve\150\Tools\Binn\;D:\SQL Files\Microsoft SQL Serve\150\Tools\Binn\;D:\SQL Files\Microsoft SQL Serve\150\DTS\Binn\;C:\WINDOWS\system32;C:\WINDOWS;C:\WINDOWS\System32\Wbem;C:\WINDOWS\System32\WindowsPowerShell\v1.0\;C:\WINDOWS\System32\OpenSSH\;D:\maven\apache-maven-3.8.8\\bin;C:\Program Files\Bandizip\;D:\Redis\Redis-x64-3.0.504;C:\Program Files\dotnet\;C:\Program Files\Pandoc\;D:\path\chromedriver-win64;D:\Project\Tool\Nodejs\node_global\node_modules;D:\path\windows_10_cmake_Release_Graphviz-12.2.1-win64\Graphviz-12.2.1-win64\bin;D:\software\GIT\Git\cmd;;C:\Program Files\NVIDIA Corporation\NVIDIA app\NvDLISR;C:\Program Files (x86)\NVIDIA Corporation\PhysX\Common;D:\Project\Tool\Nodejs\;C:\Program Files\TortoiseGit\bin;C:\Users\ºî¸ß½Ü\AppData\Local\Microsoft\WindowsApps;D:\Microsoft VS Code\bin;C:\Program Files\Azure Data Studio\bin;C:\Users\ºî¸ß½Ü\AppData\Local\GitHubDesktop\bin;C:\Users\ºî¸ß½Ü\.dotnet\tools;D:\maven\apache-maven-3.8.8\bin;%M2_HOME%\bin;D:\JavaProgramFile\javaJdk\jdk-17.0.12\bin;D:\software\PyCharm\PyCharm 2024.2.1\bin;;D:\software\Clion\CLion 2024.3\bin;D:\software\idea\IntelliJ IDEA 2024.3\bin;D:\Project\Tool\Nodejs\node_global;D:\software\WebStorm\WebStorm 2024.3.1\bin;C:\Users\ºî¸ß½Ü\AppData\Local\Microsoft\WindowsApps;C:\Users\ºî¸ß½Ü\AppData\Roaming\npm;D:\software\cpolar\
USERNAME=ºî¸ß½Ü
OS=Windows_NT
PROCESSOR_IDENTIFIER=Intel64 Family 6 Model 140 Stepping 2, GenuineIntel



---------------  S Y S T E M  ---------------

OS:
 Windows 11 , 64 bit Build 26100 (10.0.26100.8246)
OS uptime: 0 days 11:19 hours
Hyper-V role detected

CPU: total 8 (initial active 8) (4 cores per cpu, 2 threads per core) family 6 model 140 stepping 2 microcode 0x22, cx8, cmov, fxsr, ht, mmx, 3dnowpref, sse, sse2, sse3, ssse3, sse4.1, sse4.2, popcnt, lzcnt, tsc, tscinvbit, avx, avx2, aes, erms, clmul, bmi1, bmi2, adx, avx512f, avx512dq, avx512cd, avx512bw, avx512vl, sha, fma, vzeroupper, avx512_vpopcntdq, avx512_vpclmulqdq, avx512_vaes, avx512_vnni, clflush, clflushopt, clwb, avx512_vbmi2, avx512_vbmi, hv

Memory: 4k page, system-wide physical 16167M (2464M free)
TotalPageFile size 24871M (AvailPageFile size 4747M)
current process WorkingSet (physical memory assigned to process): 636M, peak: 653M
current process commit charge ("private bytes"): 660M, peak: 681M

vm_info: Java HotSpot(TM) 64-Bit Server VM (17.0.12+8-LTS-286) for windows-amd64 JRE (17.0.12+8-LTS-286), built on Jun  5 2024 06:46:59 by "mach5one" with MS VC++ 17.6 (VS2022)

END.
